term,estimate,std_error,conf_low,conf_high,t_stat,p_value
treated x post,0.013799133219684631,0.004540046706613736,0.004900641674721708,0.022697624764647553,3.039425387316539,0.002370299074784699
