specification,n_pre_coefficients,mean_abs_pre_estimate,max_abs_pre_estimate,max_abs_pre_t,passes_individual_pretrend_screen,diagnostic
overall,7,0.025120343535007923,0.06868601769906288,4.405305754027054,False,inspect_joint_pretrend
beef,7,0.025472739677498628,0.052740825949090894,1.7776927463091614,True,inspect_joint_pretrend
dairy_cattle,7,0.03055887633822021,0.07249831368715977,3.1576943945760783,False,inspect_joint_pretrend
lamb_sheep_goat,7,0.11257390997975006,0.1583284305713361,4.346016840837965,False,inspect_joint_pretrend
mixed_livestock,7,0.0952244699536648,0.16461388176007918,5.345006308223149,False,inspect_joint_pretrend
pork,7,0.020327107473133457,0.034392737290427224,2.9833821246946552,False,inspect_joint_pretrend
