term,estimate,std_error,conf_low,conf_high,t_stat,p_value
treated x post,0.25480631897084954,0.1595554260264223,-0.05792231604093817,0.5675349539826373,1.596976833170523,0.1102708713926943
