term,estimate,std_error,conf_low,conf_high,t_stat,p_value,relative_time,pre_period,treatment_group
-2,-0.2206510697137791,0.21252224045892848,-0.6371946610132789,0.1958925215857207,-1.038249310929985,0.2991540007986315,-2,True,beef
1,-0.07539896119045657,0.27431380018163676,-0.6130540095464646,0.4622560871655515,-0.2748639009066667,0.7834208021798188,1,False,beef
2,0.39616991109028077,0.4348466832341135,-0.4561295880485817,1.2484694102291432,0.9110565317960356,0.36226558805318587,2,False,beef
3,0.28810397884642025,0.3665151578620969,-0.43026573056328965,1.00647368825613,0.7860629299124944,0.43183062048153453,3,False,beef
4,0.5557476475224041,0.38953558807337835,-0.20774210510141744,1.3192374001462257,1.4266928736116296,0.15366844066697966,4,False,beef
5,0.03144040891813609,0.21457229836981048,-0.3891212958866924,0.4520021137229646,0.14652594559969367,0.8835062093277115,5,False,beef
6,0.10601641395602775,0.13594266090744445,-0.1604312014225634,0.37246402933461886,0.7798612536222771,0.4354725471041392,6,False,beef
7,0.5265023060769256,0.3975994125546715,-0.25279254253023054,1.3057971546840816,1.3242029274993696,0.18543565886218766,7,False,beef
8,0.38900813016766683,0.3217410951613702,-0.2416044163486188,1.0196206766839524,1.2090719401963825,0.22663520825698044,8,False,beef
