term,estimate,std_error,conf_low,conf_high,t_stat,p_value,relative_time,pre_period,treatment_group
-2,-0.10283068335834436,0.07253915215494362,-0.24500742158203387,0.03934605486534515,-1.4175887131779268,0.15631087730384977,-2,True,mixed_livestock
1,-0.07300543953564351,0.10237296448093045,-0.2736564499182672,0.12764557084698017,-0.7131320256847951,0.47576406370789676,1,False,mixed_livestock
2,0.7399739777778999,0.4694191574278618,-0.18008757078070925,1.660035526336509,1.576360840985949,0.11494266755697401,2,False,mixed_livestock
3,0.9477541945797797,0.5008444581190032,-0.033900943333466604,1.9294093324930262,1.8923124319658309,0.0584493655079261,3,False,mixed_livestock
4,1.002588889721402,0.5761078312184515,-0.12658245946676305,2.1317602389095667,1.7402799187800575,0.08180987838819634,4,False,mixed_livestock
5,1.3373103316340305,0.5806223540173764,0.19929051775997286,2.475330145508088,2.3032360403988315,0.021265566065911293,5,False,mixed_livestock
6,1.1225872662682586,0.581073517675673,-0.01631682837606041,2.2614913609125775,1.9319195112499212,0.05336944115592253,6,False,mixed_livestock
7,1.2109772323879788,0.5768216983972326,0.08040670352940293,2.341547761246555,2.0993961145234694,0.03578199692993493,7,False,mixed_livestock
8,0.8936994144605157,0.589768150007355,-0.26224615955390007,2.0496449884749315,1.515340247603012,0.12968626083274815,8,False,mixed_livestock
