term,estimate,std_error,conf_low,conf_high,t_stat,p_value,relative_time,pre_period,treatment_group
-2,0.18992871904712355,0.4183492078782176,-0.6300357283941829,1.00989316648843,0.45399564638930123,0.6498319603150029,-2,True,lamb_sheep_goat
1,-0.6164362458747922,0.28980654501877573,-1.1844570741115925,-0.04841541763799173,-2.1270611601779215,0.033415001851323324,1,False,lamb_sheep_goat
2,-0.03501316403905515,0.25603286761723265,-0.5368375845688311,0.4668112564907208,-0.13675261447838635,0.8912263398156843,2,False,lamb_sheep_goat
3,-0.4172875134902699,0.40813961382472846,-1.2172411565867376,0.3826661296061979,-1.0224136529650119,0.3065851613148421,3,False,lamb_sheep_goat
4,-0.5592137732691225,0.38144535956456205,-1.3068466780156642,0.18841913147741918,-1.4660389994191867,0.14263766250599297,4,False,lamb_sheep_goat
5,-0.14794735012368723,0.46948548792786693,-1.0681389064623064,0.772244206214932,-0.31512656712068227,0.7526655577416755,5,False,lamb_sheep_goat
6,-0.5082507660269465,0.3906679981110065,-1.2739600423245192,0.25745851027062616,-1.3009787555788723,0.19326572661730868,6,False,lamb_sheep_goat
7,-0.5099463483501804,0.33277689488526635,-1.1621890623253024,0.14229636562494163,-1.53239709904138,0.12542447289901246,7,False,lamb_sheep_goat
8,-0.43038924107021376,0.3410782509433212,-1.0989026129191233,0.23812413077869582,-1.2618489741866707,0.20700313573054735,8,False,lamb_sheep_goat
