term,estimate,std_error,conf_low,conf_high,t_stat,p_value,relative_time,pre_period,treatment_group
-2,0.0819570078100201,0.09540577754925827,-0.10503831618652612,0.2689523318065663,0.8590361078259172,0.3903205952484152,-2,True,dairy_cattle
1,0.20277549238014414,0.11134131501872942,-0.015453485056565519,0.4210044698168538,1.8212061923827108,0.06857551953649085,1,False,dairy_cattle
2,0.10311209049479968,0.22381258281166116,-0.3355605718160562,0.5417847528056555,0.4607072989348805,0.6450086176825205,2,False,dairy_cattle
3,0.1903937783581468,0.26208766586168525,-0.3232980467307563,0.70408560344705,0.7264507382755877,0.46756249635292574,3,False,dairy_cattle
4,0.40236558532707545,0.2714114367294432,-0.12960083066263317,0.9343320013167841,1.4824931114755273,0.1382091351546864,4,False,dairy_cattle
5,0.06676317224653545,0.17181278695663463,-0.2699898901884684,0.4035162346815393,0.38858092828321567,0.6975861772005008,5,False,dairy_cattle
6,0.05181610677594326,0.1852177512965494,-0.31121068576529354,0.4148428993171801,0.2797577792259299,0.7796633460146056,6,False,dairy_cattle
7,0.1742554002810164,0.16261865389248112,-0.1444771613482466,0.4929879619102794,1.0715584965807747,0.28391838330752045,7,False,dairy_cattle
8,0.2980393145081522,0.17480462007527728,-0.044577740839391256,0.6406563698556956,1.7049853395168018,0.08819715869133964,8,False,dairy_cattle
