estimator,term,estimate,std_error,conf_low,conf_high,t_stat,p_value,pre_treated_average,treatment_group,effect_dkk_per_kg,effect_usd_per_kg,implied_tax_usd_tco2e,required_tax_usd_tco2e,required_tax_dkk_tco2e
DiD,beef x post,0.0547271204330998,0.0156951577772233,0.0239646111897421,0.0854896296764575,3.486879278940377,0.000488691895995,158.5362203535783,,8.918034267482506,1.2933497117576473,21.70049851942361,48.22639144241011,332.53543691285046
SDiD,synthetic DiD,0.1828064492084454,0.0926084050640351,0.0012939752829366,0.3643189231339542,1.973972546898328,0.04838486464222,,beef,31.79951405222064,4.6117665732050295,77.37863377860786,-7.45174381677414,-51.382009139802726
