term,estimate,std_error,p_value,conf_low,conf_high,t_stat,treatment_group
synthetic DiD,0.01971628024379323,0.035114683602896476,0.5744686587290686,-0.04910849961788386,0.08854106010547033,0.5614824973723218,dairy_cattle
