term,estimate,std_error,p_value,conf_low,conf_high,t_stat,treatment_group
synthetic DiD,-0.011768515440440067,0.0241027770359808,0.6253629422030824,-0.059009958430962434,0.0354729275500823,-0.48826388025213613,pork
