term,estimate,std_error,p_value,conf_low,conf_high,t_stat,treatment_group
synthetic DiD,-0.01003209782350981,0.018379965921263536,0.5851917377165151,-0.04605683102918634,0.02599263538216672,-0.5458169980556825,mixed_livestock
