term,estimate,std_error,p_value,conf_low,conf_high,t_stat
synthetic DiD,0.05023580879595165,0.03481880779432937,0.14908302715207875,-0.01800905448093392,0.11848067207283722,1.4427779690990197
