term,estimate,std_error,p_value,conf_low,conf_high,t_stat,treatment_group
synthetic DiD,0.1828064492084454,0.0926084050640351,0.048384864642220075,0.0012939752829366213,0.3643189231339542,1.9739725468983282,beef
