pooled_mean,draw,beta_draw,damage_draw,announcement_draw
118.68088,1,.0808026673069185,48.7730802030944,13.67074905557713
180.78201,2,.0779063937155679,74.2941531357588,13.16141188934714
105.465,3,.0621464017807896,43.3418837442,10.41557357664044
385.03143,4,.0620595631812054,158.2324702690284,10.40056338660112
78.266853,5,.1040805533343369,32.16453651685764,17.81840401786857
177.70346,6,.0775782856691721,73.0289925971848,13.10380394889978
131.10239,7,.0834705927595917,53.87782246211321,14.14123613492122
85.797783,8,.0850991025629384,35.25944660594604,14.4290404270294
93.526138,9,.0577653503481886,38.43549044934344,9.659925463815322
586.04279,10,.071866488025856,240.8400746532652,12.10397128574321
182.00578,11,.0767588431209777,74.79707350810639,12.96001192353673
368.00977,12,.0641287672143703,151.2372509180276,10.75858334551242
104.09378,13,.0438330793016808,42.77836733754639,7.278759627222305
158.7966,14,.0358350890851357,65.259031680408,5.926736421008068
162.17583,15,.095233447998061,66.6477596357004,16.23064167740751
178.37277,16,.0326425996580699,73.3040521544676,5.39007325288549
144.6284,17,.0306723221431893,59.436469908592,5.059720044639255
147.52304,18,.0563143828805469,60.6260508156352,9.410390038224204
84.118782,19,.0849948371837406,34.56944455646616,14.41059970362498
181.7562,20,.0229648346632468,74.694506141256,3.773653441854865
212.95621,21,.0571279207760117,87.51645850685479,9.55025659376572
292.90561,22,-.0040258004904342,120.3724543369268,-.6526506082910499
218.70497,23,.0942726317920365,89.87896822660359,16.05905109210723
240.52493,24,.0628248506531761,98.84609636980839,10.53288942698359
102.28101,25,.010361478805941,42.0333915958788,1.691905293318127
115.82224,26,.0588211123552451,47.59829385173119,9.841721694765868
232.28781,27,.0474274918618005,95.4609705230628,7.889909231758913
110.98846,28,.0289321359355255,45.6118042029848,4.768486686816126
94.511719,29,.0789506409293656,38.84052469883372,13.34488262996783
146.78011,30,.0570369606650442,60.3207363919868,9.534612732078395
177.18152,31,.0649337939710345,72.8144961974176,10.89807181302477
250.02625,32,.0658301099471482,102.75075769685,11.05351030343187
282.43512,33,.0486970052345452,116.0695030229856,8.106287118715978
170.45047,34,.0664785697682364,70.04830469714359,11.16605264357367
204.36041,35,.0613617837647062,83.98392957035081,10.27999841036281
195.37595,36,.0350978805330303,80.29167696688599,5.802658168012898
223.19281,37,.0493743175428651,91.7232904144628,8.221841732441467
99.97850800000001,38,.082867355241765,41.08715565025904,14.03474570650982
121.86551,39,.0259664750932464,50.0818353657388,4.273327180946442
126.18256,40,.0804017552021591,51.8559697156928,13.6001568640888
84.86277800000001,41,.0646526238987394,34.87519706334664,10.84934019583266
97.64634700000001,42,.0981079068156325,40.12873104555836,16.74497205912264
132.16776,43,.0317092001307028,54.31564678946879,5.233490542931469
87.569778,44,.0844144691705777,35.98766545850664,14.30798900728594
157.83678,45,.0584610693525469,64.8645841683864,9.779702763735436
162.98952,46,.041946322000776,66.98215358045761,6.958836776629012
227.30862,47,.041211912104242,93.4147231981656,6.834471680954297
172.64503,48,.1210169170645674,70.95018081139639,20.89738533883911
165.06454,49,.055957478199776,67.8349035506552,9.349065516783151
165.4417,50,.0447847801166862,67.98990117899599,7.440361346968148
106.51476,51,-.0087651533490562,43.7732929878288,-1.417620473948997
174.5822,52,.0784981632015175,71.746279962136,13.26536028448452
71.70658899999999,53,.0570875763028372,29.46853121064932,9.543317735354442
141.19891,54,.0705074515631906,58.0270871097308,11.86691599784908
210.96774,55,.0686579376313786,86.6992771142712,11.54482436270756
122.69978,56,.0419652682479813,50.4246868648264,6.962046345999116
82.18332700000001,57,.0719666226612535,33.77405020192077,12.12145041045591
176.63481,58,.0487193496629798,72.58982032142279,8.110097999295006
84.67796300000001,59,.0571755907238196,34.79924551312444,9.558455723636575
178.07153,60,.1066696975533882,73.18025460021639,18.28573287122766
117.58498,61,.0418031278435397,48.3227092706024,6.934581085315789
100.48905,62,-.0542978340799501,41.296967929314,-8.585144854071764
202.13036,63,.0543042787462597,83.0674684899568,9.065292736203213
183.37108,64,.1218112443536354,75.35815703227041,21.04307588002489
134.23392,65,.0563023986756422,55.1647556551296,9.408330518070176
247.56487,66,.0387430142368754,101.7392292674156,6.417057092514851
141.44931,67,.0351791036522483,58.12999146368279,5.816324202549831
135.40376,68,.071715176835201,55.6455129611488,12.0775622947546
217.67355,69,.1229774259081994,89.455095987174,21.25717938343428
183.26939,70,.052500937940276,75.3163665220732,8.756282601134401
371.43094,71,.0322797104958937,152.6432145306872,5.329179309682544
169.23941,72,.0723708766079949,69.55060762487079,12.1920332552299
247.44257,73,.050271905744108,101.6889688740916,8.37509771933459
104.48649,74,.0571257544669264,42.9397553920212,9.549884002484252
140.9261,75,.035081499046039,57.91497314486799,5.79990206797657
141.53831,76,.0848552160566783,58.16656689300279,14.38590885555658
99.488434,77,.0364723763481487,40.88575489802792,6.034070839932723
181.98326,78,.0923449831490742,74.78781869160881,15.7152922789732
120.72269,79,.0673614576973687,49.6121821956772,11.31939812483795
240.12924,80,.0945626787596332,98.68348365489121,16.11083273131617
167.76416,81,.0238694144256506,68.94433906190081,3.924078160196462
487.71527,82,.0900066555231868,200.4314088333676,15.29918528870632
98.325058,83,.0452391160112528,40.40765403667304,7.517563229522254
133.98633,84,.1091138880250835,55.0630060984404,18.72800987825212
126.94736,85,-.0252087488228389,52.1702718319168,-4.043814051324933
84.50155599999999,86,.0265822907283289,34.72674931357328,4.376025641684677
107.86498,87,.0386395994752941,44.3281792370024,6.39959531891109
140.07367,88,.0945550465967724,57.56465861435959,16.10946998060216
258.17233,89,.027060713779756,106.0984697561204,4.455855053272534
110.14497,90,.0356842766525796,45.2651636538036,5.901346007416605
128.33084,91,.096821302411114,52.73882660669919,16.51457559982689
113.14455,92,.0822843688189413,46.497870690654,13.93189125683121
114.99008,93,.0226499929874713,47.25630947799041,3.721329585110265
129.98201,94,.0703574740169176,53.4173912317588,11.84077530638364
90.060135,95,.0303380353835738,37.0111022723838,5.003735286651713
225.18932,96,.052983129790669,92.54377592448159,8.838853657621867
95.365616,97,.0945641108448242,39.19144210748608,16.11108843654642
153.34853,98,.0947421122144364,63.02009348697641,16.14287423061882
104.3952,99,.0886363146431972,42.902238864576,15.05578400031766
163.95123,100,.0331927306181894,67.3773778066524,5.482429111332531
139.8111,101,.0821068454686678,57.456752878668,13.90058328160391
186.89285,102,.0915587963740719,76.805463208858,15.57528122001152
208.78304,103,.0515174268741194,85.80145306443521,8.587988471972206
193.93622,104,.0758490851378626,79.70000569885359,12.8005097235322
98.55487100000001,105,.0506926765661791,40.50209795957548,8.446988334032582
100.05972,106,.0552602604242727,41.1205305240336,9.229330416673992
169.69017,107,.0236781086355074,69.7358519003796,3.892254119162397
164.71515,108,.0576802922578703,67.691318278182,9.645287295797486
137.92595,109,.0381676022573672,56.682031860886,6.319920641887478
228.2332,110,.0873352279790186,93.79468848401601,14.82499219307719
188.5499,111,.0319565816139845,77.486444278012,5.274975862131837
89.53312699999999,112,.1267161825819149,36.79452312794475,21.94527711996663
167.41455,113,.0527425059144684,68.800663378254,8.797643986693201
123.8168,114,.0650424038737529,50.883737269984,10.9168994490755
99.87784600000001,115,.0439396421468295,41.04578760681848,7.296846680118819
444.62579,116,.0823118040122356,182.7233613033052,13.9367302167634
151.89798,117,.0739655655026577,62.42397563304239,12.47074480576741
172.5105,118,.0869405846965181,70.89489437874001,14.75504816715062
203.45067,119,.1192803582126342,83.61006292911961,20.57927934819792
113.61374,120,.0947675731917876,46.6906889567512,16.14742127269296
196.03346,121,.0642947038556658,80.5618871975848,10.78732630581919
134.73686,122,.0012462978387222,55.3714438171768,.2025792211185192
139.16637,123,.0743817355931635,57.19179471523559,12.54355404145501
196.67673,124,.0807770690849485,80.82624535959239,13.66624090107652
93.68536400000001,125,.0599915335950468,38.50092594719632,10.04348605484228
191.52679,126,.0064406963444275,78.70982663518519,1.04962593049915
96.561241,127,.0569515927372959,39.68279601401107,9.519931941746037
166.24484,128,.0213680981307121,68.3199594970192,3.508460183801988
120.49459,129,.0833532105906207,49.5184422470492,14.12050944950576
134.74086,130,.0333608908814618,55.3730876566968,5.510669957900359
136.31885,131,.0645881249692827,56.021578237738,10.83816335219306
139.70634,132,.1261287189790265,57.4137007216392,21.83698722303519
194.64238,133,.0610443427692502,79.99020912771441,10.22517758577074
109.52612,134,.0804280906329,45.0108411320656,13.60479311124801
111.15659,135,.0615143631992058,45.6808988876092,10.30635447806955
133.04985,136,.0875108222592182,54.678150390018,14.85612226327084
157.56018,137,.0412698619531555,64.75091266557841,6.844281599348337
91.234756,138,.0592117818622202,37.49382437758928,9.90904143498722
169.03999,139,.0427744719460834,69.46865400560119,7.099185437587765
204.8078,140,.0891915736444094,84.16778891106399,15.15436945535169
372.30353,141,.0253359884175822,153.0018140123764,4.168247558094313
134.01807,142,.0677997041324693,55.07604996503159,11.3955657939979
138.26941,143,.0371249189584039,56.8231801412708,6.144045525781493
145.85312,144,.0276452561986897,59.9397806928256,4.553443338290284
86.646461,145,.09783499060478,35.60821921498468,16.69607528697443
86.114502,146,.0679962109366657,35.38960540817976,11.42972971418579
152.53941,147,.08783009772456,62.6875776288708,14.91273872732411
87.83635700000001,148,.086831598718862,36.09721873235716,14.73573706008647
109.71333,149,.1045261106024625,45.0877769312004,17.89873892472044
138.25494,150,.0465421108726703,56.8172335518072,7.739165992426164
106.1073,151,.0994598957427044,43.60584327512399,16.98739675970652
183.23303,152,.1134891322312398,75.30142402083639,19.52241616668701
114.54443,153,.023469869034459,47.07316520746841,3.857620029733891
154.33649,154,.1089368457031014,63.42610541002119,18.69593768873187
157.56502,155,.0589640745997966,64.7529017113976,9.866353740584362
159.30313,156,-.0085272809025045,65.4671951884244,-1.379312292757585
162.30592,157,.0585144651910338,66.70122140648959,9.788899012744295
401.42896,158,.0619187868730094,164.9711972301248,10.3762327470033
84.706795,159,.003678488746548,34.8110943083846,.5986470506137681
100.10938,160,.0535293907008537,41.1409387916744,8.932444084086869
272.40509,161,.0761530465232198,111.9475630977892,12.85378523861394
126.94261,162,.0908049563366431,52.1683197724868,15.44113408786115
137.81335,163,.0507364007145377,56.635757778398,8.454460539413914
108.57001,164,.0859843088332563,44.6179182811988,14.58567844654048
115.8443,165,.1184309217381801,47.60735962668399,20.4238791157776
270.90015,166,.1156254740332732,111.329093135982,19.91157314497822
98.751419,167,.0950597317652386,40.58287130206972,16.19960577059839
320.4559,168,.0730176564701266,131.694518209292,12.30502055056191
112.96429,169,.0599738848217568,46.4237910626852,10.04044189760546
155.02995,170,.0390375353109754,63.711089648406,6.466797416053986
88.209793,171,.0806576249155987,36.25068594610484,13.64520687295974
93.94798299999999,172,.1040025601804255,38.60885181992203,17.80434536997868
95.986687,173,.0667395461012821,39.44667737111756,11.21136654640291
169.06094,174,.060363268108323,69.47726361508718,10.10761734797741
162.83487,175,.0673814233649916,66.9185986350156,11.3228674521789
125.04208,176,.0624657663463808,51.3872781917504,10.47078746280099
119.84763,177,.061185174473265,49.2525676430844,10.24949652535464
159.34007,178,.0293401714932398,65.48237604639159,4.836729053724988
164.13448,179,.0859936309212676,67.4526862046624,14.5873287360192
78.416878,180,.0389049656249681,32.22619077285464,6.444406512262915
102.74443,181,.0908487541830968,42.2238386234684,15.44892522332887
160.39169,182,.062100870248083,65.91454967539721,10.4077032162551
127.14377,183,.0627903912690773,52.2509884619476,10.52692886908316
93.19538900000001,184,.0656788113435318,38.29956587999332,11.02726243040408
100.96501,185,.0517669555431557,41.4925683937988,8.630671062173892
159.25832,186,.0051196650408164,65.4487800762016,.8337889593129715
133.24959,187,.0777805462795808,54.76023551644921,13.13931384919713
96.154518,188,.0428507141395556,39.51564917873784,7.112112238263578
109.42545,189,-.0040420806873203,44.969469800946,-.6552845740900138
114.98859,190,.1058591079287688,47.2556971477692,18.13929497094608
132.37038,191,.0551757102110401,54.3989154803544,9.214816054005238
162.69699,192,.0402809420736998,66.8619354867612,6.676952276355502
225.49718,193,.0000161431386907,92.67029403313839,.0026223694707693
74.001312,194,.0541765785839962,30.41157029936256,9.043392431104536
212.49188,195,.0485950385609,87.32563750577441,8.088897608585027
189.20151,196,.0459785955073989,77.75422984541881,7.64329244851359
198.30397,197,.0621980759521997,81.49497571472359,10.4245061579622
211.77472,198,.0615901466903675,87.03091351823359,10.31944656287851
553.65363,199,.0306445733533342,227.5294293463644,5.055072096864913
210.83156,200,.1427964676562219,86.64331259781279,24.93426908853245
208.12769,201,.013261484435164,85.5321305070772,2.168589816092736
107.66757,202,-.0028706511076062,44.2470516470916,-.4656499970903236
138.86031,203,.0586262424345992,57.0660163343628,9.808151754000948
126.33427,204,.038202522894826,51.9183164390876,6.325814071783
146.79814,205,.0643950008127653,60.32814599862319,10.80470170410996
226.08884,206,.0383841698141427,92.91344255573919,6.356473286237593
258.53632,207,.0782815534091781,106.2480550428416,13.22730414180752
85.832565,208,.0968777652278121,35.2737406124922,16.52468036335435
146.31357,209,.0799380186077084,60.12900716957159,13.51853789431646
208.56108,210,.0498938132541216,85.7102364094704,8.310524690146737
167.4594,211,.0380003586887062,68.81909492887199,6.291698401549244
88.907837,212,.1080804388182627,36.53755402457956,18.54087501623114
115.79919,213,.0853594210529517,47.5888212264972,14.47508961885944
97.778069,214,.0814799866917819,40.18286350287173,13.79007507162846
107.91487,215,.0704688971324976,44.34868202541559,11.86019568769994
187.7874,216,.0889910331936787,77.173087369512,15.11875746510263
234.38632,217,.0460053565667019,96.32337394084161,7.647844212745049
136.99536,218,.05452330591322,56.2995967061568,9.102861940180007
148.71837,219,.0621058022968657,61.1172834889956,10.40855572903206
419.46783,220,.0461600674291672,172.3844490806604,7.674161230413299
139.84984,221,.0477159306772326,57.4726734644192,7.939047091168999
109.52244,222,.0985992970834319,45.0093287997072,16.83304517854362
292.53793,223,.0568477546553665,120.2213526082484,9.502076513585022
126.47379,224,.0640193633199211,51.97565356154519,10.73963539717516
137.32022,225,.0796254213567886,56.4331011327736,13.463541234494
95.973747,226,.0941238594178382,39.44135955027036,16.032496815836
167.64813,227,.068941712341793,68.89665538702441,11.59420486143413
171.1879,228,.0787011082216628,70.35135884145201,13.30102314580641
125.22713,229,.0682456173440569,51.4633263175444,11.473100225441
107.11718,230,.0702919050897115,44.0208634387384,11.82934804662452
113.45109,231,-.0093849866326704,46.6238463322692,-1.517398761059943
156.21971,232,.0597948320293779,64.2000332752348,10.00956092698296
101.32839,233,-.0074945018234907,41.6419029949932,-1.212882618899178
99.26016199999999,234,.0068080615045437,40.79194426430055,1.109698650583775
191.58661,235,.0562168365016406,78.7344102552068,9.393627129002963
180.92818,236,-.0132058167342546,74.35422314141839,-2.131096971760951
195.23338,237,.0847529182654387,80.23308641679441,14.36782052057342
103.04587,238,.0742089374780449,42.34771836969559,12.5133192168896
252.91391,239,.0785239996581583,103.9374701039308,13.26990003804704
168.19138,240,.0633534704754035,69.1199093418344,10.6243523592434
80.94328299999999,241,.082155101321045,33.26444186848603,13.90909312203656
160.44061,242,.0049914391739034,65.9346538327268,.8128539268097746
88.208252,243,.0367941868271038,36.25005265692976,6.088297419633571
116.13719,244,.084272206828374,47.7277256659372,14.28284571186396
235.45468,245,.065732896740799,96.7624270382384,11.03664492041696
132.19618,246,.0919585457329286,54.3273262692584,15.64645834799985
136.33438,247,.0100609968234552,56.02796044467441,1.642592963849026
154.00655,248,.0821116628603102,63.29051330721401,13.90143280226883
93.982567,249,.0677742023803049,38.62306445641196,11.39113264919255
127.41254,250,.099501761092562,52.3614421488952,16.99490885514063
241.58302,251,.0696452242720065,99.2809289092376,11.71668555681488
97.813095,252,.0899553849153284,40.1972577836286,15.2900725456739
101.59921,253,.0938065322926409,41.7531991496948,15.97587051889043
448.24286,254,.0709797897196165,184.2098319564568,11.9492689164356
280.00162,255,.0445764223734399,115.0694321550056,7.404968411755143
91.99138600000001,256,.0873520221025818,37.80476895159368,14.82796928740628
81.76919599999999,257,.1163390260873844,33.60385897585648,20.04173943234688
131.34106,258,.0712870058588061,53.9759062566728,12.00285342693901
164.74561,259,.1248336811999255,67.70383611612681,21.59849146554798
166.34541,260,.1228947196083435,68.36128973215079,21.24198680641583
109.34873,261,.0360274858044719,44.9379409589524,5.959133422790411
165.15921,262,.0693184255484749,67.87380912249481,11.65977952222873
96.941727,263,.1285929775459498,39.83916049491276,22.29166203453773
326.22522,264,.0756930266060145,134.0654772641736,12.77316353109335
191.54948,265,.0907443886873516,78.71915131486239,15.43036035867311
128.14232,266,.0377175401449356,52.6613524501216,6.243983699866626
195.60332,267,.0565910349622356,80.3851169148016,9.457940357865519
130.99312,268,.0452393592656239,53.8329168760256,7.517604573304182
378.89154,269,.077353164214079,155.7092218114152,13.06428892746277
192.0874,270,.0199412146989827,78.94021485351199,3.271834908526309
141.81035,271,.080253505645597,58.278364418758,13.57406040121174
249.59509,272,.0575364245186528,102.5735682349892,9.620531048722377
137.7823,273,.0884795782592153,56.622997474124,15.02796558108031
126.58142,274,.064208463113018,52.0198851734296,10.77238739299708
333.62546,275,.0479383634315855,137.1066790065448,7.976949970558565
89.877441,276,.0556282296707239,36.93602236806709,9.292512370589527
188.8866,277,.0634351760524662,77.62481446960798,10.63849354748375
134.30634,278,.0724501627887707,55.1945173696392,12.20587999034967
102.38184,279,.0509553599868666,42.0748286805792,8.491884334295605
114.1767,280,.0348737774721909,46.922042930796,5.764957908604075
319.06104,281,.0390777640058832,131.1212867110752,6.473592594438074
122.81633,282,.0618221776321576,50.4725842388404,10.35953756816536
96.27623,283,.0257874677007344,39.5656679276524,4.243486303444721
189.25467,284,.0496624249974036,77.7760764726396,8.271018779745903
140.70686,285,.091405831897509,57.82487430077681,15.54805274951415
205.12897,286,.0937581692873908,84.2997768957236,15.96724182953224
89.988693,287,.0370188439121426,36.98174247663684,6.126163540195711
178.9912,288,.1173666597601818,73.55820207305599,20.22936381978756
167.84085,289,.086873373081744,68.975855575098,14.74313876534713
285.81165,290,.0601568114276929,117.457121386602,10.0719966897075
197.4713,291,.1218379962836503,81.15278175144401,21.04798456630675
128.51921,292,.0550866794282704,52.8162391192948,9.199533858107081
128.59424,293,.0313820071468819,52.8470734390912,5.178636775269935
98.81912199999999,294,.0842450101335044,40.61069451882536,14.27803940412544
162.17676,295,.0919435695946692,66.64814182838879,15.6437912678037
125.53935,296,.0170883876704533,51.591636211278,2.799751365966483
153.52628,297,.0594144129628762,63.09314160564641,9.943968963188464
342.69165,298,.0961303875002006,140.832519361002,16.39097348599158
304.21661,299,.0253105759834793,125.0208215396068,4.164013601278827
126.79671,300,.0471860789049947,52.10836072599481,7.848793497630283
172.16322,301,.0336848157912422,70.7521762316136,5.565083316805877
118.19011,302,-.0112028106456988,48.57139342278681,-1.809668404240181
190.85548,303,.0045327915471356,78.43394515814239,.7379939459489869
105.82788,304,.1458859046616797,43.49101286545439,25.51405611675554
128.10657,305,.0871558483539411,52.6466606344116,14.79319668529102
116.36115,306,.0436095926565543,47.819764240662,7.240833202092614
240.48793,307,.1353914423346368,98.83089085424841,23.55185651822833
233.06511,308,.089201190781125,95.7804096377868,15.1560774467667
150.86235,309,.1269873409336092,61.99837325251799,21.99528246216927
141.02116,310,.0715279340359859,57.9540389910608,12.04488753757103
101.50134,311,.0601516504232758,41.7129785062392,10.07110633865137
277.15604,312,.0361143797384126,113.9000129396752,5.973767227786797
144.76276,313,.0561773853452048,59.49168647806879,9.386848088474654
101.99561,314,.023553384447536,41.9161036461268,3.871509318278031
143.91974,315,.096044504568774,59.1452390800312,16.37561531479543
187.85408,316,.0801734407938498,77.2004901743104,13.55996814373091
122.22894,317,.0894952411251654,50.2311905149272,15.20830834895098
159.20502,318,.0695079249277096,65.42687591459759,11.69277511600344
129.72156,319,.0286416389014141,53.3103567310128,4.719919148944556
129.91319,320,.0754184889839498,53.38910897281719,12.72506656143199
96.62578600000001,321,.0882038627877277,39.70932141946568,14.9790406912053
91.05777,322,.0656185027209847,37.4210902322676,11.01680096180767
96.66980700000001,323,.072707267116877,39.72741228434316,12.25078888037662
175.5638,324,.0459214363340143,72.14967818034398,7.633570704645173
96.73275,325,.0055671981854739,39.75327933206999,.9068773212265276
123.55369,326,.0003690049243863,50.7756096159572,.0599535204250398
129.28801,327,.0738440263612376,53.13218507503881,12.44948716780783
231.87202,328,.1165533785532321,95.29009751455759,20.08085979072731
155.3642,329,.0656358640251507,63.848452988296,11.01981248537632
194.3541,330,.0473347425999632,79.87173761350799,7.874111664368558
170.21266,331,.0668330156615586,69.95057432808079,11.22759875106699
129.39038,332,.0668034409194939,53.1742550379544,11.22246254841956
142.70547,333,.0405756783561982,58.64622282654359,6.726805562647759
175.87228,334,.0432054579627494,72.27645108412639,7.172271722150371
160.06699,335,.0454322637907434,65.7811110023612,7.550394006217693
219.49536,336,.0967543551702126,90.2037868061568,16.50259524998932
148.29617,337,.0286882897277803,60.9437762276596,4.727717643511577
119.65302,338,.029996004244627,49.1725907408376,4.946472903863727
102.81753,339,.0486758692764188,42.2538797906964,8.102682423187579
93.413788,340,.060611152294652,38.38931910682544,10.15039534851762
133.1778,341,.0047859059186535,54.73073270666399,.7793027604944016
198.27307,342,.0453400920908578,81.48227705443159,7.53472610009393
250.42943,343,.0164331648697037,102.9164485012684,2.691515668741774
114.45779,344,.0946267439696537,47.03755964346519,16.12227221998144
202.78329,345,.0332905997714006,83.3357965244052,5.498864686219592
89.904968,346,.0481044438678206,36.94733486068384,8.005255827337542
103.42858,347,.0494078053418701,42.5049968253704,8.22755703553343
120.63822,348,.0260975558156016,49.5774684146136,4.295181978298949
320.62424,349,.0681094877798742,131.7636991954912,11.4494266428343
275.14169,350,.0555971082451627,113.0721959053972,9.287167783547359
109.46126,351,.0938277341048943,44.9841862742488,15.97965337345341
153.37445,352,.0467956020299873,63.030745567066,7.782311267189116
110.76025,353,.0527773876859068,45.51801904877,8.803617286083167
206.46782,354,.0560999615292063,84.84999053106159,9.373544840522824
99.891518,355,.0823646012863795,41.05140625029784,13.94604285912938
187.90001,356,.0014037508150968,77.21936556159881,.2281903500645074
264.34879,357,.0176291605645124,108.6367470165452,2.889134614940742
166.13496,358,.0778496550936715,68.2748032254048,13.15144859005764
201.29433,359,.073170830920946,82.72389370148041,12.33178961270635
173.02231,360,.0347687131716774,71.10522775492279,5.747286130680306
108.59676,361,.1186966526872864,44.6289114579888,20.47247910079676
566.74854,362,.0852329390437085,232.9109119885752,14.45271401248171
130.9478,363,.0564277296804605,53.814292174264,9.429870233188439
202.24702,364,.1044174881271024,83.1154110695576,17.87915076580893
180.62074,365,.1093316582412317,74.22787763591121,18.76746793813681
167.02086,366,.0866534730392892,68.6388725830968,14.70417969484161
138.99498,367,.0261443385965794,57.1213603014024,4.302982661032656
119.05231,368,.0442876992082486,48.9257230313228,7.355936296710047
122.34337,369,.0510351865362729,50.27821665399559,8.505530062588894
480.82776,370,.0666014785515545,197.6009185502688,11.18739209653524
117.34935,371,.0801108973853208,48.225874794078,13.54896062977495
124.94926,372,.0922855884535055,51.3491328956888,15.7047109046812
341.35086,373,.0420427328752191,140.2815084634968,6.975169793493906
102.85435,374,.0380312969516632,42.269011333478,6.296918856921993
194.44722,375,.0028662405111155,79.91000619753359,.4662701052922179
74.856262,376,.0814266409942007,30.76292044876856,13.78067401821336
277.19919,377,.0684576142173792,113.9177458584972,11.50997391397562
100.40028,378,.1078515581682398,41.2604870207664,18.49945593000465
130.30885,379,.0418701225204625,53.551709358938,6.945928896723484
158.68919,380,.0030694184967732,65.2148904796972,.4993731514766022
110.06088,381,.0345531280656159,45.2306060374944,5.71103060569828
216.74509,382,.0002110021444346,89.07353617698919,.0342795478822526
261.2756,383,.0366388114815802,107.373789222928,6.062113764167655
106.0931,384,.079818369920867,43.600007644828,13.49748552439181
119.94318,385,.0720770469510004,49.2918348596184,12.14072768786345
131.43121,386,.0150459084361267,54.0129542898548,2.46258985151999
208.16393,387,.0421434379175596,85.54702369312839,6.992231969128038
228.14542,388,.0571056142357439,93.7586144257496,9.546420050409056
197.38995,389,.0858147135591583,81.11935016520599,14.55565767653865
74.892746,390,.0764965484094174,30.77791390903048,12.91401053743734
140.45688,391,.0457371068497785,57.72214254997441,7.602223371084019
138.66161,392,.0246913705964014,56.9843586062068,4.060881251087994
165.78613,393,.0523101417838845,68.1314480904644,8.723621452361479
96.28006000000001,394,.0873664415871887,39.5672419039928,14.83052546937477
133.30975,395,.0652280094293333,54.78495886283,10.94907909267232
139.51695,396,.0228465803732129,57.33586902996601,3.753998709938864
94.62415300000001,397,.0457504828797624,38.88673056198164,7.604497923284234
154.57419,398,.0584130555964816,63.52379057349719,9.771433878347075
143.12148,399,.0945660114595898,58.81718624622239,16.11142780039787
155.85724,400,.0425609603865922,64.05107264753119,7.062989973946125
91.52362100000001,401,.0329578332471456,37.61253630332548,5.442988379342315
183.92424,402,.105444527249262,75.5854835994912,18.0644443408855
330.68143,403,.0650732176500603,135.8968007910284,10.92224142062367
168.66096,404,.0572946404495614,69.31288788228478,9.5789337308317
72.012726,405,.0695407409922128,29.59434123543288,11.6984896777244
204.11899,406,.0806233060926756,83.88471563612119,13.63916381875246
92.873543,407,-.0192982148803733,38.16730008645484,-3.104814941888832
232.61772,408,.1149139485219336,95.59655029707359,19.78186899207633
248.36761,409,.052644129238898,102.0691232014868,8.780798678674104
95.387497,410,.0583449344898513,39.20043432062036,9.759702804549352
120.76442,411,.0264727574176935,49.6293315514696,4.357754345034627
144.04131,412,.0884401315871119,59.19519947264281,15.02096505957862
173.47021,413,.048976994572767,71.2892966851748,8.154045932557567
125.20415,414,-.011059420548484,51.453882459502,-1.786633448911876
214.46605,415,.0237011852123598,88.13694217207399,3.896092623771721
112.2625,416,.0615295516685572,46.1353835285,10.30897830419901
107.45573,417,.0931561713715748,44.1599939061124,15.85987124325663
149.61046,418,.1063457033885347,61.48389668834479,18.22718713199922
130.29135,419,.0754570750019923,53.544517561038,12.73182575015291
106.11427,420,.0851086292146657,43.6087076654876,14.43072543835748
82.40094000000001,421,.0260517233855831,33.8634804142872,4.28754011344388
186.26581,422,.1046159033056681,76.54777492570278,17.91493307087358
155.43654,423,.0210390097696152,63.8781818260152,3.453856303225285
181.36644,424,.0743060261370587,74.5343304184272,12.53030636659999
321.26541,425,.11535515518289,132.0271943417508,19.86228578726246
133.76761,426,.1121282927710867,54.97312095348679,19.27495815120253
153.74495,427,.0922818034692646,63.18300620260599,15.70403661770343
297.24408,428,.0777238622477528,122.1553914475104,13.12936138821985
111.63661,429,.0596112657557493,45.8781678492068,9.977907262545482
169.31606,430,.0892767490811553,69.58210769967279,15.16949707755884
228.1151,431,.0541323542000228,93.746154122188,9.0358086956509
81.105225,432,.0372304156302052,33.330993533373,6.161831891241667
84.97762299999999,433,.0596570321049166,34.92239375076524,9.985798542454789
220.25795,434,.0021327352639724,90.517180701046,.3468187324707711
85.72753899999999,435,.0496360300674292,35.23057914013531,8.266512840865028
154.27803,436,.0537487663057683,63.4020806954364,8.970043914394779
118.98388,437,.073476794568903,48.89760104673439,12.38527268612495
236.79059,438,.0633387617061874,97.3114324515292,10.62180676254283
140.5294,439,.1305262535498094,57.751945360472,22.64915158443774
146.37256,440,.1647499442879096,60.1532496928928,29.0933491391935
97.42630800000001,441,.0486994026922186,40.03830384452304,8.10669600515455
98.015404,442,-.0256115206762301,40.28039866599152,-4.107600148766159
122.30347,443,.0893735498497004,50.2618193547836,15.18669098648244
257.35837,444,.0767322555707771,105.7639648521956,12.95534843527024
188.69438,445,.0809779526494586,77.54581976147441,13.70162201160534
136.2841,446,.1130775698904735,56.007297381908,19.44754124816237
78.638092,447,.0719427994553014,32.31710085174896,12.11729176270377
132.58214,448,.0166950787174232,54.4859403445432,2.734772486369587
115.39792,449,.0271776864496231,47.42391535544959,4.47537886085312
135.20761,450,.0600052734977128,55.56490318068679,10.0458560258249
108.56608,451,.0399230017542846,44.6163032088704,6.616428072464892
123.56864,452,.1025265120424067,50.7817534661632,17.53848709911527
99.93868999999999,453,.1535389241576313,41.07079204975719,26.95801741048537
107.12457,454,.0559205865139569,44.0239004322516,9.342727915523486
116.39848,455,.0742164052563743,47.8351053729824,12.51462576067511
190.89284,456,.0640666285447501,78.44929861925921,10.74782113149241
232.71307,457,.0798638289919275,95.63573532163159,13.50548382094912
178.17084,458,.0657993680592214,73.22106702589919,11.04817675909282
130.65593,459,.0617817995599118,53.6943453140884,10.35256025461015
111.80795,460,.0781971520830273,45.948581715046,13.2124779168049
112.07336,461,.0332561003531375,46.0576545767968,5.493070871521227
182.64975,462,.0629038203721165,75.06171934203,10.54654986494652
95.315445,463,.0661357231216601,39.1708238393466,11.10654138531227
172.97182,464,.0717864127106901,71.08447839058159,12.0899948998004
292.4407,465,.0481109081213318,120.181394979116,8.006357655008962
250.76924,466,.0692503811977334,103.0560967780912,11.64793317916122
130.69267,467,.0475499420573605,53.70944398007959,7.910767870763335
92.629631,468,.008247518772723,38.06706204020428,1.345296048220102
161.63933,469,.0486691874468847,66.4272796600804,8.101542866329448
121.85589,470,.0974082009458079,50.0778819316932,16.61963667212789
131.74519,471,.0323525688907895,54.1419874729772,5.341403404712014
167.35217,472,.048758103172986,68.77502770093959,8.116707678785504
120.23711,473,.0944553349324712,49.4126282971468,16.09166705220564
227.94899,474,.1037099466433654,93.6778895765212,17.75161011987577
95.54978199999999,475,.0280057373192377,39.26712694474615,4.613653443115552
112.84969,476,.0598588936057695,46.3766950604372,10.02060889719691
114.3396,477,.1262278673212197,46.988988295248,21.85525923582285
222.2668,478,.0687192356208598,91.34273745598399,11.55548982541189
127.18568,479,-.0209699269170007,52.2682117905184,-3.370960854645998
105.36025,480,.0613171811646876,43.29883569677,10.2722946640753
128.41962,481,.0716360362057304,52.7753116248456,12.06375113281104
187.52264,482,.042759110686096,77.0642816316832,7.096581067983927
423.06052,483,.0555926770746535,173.8609005319376,9.286406817265471
191.03329,484,.1639770116410992,78.5070179344052,28.94536123817053
118.4445,485,.1067243642577774,48.67593750666,18.29561301403026
162.84219,486,.0654311926473268,66.9216068613372,10.98431313869009
251.29054,487,.0278943287074637,103.2703301635352,4.595042871826633
226.6873,488,.0904652189054026,93.15938560552399,15.38071027645908
83.67714700000001,489,.0774062173206234,34.38795028986236,13.07360040905182
138.44653,490,.0521908078273462,56.89596935521639,8.703196618622597
141.08923,491,.0474918218493008,57.98201303009239,7.900867131714554
90.40300000000001,492,.0692683162663321,37.15200603164001,11.65105554935123
270.6134,493,.0943361141154088,111.211250390392,16.07038320986246
195.2211,494,.0887495182218278,80.22803982946799,15.07587869432958
105.66279,495,.0310014755641221,43.4231674988652,5.114863384569851
83.98567199999999,496,.0354293463876339,34.51474168683936,5.858435275481199
205.77814,497,.0885248465196062,84.5665597210232,15.03599958843112
176.88992,498,.1194339563048362,72.69466029640959,20.6073934603881
96.15681499999999,499,.0844302053492681,39.51659315358219,14.31077042253047
109.37859,500,.2102962071780808,44.9502122209692,38.01885666336786
234.6862,501,.0617233923092668,96.44661258965601,10.34246800525964
164.71332,502,.0439102443332886,67.6905662216016,7.291856757758284
110.29853,503,.0732446751025458,45.3282706529764,12.34469622908576
103.81156,504,.0730112348640658,42.6623862402128,12.30389838786534
178.43146,505,.0848758479508477,73.32817138982479,14.38955721929514
101.90092,506,.0737730432247518,41.8771898550896,12.4370731540694
103.89098,507,.0769669669333005,42.6950246738824,12.99652137481213
95.581406,508,.087046477639164,39.28012313999128,14.77381323869947
190.98558,509,.0739458293338836,78.4874110385304,12.46729270234352
200.36354,510,.1213632293351589,82.34137635477519,20.96088954024108
136.08398,511,.0739977882775267,55.9250560907224,12.47638111961473
195.26323,512,.0123509742567273,80.2453535692124,2.018777026223186
82.84807600000001,513,.0550418166623536,34.04723537119088,9.191833648600884
147.39543,514,.0265535167243162,60.5736082253484,4.371225644410839
140.93825,515,.0716007468189348,57.91996630741,12.0575929868119
191.91061,516,.0972137285655096,78.86756125632679,16.58481721926811
82.618736,517,.0382575551579479,33.95298583231168,6.335102085857558
112.67567,518,.0923440455166072,46.3051798221196,15.71512523156301
85.291786,519,.0380289472594991,35.05150213954568,6.296522369296278
89.146805,520,.0412101757282595,36.63576028518339,6.834177750966967
94.704643,521,.0712513227015576,38.91980872272284,11.996628740554
115.78648,522,.0774558010047788,47.5835979264224,13.08230341037223
110.41589,523,.042371869201653,45.37650090449321,7.030940816954081
119.30118,524,.0845247807265983,49.0279986166584,14.32748781694057
81.153938,525,.0274372642821498,33.35101262200744,4.518712931371368
152.55022,526,.0758277080606177,62.69202010517359,12.79676355837165
236.65637,527,.0629045454475048,97.2562734164356,10.54667529583545
226.79176,528,.0421190101273297,93.2023144745888,6.988093078626104
86.084045,529,.0704293151139706,35.3770888031146,11.85329653126136
179.98407,530,.0610080791298303,73.96623180911159,10.21891610384451
99.419426,531,.0813115826938008,40.85739537862888,13.7603991281558
223.43167,532,.0017635398967305,91.82145229139959,.2867283860814179
259.19821,533,-.0066920392388526,106.5200652778148,-1.083449137523574
128.66486,534,.0406572763480016,52.8760954258168,6.740610084848263
198.92607,535,.0507873726669738,81.7506338560716,8.463171765260842
349.7822,536,-.0118404153681576,143.746450938136,-1.91205666275864
181.62032,537,.061375231621189,74.6386649127616,10.2823211870939
137.72963,538,.1236089325587495,56.60135221724439,21.37322423572676
155.5179,539,.0510669876188061,63.911617521852,8.510966513942886
112.52666,540,.0605865568336958,46.2439426904008,10.14615037376725
152.69975,541,.0866956288525698,62.75347093603,14.71164765768304
99.499863,542,.0761772538086791,40.89045175849644,12.85802876193114
358.46573,543,.0679190681154767,147.3150333849124,11.41631715837118
140.76692,544,.0794766973769158,57.8495565511696,13.43738158130195
100.80314,545,.0910197918337978,41.4260463180232,15.47935413174071
158.42055,546,.0718172541828198,65.10449021753399,12.09537785340461
95.94592299999999,547,.0681732165609594,39.42992500256923,11.46050898161547
91.084373,548,.0504162737714308,37.43202299795524,8.399760246683224
145.14351,549,.0130170813960475,59.64815945237879,2.128363031676823
101.35349,550,.1138980908623886,41.6522180879812,19.5968479263717
188.5096,551,.0607332240792914,77.469882594848,10.17146548202804
174.15007,552,-.0476652580034382,71.5686918691916,-7.561275771623319
252.23616,553,.022242745858507,103.6589420452608,3.653673203757508
275.80838,554,.0409870243842437,113.3461787477944,6.796407419174317
93.723068,555,.0507799128805213,38.51642077851184,8.46189684257782
190.13362,556,.1010443631183969,78.1372896591656,17.27192454956202
82.64419599999999,557,.0936929570327061,33.96344887085647,15.95560764071627
210.4433,558,.0309244478332384,86.48375331480399,5.101957239429121
133.76122,559,.0687189616678679,54.97049491985361,11.55544215786854
224.28769,560,.0565835792625553,92.17324216787721,9.456658716965716
155.9429,561,.0686965604457724,64.086275470852,11.55154441208652
220.20265,562,.0751231573330395,90.494454619682,12.67334137141893
89.466774,563,.1046873176926541,36.76725470702712,17.92781371930277
180.19341,564,.017463206720164,74.0522621503908,2.861699301548763
179.62866,565,.0865864508749748,73.82017255816079,14.69230727033648
183.85414,566,.084457343436342,75.55667531190319,14.31556726099569
151.81863,567,.0727301293250774,62.3913659665644,12.25478282373721
309.0119,568,.1163461381186317,126.991493342572,20.04303727784314
387.53561,569,.0739384067688144,159.2615877813268,12.4659944202588
125.09878,570,.1283670348347896,51.4105796169464,22.2499271812427
330.97183,571,.0635601104432737,136.0161435401804,10.6601187944897
154.11111,572,.0716063948735652,63.3334832722668,12.05857858142546
330.9646,573,.0862305367724158,136.013172300248,14.62927334864568
150.41354,574,.0483476831882027,61.81393034877521,8.046720714944493
134.0815,575,.0588651567528128,55.10211715022,9.849310061643154
76.99851200000001,576,.0363674293264675,31.64329925169856,6.016390546113002
73.75132000000001,577,.0328851253379536,30.3088336170416,5.430782145945184
138.12988,578,.0489628507890621,56.7658389092144,8.151633054520524
194.81018,579,.0110259952247437,80.05916819557841,1.801012227286245
261.57605,580,.0483765070655094,107.497262118874,8.051634975604641
103.2997,581,.0032771085949509,42.452032316036,.5332182918856322
168.80104,582,.0698060661385939,69.3704551422752,11.74470006256739
209.09259,583,.056881379464637,85.9286656952892,9.507858248742485
228.56828,584,.078397101422146,93.93239292060639,13.24760372946444
91.45188899999999,585,.0892742013521245,37.58305732921332,15.16904456829046
79.500893,586,.0652379682959349,32.67167744717284,10.95080589505428
242.66689,587,.0653987399820493,99.72635599437321,10.97868503453226
110.98871,588,.0729285567226473,45.6119069429548,12.28945119317618
146.50412,589,.0794697594275138,60.2073155747056,13.4361613327255
180.02481,590,.0883251963630233,73.98297431462281,15.00056931111416
218.5934,591,.0569671874085637,89.83311743279199,9.522613676189861
312.55319,592,.0406239828489381,128.4468214560172,6.734977446872535
377.71899,593,.0656198164340477,155.2273508041212,11.01702883904947
144.42513,594,.0704448953670708,59.3529340937844,11.8560121409627
148.23845,595,.0643263891884664,60.920055623386,10.7928152698568
215.30484,596,.0498138411250007,88.4816512098192,8.296869671498888
64.516541,597,.0350116868709455,26.51370994737508,5.788157038578687
100.01099,598,.0319081983710505,41.10050444908121,5.266861293613977
170.97394,599,.0546205789203027,70.2634298655272,9.119549584410402
116.94646,600,.0594117269392087,48.0603031680248,9.943505926929765
111.35617,601,.0543953427309306,45.7629182604596,9.08091172342729
193.93887,602,.1065548660155407,79.7010947425356,18.26498064449068
139.01656,603,.0581019102052187,57.1302288156128,9.717858323861082
282.98752,604,.1080748438704565,116.2965172606976,18.5398624208091
312.21445,605,.0712684962265565,128.307612906266,11.99962451856661
116.02433,606,.0263996720150921,47.6813447338804,4.345564052074026
170.18695,607,.0256861978682297,69.94000854956599,4.226606792745482
149.3299,608,.0465805086957961,61.368597784412,7.745700762636439
391.92407,609,.0970700733795017,161.0650687763116,16.55910071710313
354.40314,610,.0235642805884042,145.6454718860232,3.873321520160208
125.17374,611,.0859712950154827,51.4413851695512,14.58337463577665
131.27423,612,.1025370497251579,53.94844180789239,17.54038370242039
178.79381,613,.0541879609414237,73.4770827023428,9.045344367566912
162.1153,614,.0571504536321158,66.62288423416399,9.55413214849187
190.53065,615,-.0167072580990309,78.30045306032201,-2.69143995132626
109.49338,616,.0705668397845831,44.9973863055944,11.87726829212789
170.07932,617,.0995642504702804,69.89577693768159,17.00612220137408
121.64303,618,.1291472274603226,49.9904050116364,22.3940798743589
177.16084,619,.1245467810264726,72.8059975470992,21.54569735365926
99.766846,620,.0157602157595578,41.00017106013848,2.580425575306332
180.19678,621,.0474429315856231,74.0536470851864,7.892539153196674
120.87758,622,.0652381631535429,49.67583577149039,10.95083968226153
103.13352,623,.1113881616418038,42.3837390031776,19.14051240719322
382.84766,624,.0258658529266218,157.3350284118808,4.256552614335104
82.72539500000001,625,.0648454776917512,33.9968184021526,10.88276360441081
269.42499,626,.0641486263387146,110.7228615594012,10.76202302181248
180.8127,627,.0637689936580699,74.306765494476,10.69628101616984
147.11407,628,.1215168059241883,60.4579805535116,20.98905832714798
89.883842,629,.0712090889148726,36.93865292225896,11.98926162801219
103.17277,630,.0634243185751284,42.3998691784676,10.63661432362473
211.73602,631,.0840535397566907,87.01500937087759,14.24420569936189
131.33353,632,.10061938478664,53.9728117287764,17.19556560551644
184.9008,633,.0382147046005034,75.986810579904,6.327869982683987
121.15782,634,.0230383966329507,49.7910031682616,3.785881154416888
334.40625,635,.1013130343907959,137.42755237125,17.32021541413561
87.320488,636,-.0176651375446087,35.88521727002144,-2.844389921547329
201.20866,637,.0345091369210408,82.6886867685608,5.703633457171692
139.50626,638,.0448405281374194,57.3314758688488,7.449832301207286
112.72047,639,.0102681714436066,46.3235908247436,1.676590964017655
210.36148,640,.0348701888116532,86.4501285774224,5.764354266553438
77.089508,641,.0426085866694842,31.68069495693904,7.071063131280649
160.19759,642,.0217241480472984,65.8347823626892,3.567557893440054
116.02615,643,.1528692958295207,47.682092680862,26.83123122889071
114.57338,644,.1546872711910228,47.0850624959944,27.17564103613401
91.741257,645,.0633473989615298,37.70197596776916,10.62330157843336
152.85507,646,.0970242303007572,62.8173012245916,16.55089487386886
156.74512,647,.0632781809504293,64.41595570578559,10.61132265170496
276.18259,648,.0195763241256975,113.4999640444892,3.211377967715738
398.67545,649,.013743102090145,163.839615090946,2.247889009754684
74.14173099999999,650,.0638729895694651,30.46927687475227,10.71428778407669
75.779945,651,.0468973480708096,31.1425171036066,7.799631952904984
114.45282,652,.0624300854822141,47.0355171728616,10.46461784088383
89.441261,653,.0837922674171016,36.75676988760868,14.19804811349576
249.4554,654,.1401953668579385,102.516161249352,24.447513890793
258.63348,655,.0834814106022088,106.2879839047824,14.14314641137522
220.02698,656,.0430997739305916,90.4222612975624,7.154346988353515
110.16192,657,.0778182377965054,45.2721294237696,13.14593195734672
111.79988,658,.1194253176601648,45.9452652688144,20.60581215540331
218.50162,659,.052675794288435,89.7953995350056,8.786220591110787
114.14759,660,.142139806781494,46.9100798886892,24.81126581450499
90.689644,661,.0238976318983263,37.26980521548272,3.928772699640326
346.62061,662,.0839951306095533,142.4471642911268,14.23388582127096
89.889534,663,.0182488095056101,36.94099210589592,2.991614568026529
113.69225,664,.0627015821190978,46.72295341693,10.51156819246903
206.66052,665,.0589191814536518,84.9291824999376,9.85861838178649
265.03156,666,.1035210487056899,108.9173380938128,17.71757484574687
125.6723,667,.0765986324489891,51.646273327324,12.93191265646747
210.0685,668,.0845816280766009,86.32972555178,14.33753706603682
134.86298,669,.1012765708375484,55.4232740772424,17.31366070903102
273.1373,670,.0263276099547113,112.248472031524,4.333545319940412
110.96892,671,.0714247608031996,45.6037740469296,12.02688593293859
189.11073,672,.0285556743754788,77.7169229075124,4.705549640619811
126.6937,673,.1207574873069887,52.066027748756,20.84982742094391
223.9124,674,.0634369443704995,92.01901303451199,10.63879961180356
86.763756,675,.0420560880511313,35.65642275410928,6.977432425033789
88.878334,676,.0496281818154434,36.52542947523992,8.265173070752942
355.77936,677,.0348157492220286,146.2110430920768,5.755197348052454
191.21492,678,.0835896812897736,78.58166057740959,14.16226660643288
130.19221,679,.0450497366059831,53.50377499853479,7.485379147889784
103.51468,680,.0882781308347101,42.5403804710384,14.9922180077438
167.12251,681,.0973272327575461,68.68064665489881,16.60513883952959
106.57119,682,.0485250962402957,43.7964834538572,8.07697059252947
185.30171,683,.0966457321296852,76.15156850539481,16.48315863430004
113.37632,684,.0987077766852615,46.5931188620416,16.85249408404851
159.5555,685,.0246167315967523,65.57090913334,4.048453992780948
671.0293,686,.1325110964885794,275.7661206044841,23.01689630754299
96.209389,687,.076749623362549,39.53819895831332,12.95839475278187
159.62744,688,.0726521325524703,65.6004735871072,12.24115745115959
109.38994,689,.0639216143271027,44.9548766156072,10.72270774531556
122.42831,690,.0525560445127818,50.3131235862028,8.765717095525648
266.31851,691,.0796962650174018,109.4462229113788,13.47600357621125
213.85712,692,.1484712830218538,87.8866963723456,26.00062628467748
155.12741,693,.0246693239040198,63.7511417983108,4.057210420195502
98.472725,694,.0598259971939733,40.46833924927299,10.01493553944563
117.64722,695,.0785171282982518,48.3482874135336,13.26869265203236
84.850098,696,.0955714479222662,34.86998609206824,16.29104373854106
171.21622,697,.0311826176932424,70.36299722525359,5.145218016409121
91.028633,698,.0549790783801396,37.40911609424403,9.181065879002807
192.68439,699,.0057482745834753,79.18555379227321,.9364589013203246
134.98328,700,.0808577030765144,55.4727125508064,13.68044190674289
327.70074,701,.1147903074627408,134.6718567863112,19.75933984452126
106.61297,702,.0183126072234586,43.8136533576436,3.00216928886812
172.72675,703,.0724311319370768,70.98376445279,12.20255629510945
204.2565,704,.1280346069002439,83.94122672921999,22.18854012337653
226.49875,705,.0460537055692957,93.08189912015,7.65606815945689
165.82675,706,.0672021768698057,68.14814128079,11.29172322722792
140.84859,707,.069789083437498,57.8831196445692,11.74174190117743
82.830383,708,.0967834130015538,34.03996425803403,16.50779511162997
163.64877,709,.0600898621599301,67.25307888134759,10.06044728867335
141.63211,710,.0358344243259151,58.20511492974681,5.926624495363571
118.90454,711,.0871737815074139,48.8649954898552,14.79637512706694
121.4471,712,.0221345902764103,49.909885642348,3.635709836368078
435.82413,713,.0574210745801706,179.1062321659044,9.600684615458739
202.16609,714,.1202846532804328,83.08215208646919,20.76318057492408
103.57462,715,.0641612633367018,42.5650134062456,10.76421183376559
137.11824,716,.0553336296274783,56.35009545621119,9.24192637913616
95.905647,717,.0990635536055493,39.41337318244236,16.91629481719318
121.85507,718,.0654691069046212,50.0775449445916,10.99088865090362
162.43159,719,.0451932999091431,66.7528667346092,7.50977645347032
117.31452,720,.0548737769150444,48.2115610614576,9.16299450994588
101.82736,721,.0582871852922258,41.8469596463168,9.749758493632168
106.3446,722,.0654978548298694,43.703364054648,10.99587460204248
124.16049,723,.0027179674368844,51.02498007114119,.4421167602918509
263.39294,724,.0696037213662449,108.2439310152472,11.70945755212806
142.29161,725,.0497988395219757,58.47614297060679,8.294308311135781
107.70498,726,.0954675025887249,44.2624256562024,16.27246608004267
81.584335,727,.0714269756579668,33.5278885214798,12.02727235998118
99.243011,728,.0655512254038027,40.78489589139868,11.00513140919733
134.74648,729,.0255400755332979,55.3753972512224,4.20225434363229
110.31729,730,.0535570771981546,45.3359802603252,8.937188949991894
81.44107099999999,731,.0564436375714973,33.46901276523148,9.432604398130691
207.12584,732,.0403514394508367,85.1204103512992,6.68887524647253
100.71932,733,.0224995609896813,41.3915996608816,3.696334954575007
88.98472599999999,734,.0318172114203414,36.56915231879287,5.251602531425271
95.241592,735,.0353734214409871,39.14047321932896,5.849023260688619
100.19045,736,.0671444164683962,41.174255309146,11.2816884995354
290.94971,737,.0938883303522585,119.5686579076348,15.99046547590376
112.71536,738,.0770100424089487,46.3214908197568,13.0040787008925
73.191917,739,.0714070920886843,30.07894142728996,12.02380329234361
186.97314,740,.0835159351505847,76.83845917762319,14.14924309159149
378.21945,741,.0432799650172648,155.433019785666,7.184909766141833
112.95086,742,.0643612489116203,46.4182718714968,10.79885434587204
147.89528,743,.0824849671654436,60.7790265213664,13.96727542196745
203.54558,744,.0474987040774308,83.6490671313304,7.902039484695063
207.08466,745,.0112004877697836,85.10348702344081,1.829674174638561
92.68042800000001,746,.0620564038989387,38.08793756922864,10.40001732421001
248.84933,747,.0919592126682026,102.2670907948804,15.64657712252928
78.829994,748,.066738955079966,32.39596487464072,11.21126391269251
92.33060500000001,749,.0768522403706225,37.9441743511274,12.97639489622865
139.87076,750,.0499121333962938,57.48127074510879,8.313652957212703
167.1134,751,.0360964003755417,68.67690281039201,5.970739219451926
99.44871500000001,752,.0486180756746368,40.8694319825542,8.092826228581997
145.99879,753,.0336198213747688,59.9996452185452,5.554164050393756
175.90614,754,.0514787993503443,72.2903661856632,8.581382075832421
177.64371,755,.0632502518146869,73.00443774435479,10.6064894469532
107.86217,756,.1111954749736967,44.3270244397396,19.10552695535536
280.02209,757,.0370501856052413,115.0778445037492,6.131446882337994
126.34053,758,.1308120335270079,51.9208890479364,22.70205492345669
170.13646,759,.0503956500345594,69.91925918522479,8.396236856117875
128.78011,760,.0980423974932988,52.9234585519868,16.733233926793
138.92741,761,.1295784541981274,57.0935917423108,22.4738039787634
100.9135,762,.0222932482928435,41.47139985038,3.66206172826777
154.81209,763,.0996706909054974,63.62155792894921,17.02522391617617
309.7851,764,.0377686060025769,127.309247521788,6.25259809196467
216.18951,765,.0313801342399813,88.8452150868588,5.178322834866147
298.60675,766,.0630485574071559,122.71539414719,10.57158974708729
96.26153600000001,767,.047494150558932,39.55962928317568,7.901263814795918
201.29579,768,.0703965576309226,82.72449370290521,11.84758709969853
76.310715,769,.0860899313673759,31.3606422791142,14.60437770681348
258.77206,770,.0738994830489575,106.3449347249528,12.45918642374053
209.62927,771,.0474534131470984,86.14921964368759,7.894324550449405
119.97993,772,.0855409736510525,49.30693763520839,14.50721256835589
142.43526,773,.0300655034912433,58.5351773573688,4.95810678666534
208.30389,774,.0590278633780716,85.6045416379332,9.877345527611791
154.55127,775,.0633380258439672,63.51437137304759,10.6216794103527
143.48233,776,.0660829285128586,58.96548111892039,11.0973791194724
149.72751,777,.0602175685081905,61.53199954229879,10.08247854738075
130.00456,778,.0635529561327052,53.4266583770528,10.65888036171337
254.14986,779,.0968153474461519,104.4453959676168,16.5135099137994
127.46019,780,.0743888738346684,52.3810243871772,12.54480314592185
141.00032,781,.0436332891884653,57.94547458716159,7.244854180470663
101.23611,782,.0699872313567184,41.6039796172668,11.7762597684767
139.18538,783,.1035150479079294,57.1996070625544,17.71649373868447
128.92336,784,.0515055581376002,52.98232855479679,8.585958556084876
250.7672,785,.1209850389828304,103.055258419936,20.89154087556656
445.13013,786,.0506579766894175,182.9306248091844,8.44105855726797
149.25282,787,.0547102522671908,61.3369209968616,9.134934909053523
114.90967,788,.0568915227483797,47.2232641940396,9.509602409227529
96.399345,789,.0613038396844322,39.6162632532786,10.26999039478941
272.49475,790,.0342946084175696,111.98440976063,5.667564968557611
97.02658099999999,791,.0328719793861219,39.87403208457027,5.428575292935402
70.03138,792,.0652543884979495,28.7800875210344,10.95365308832132
347.03592,793,.0114775314256747,142.6178400388896,1.875191326285016
93.433891,794,.06624034084531,38.39758063329307,11.12469874765182
131.01041,795,.0850385338513799,53.8400223723508,14.41832780824437
126.56041,796,.0517781919092905,52.0112509063508,8.632593325242372
205.39632,797,.0372457494197853,84.4096470196416,6.164417270081268
95.810699,798,.0318011507923607,39.37435336375612,5.248909264044682
125.43021,799,.0331169452063408,51.5467840499748,5.469703256194668
132.21677,800,.0717823250931281,54.3357879331876,12.08928147498986
96.236839,801,.0344406431863429,39.54947980701932,5.692116824932279
159.4164,802,-.0016775952170756,65.51374461403201,-.2722860187438093
103.87624,803,.108473728283101,42.6889671252512,18.61206827171802
147.57343,804,.085328117288003,60.6467590839884,14.46955148691056
148.41461,805,.0369675907984741,60.9924503158468,6.11752404034688
61.273476,806,.06670904847598,25.18094034414288,11.20607056543961
670.15576,807,.122015012825729,275.4071307109087,21.0804684733002
183.19763,808,.0825092116061044,75.2868760410844,13.97155245492313
375.51263,809,.0352101018048863,154.3206253632844,5.821540027783699
128.79477,810,.0540812352476872,52.9294832238276,9.027043075967764
151.89377,811,.0121109568717002,62.4222454919476,1.979307952109511
165.52867,812,.0597491288022952,68.0256423597596,10.00167944468124
118.86281,813,.0738273693297444,48.8478461340628,12.44657399370953
439.703,814,.1520125414934664,180.70029211564,26.66913871005065
131.61674,815,-.0090354852958127,54.0891996763912,-1.461145036067636
140.90887,816,.0782356156927427,57.9078923061356,13.21923441056658
292.69565,817,.0527655186813763,120.286169200522,8.801584765073789
108.69432,818,.0542875289392381,44.6690047038816,9.062420020713533
206.02502,819,.0549672919497732,84.66801749619759,9.179043049670234
91.617142,820,.0754272920693078,37.65096968226295,12.72660859225599
151.53598,821,.0901826674352761,62.2752081564824,15.3304728758801
173.77446,822,.0540025421661256,71.41433122866481,9.013550059719496
144.24788,823,.0544949674810668,59.2800914550544,9.098000653500014
108.96468,824,.065863085149566,44.7801118170384,11.05923149751747
106.90945,825,.066083991567266,43.93549474286601,11.0975636029902
126.14697,826,.0193161099675718,51.8413436535636,3.168277825271804
74.973122,827,-.0058527503635109,30.81094522034536,-.9479645761004595
194.92557,828,.0418269594393591,80.10658885613159,6.938617683907037
91.721588,829,.0522743977182014,37.69389279788944,8.717503352088549
164.31085,830,.0698139140300355,67.52516719869799,11.74606707818821
94.601372,831,.021482883051538,38.87736848495536,3.527510062230295
106.16615,832,.064131489808598,43.63002826406201,10.75905490520643
362.58328,833,.0869603906633226,149.0071812388064,14.75855779090375
113.52402,834,.1030563053951092,46.6538176363176,17.63386563434013
432.90326,835,.0970754942442574,177.9058717812088,16.5600710687416
150.37627,836,.0570521898660216,61.7986138740476,9.537231841598565
134.94701,837,.0579695262416373,55.4578070359588,9.695068426506875
145.19531,838,.0829193613975143,59.6694471741628,14.04392390144305
144.1498,839,.0729062548670789,59.23978451002399,12.28555436709957
187.44366,840,.066183549178671,77.0318240203608,11.11484179902191
82.314072,841,.082993136243555,33.82778115143135,14.05694471588704
91.160805,842,.0527718489259829,37.46343348350339,8.802668791918066
124.61549,843,.0620633294844877,51.21196681654119,10.40121437107293
123.30801,844,.0786904560490022,50.6746449926388,13.29915109453865
90.70463599999999,845,.0321541551335176,37.27596632600368,5.308115869721008
174.24677,846,.1186513729018077,71.60843168958759,20.46419689101842
235.8166,847,.1268421798157725,96.911161638008,21.96851106227891
92.922684,848,.0266944023114722,38.18749506591792,4.394729093681303
258.03781,849,.0936181125046135,106.0431874330628,15.94225594170719
111.56535,850,.0474596614593317,45.848882848158,7.895388877824578
197.64604,851,.0751415712581805,81.22459288087519,12.67656598991986
130.7471,852,.0627614178449041,53.73181252634799,10.52191739544238
104.29611,853,.0628809585422493,42.8615168500668,10.54259504056343
163.12964,854,.0592386155266048,67.03973727884321,9.913666347880241
129.21082,855,.0829580533955397,53.1004630819016,14.05075268545811
166.3524,856,.0037199382629294,68.36416234171199,.6054052097287463
157.75957,857,.1018617600547686,64.83285395605161,17.41888345864582
162.46651,858,.0897491265137824,66.7672174536188,15.25341727893107
235.69447,859,-.0007149438663561,96.86097110786361,-.1160964934623438
121.78101,860,.0917117567136739,50.04710925587879,15.60251311924671
256.13611,861,.0807530490096721,105.2616650292668,13.66201078212009
293.95972,862,.0562750454369234,120.8056512560336,9.403629877614602
107.40419,863,.0436562749134236,44.13881303389719,7.248754635640167
215.14447,864,.0754209915540696,88.4157455738636,12.72550493365606
119.26968,865,.0456977827218286,49.0150533804384,7.595536601914327
153.24918,866,.0848632918619769,62.9792646228984,14.38733690137711
105.23234,867,.0809139142535305,43.2462698185192,13.6903423203062
97.40585299999999,868,.0626685668628055,40.02989766017764,10.50585813010111
111.27455,869,.066320902461106,45.729375715054,11.13868224722096
166.63023,870,.0895216908436974,68.4783393251724,15.21300725200105
166.61885,871,.1139041771236957,68.473662601738,19.59795587500282
110.6833,872,.0726293257776282,45.48639568600399,12.23717350243887
202.20476,873,.0621876475027584,83.0980439050288,10.422703421871
196.9279,874,.0054489164843408,80.929466152652,.8875571007570823
277.09238,875,.0500395747175594,113.8738512337144,8.335415863915431
108.51372,876,.0444272924398088,44.5947853495536,7.379640806259555
344.09586,877,.0660594409821223,141.4095933340968,11.09330312009239
99.524017,878,.0469961677483757,40.90037808343796,7.816456157748813
138.42131,879,.1078688882215936,56.8856049470428,18.5025917086368
272.72925,880,.097538315514292,112.08077985249,16.64293691356062
72.031136,881,.163404323270965,29.60190700682368,28.83578642970127
222.86345,882,.0355471653103637,91.58793666838599,5.878265598945231
214.34972,883,.0682917653599284,88.0891352092336,11.48112631767403
217.04462,884,.0666049691548813,89.1966309898456,11.18799817423924
134.15222,885,.0657821819998902,55.13118023293359,11.04519514608656
81.920151,886,.0344952055104934,33.66589542454188,5.701290946434651
125.65797,887,.036758855016399,51.6403842722436,6.082342990484955
117.48574,888,.0435370604617459,48.2819256121112,7.228526069726031
133.43779,889,.0466978731884856,54.8375781658652,7.765676106596125
213.7907,890,.08528922898367,87.85940041711599,14.46267177124149
85.68085499999999,891,.0701574647161534,35.21139388909739,11.80592031173353
166.83577,892,.1030128858889452,68.5628080189076,17.62604693284336
191.74345,893,.1181798582620893,78.79886520278599,20.37797355324919
106.71626,894,.0601843198300282,43.85610140364881,10.07674238127616
256.32587,895,.0795463118300013,105.3396487760956,13.44962586039373
74.675415,896,.0437012438703876,30.6885995873502,7.256385691901972
161.84145,897,.0595504165187835,66.510342871026,9.967415869341416
203.82829,898,.079597417243354,83.7652495990052,13.45861518211789
187.08963,899,.0644292800546267,76.88633189404439,10.81064062366082
95.907661,900,.0617464945078614,39.41420085564068,10.34645978762316
134.62662,901,.0708545708351235,55.3261396000056,11.92743301286231
152.38916,902,.0538704918631313,62.6258309069008,8.990910596217349
178.46577,903,.1152764470397858,73.34227142330759,19.84793740033342
117.46798,904,.0454688723862292,48.2746269646424,7.556617358635291
170.71767,905,.0566337841821056,70.1581131770796,9.465289168350409
109.44131,906,.0297050938820704,44.9759876246428,4.897784502096893
119.81842,907,.0259290436484157,49.2405635049896,4.267086845199081
94.311615,908,.0670342219945644,38.7582899830062,11.26254599609733
170.71172,909,.0581829454735626,70.15566796579361,9.731810032792389
100.51714,910,.0326971644377638,41.3085117923432,5.399231305884104
106.83247,911,.132689624486919,43.9038590513036,23.05000914048122
685.62054,912,.0824896462193868,281.7625348439352,13.96810085953566
73.900604,913,.0203251528767904,30.37018335176752,3.335471576163654
501.09113,914,.0674070027496139,205.9283506538644,11.32731234633637
143.36935,915,.0603897533916417,58.919050871678,10.11218747430887
198.42418,916,-.0070424222248855,81.5443772018984,-1.139977057872058
101.64892,917,.1004854802379128,41.7736279653296,17.17151272499492
149.16806,918,.0389091319156367,61.3020880374328,6.445110149929079
99.26335899999999,919,.0383578368860465,40.79325810303692,6.35202834662489
130.73698,920,.0495841832452156,53.72765361236239,8.257662297479577
316.44733,921,.0468330902253223,130.0471567631204,7.788692846091909
163.22438,922,.0619163796582133,67.07867161787439,10.37581673323345
164.28062,923,.0564995882312776,67.51274388152561,9.442221249832288
176.55141,924,.0289025543819285,72.5555462674308,4.763540368980931
105.89886,925,.1142877242386431,43.5201827977368,19.66779075024866
105.4114,926,.0540342307955675,43.319856294632,9.018983385426353
81.915398,927,.0741945245683166,33.66394213223224,12.51079759790355
206.60359,928,.0878028258997174,84.90578655396919,14.90790196440221
91.702141,929,.0533136314577697,37.68590086110308,8.895472124037624
145.84129,930,.1011930031376706,59.9349190374452,17.29863944239499
74.20637499999999,931,.0364817640808443,30.495842965235,6.035652469962933
92.09448999999999,932,.1253754924404726,37.8471405590612,21.69823451566075
217.84555,933,.0710074674459212,89.52578108653401,11.95409577916861
189.06291,934,.0524559457447305,77.69727080605078,8.748580119327878
136.92793,935,.0793466966761491,56.2718856814484,13.414518426737
90.40982099999999,936,.0670467425210206,37.15480918898147,11.26472090113206
281.16272,937,.1115189784995904,115.5465976716736,19.16426821378782
139.27946,938,.034965584450788,57.2382701680648,5.780401329810116
195.91637,939,.0168494650986348,80.5137679052356,2.760275734128298
104.92554,940,.0569255712365774,43.12018732733519,9.515457252826449
259.54477,941,.0378263018481092,106.6624875338276,6.262331438032455
395.86093,942,.0592103851301293,162.6829602894884,9.908800704799104
112.90099,943,.0713952317053057,46.3977773022812,12.02173405525024
275.01501,944,.1002718997435375,113.0201355077988,17.13315455351681
146.00372,945,.0928844166781459,60.0016712507536,15.81142304261394
182.42006,946,.0585560672320387,74.96732596719281,9.796064382029456
125.88454,947,.0462689283959417,51.73349545225521,7.692681413913725
129.89757,948,.0244448715443829,53.3826897794916,4.019843131679284
138.12186,949,.0556346409937682,56.7625430109768,9.293613429313501
133.42601,950,.0747754755712893,54.8327370584788,12.61246701493313
189.00317,951,.0347103879136362,77.67272006281959,5.737476644472205
146.5287,952,.1075078476048032,60.21741696855599,18.43727460393004
230.84355,953,.1086545750338242,94.867437606774,18.64481454784896
88.53421,954,.075718888331329,36.3840083174948,12.77769499547921
103.74809,955,.0756598885915639,42.6363026166292,12.7673572942421
233.37215,956,.0326618409748654,95.90659075934201,5.393302623328231
99.618752,957,.0709426897880107,40.93931036766976,11.94279907583807
138.52536,958,.047200161802002,56.92836532255681,7.851191723656767
93.30888400000001,959,.1078609225150985,38.34620777157392,18.50115035074471
104.42322,960,.0628080233541383,42.9137539604136,10.5299787256726
116.87767,961,.0031933742323447,48.0320332378796,.5195721097572588
226.09988,962,.0276738917293134,92.9179795528144,4.558225453472649
98.355782,963,.0142300926819916,40.42028036802616,2.328111709713306
226.57434,964,.0561440346784085,93.11296357747919,9.381117526617683
133.60072,965,.0276414061580382,54.9045358591136,4.552800394422951
93.681442,966,.040824570909601,38.49931416254696,6.768916037696129
116.96984,967,.1091430254809259,48.0699114100192,18.73328883266783
81.62499200000001,968,.1130434655868314,33.54459691732096,19.44133808589121
150.41299,969,.109563769553048,61.8137043208412,18.80953394052327
109.24015,970,.0588736676097912,44.89331893518199,9.850776427534818
91.01338199999999,971,.0524016145500478,37.40284854511415,8.739279300566944
114.22115,972,.0574552103746652,46.940310097462,9.606557581376558
234.50998,973,.0805336831131941,96.37419323960241,13.62338347097045
103.55111,974,.0881157762391388,42.5553517394668,14.96341283833261
177.74261,975,.0692641217851107,73.0450816764868,11.65032531444667
158.97362,976,.0183035182897123,65.3317797983656,3.000665570775503
88.172867,977,.0480776911135288,36.23551084157596,8.000695914061783
163.24141,978,.0677899849586227,67.08567026463081,11.39387622989338
74.330513,979,.0325490560995618,30.54685870281843,5.374374235435663
150.62581,980,.042738495798327,61.90116480250281,7.093086053812697
200.17502,981,.1022038269014534,82.2639021981976,17.48041894852564
239.94887,982,.0546599040896313,98.6093588213356,9.12629646390913
78.99492600000001,983,.0659212098593878,32.46374530956888,11.06931658780838
106.80578,984,.0513489975433502,43.8928905321064,8.559184174944226
120.98022,985,.0336856101445416,49.7180166935736,5.565216775048822
113.41036,986,.0206459854269492,46.6071079363568,3.388667406439178
216.18767,987,.0475116945258777,88.8444589206796,7.904252364302115
149.53575,988,.048531854354874,61.45319387571001,8.078122993450016
78.92186,989,.0669601830500413,32.4337181149768,11.24968545826573
187.80302,990,.0474452087076687,77.17950656283759,7.89292702963817
103.36304,991,.0335313359965271,42.47806251483519,5.539299369267697
215.7392,992,.0371934370753954,88.660155743296,6.155597224198704
147.86761,993,.0294009140769358,60.7676552614868,4.84689039698208
487.02441,994,.0695377586868391,200.1474930906708,11.6979703338418
106.84163,995,.1209230566488164,43.9076234438044,20.88017769262812
127.48225,996,.0517290059735886,52.39009016213,8.62417899337154
162.71202,997,.101907870822801,66.86811221375758,17.42717724351418
161.89844,998,.10355043844996,66.53376347458719,17.72286981211752
184.00655,999,.0871430010127686,75.619309707214,14.79091967932522
95.393677,1000,.0560065611056438,39.20297405267875,9.357497803121273
213.21611,1001,.0740405761338242,87.62326697966679,12.48386572741473
124.86959,1002,.1079874556791006,51.3163917220492,18.52404730122115
71.64698,1003,.0739643433924535,29.4440343031624,12.47053104138778
115.27714,1004,.110997425774959,47.3742796211432,19.06957487194679
99.91158299999999,1005,.0688059518163542,41.05965216029004,11.57057901196158
272.45276,1006,.0800449592965568,111.9671535552688,13.53735640442139
144.08981,1007,.060247224919808,59.2151310268228,10.08759512533544
78.97689099999999,1008,.0757538801236527,32.45633364813308,12.78382640718707
84.91745,1009,.094754281310339,34.897665061906,16.14504747882403
161.16817,1010,.0301388104384312,66.2336518030196,4.970378938833631
134.34399,1011,.0745623472970276,55.2099900091212,12.57516160966597
272.7757,1012,-.00886177665451,112.099868938916,-1.433178577163237
115.88052,1013,.0994369310431212,47.6222445935376,16.98327622987601
97.77986900000001,1014,-.0049899585316356,40.18360323065572,-.8085674015920976
108.28529,1015,.0259398790873984,44.5009097841652,4.268893237614934
86.60643,1016,.0857681296494048,35.59176808002839,14.54741255477514
138.87952,1017,.0273219831417043,57.0739108736576,4.499466443923047
185.91168,1018,.0326186291723498,76.40224170339839,5.386050248305249
123.81451,1019,.0143413594942174,50.8827961718588,2.346446344134808
138.74312,1020,.1290499201793341,57.0178559460256,22.37609470495938
104.44359,1021,.0631583407069282,42.9221252131692,10.59058495961903
139.25429,1022,.0166011216823007,57.2279263078852,2.719253552625937
149.68428,1023,.1002230043494709,61.5142337466864,17.12437429581294
149.466,1024,.0098743554033263,61.42452942408001,1.611970556132314
172.60733,1025,.1246323216190543,70.9346876239204,21.56143657366844
137.33006,1026,.1292126155909709,56.4371449779928,22.40616645477067
107.57014,1027,.0693516201144136,44.20701182598319,11.66555890167099
175.08377,1028,-.0124712358219383,71.95240510914759,-2.01329126075089
103.96535,1029,.1132270855863258,42.725587760158,19.47473885022885
243.51779,1030,.0242098201121502,100.0760417562652,3.980720277424775
73.692032,1031,.1007318078913493,30.28446862767616,17.21576232473393
108.25475,1032,.0478056467257105,44.48835906943,7.954333827715182
152.56522,1033,.0726956554456217,62.6981845033736,12.24876039924617
97.377838,1034,.0371714341020961,40.01838461913944,6.151887583093012
186.14737,1035,.024257587734312,76.49910083751558,3.988670157617864
371.61411,1036,.0721001378467866,152.7184900519068,12.14475904112131
118.20971,1037,.0923300147462461,48.5794482364348,15.71262554603289
96.849571,1038,.1190689032818611,39.80128807621148,20.54058236589815
82.136887,1039,.0804077635746388,33.75496522509356,13.60121460326142
70.771019,1040,.0759294300585664,29.08404947571772,12.81459025700269
86.89295199999999,1041,.0666312583943063,35.70951712676575,11.19256287484444
111.80154,1042,.0297941347848248,45.9459474622152,4.912685386475523
87.708107,1043,.109437223600147,36.04451312774716,18.78659855107071
82.21579699999999,1044,.0655468392275077,33.78739406922436,11.004370634494
110.68618,1045,.0350071385427019,45.4875792504584,5.787391867421791
98.154411,1046,.030092043073993,40.33752496603068,4.962549614998698
172.05016,1047,.0848997855508106,70.70571310758081,14.39379022946829
114.90098,1048,.0438642738873674,47.2196929526824,7.284054126057222
122.7364,1049,.0664252880137746,50.439736215632,11.15680266727779
98.08897399999999,1050,.0974056395579373,40.31063298436312,16.6191780225127
88.603134,1051,.0503155642686093,36.41233331626392,8.382555571024787
197.28899,1052,.0798002313776952,81.07785965572121,13.49429423977484
114.78539,1053,.0508832633750612,47.1721901001532,8.479560914908843
79.801575,1054,.044798206074795,32.795245685811,7.442642216180019
142.54759,1055,.0902287296100049,58.58134048068921,15.33866172128845
93.657516,1056,.0525644727265127,38.48948153645808,8.767160089665914
79.98138400000001,1057,.0844816346250257,32.86913997087392,14.31986100153305
95.26696,1058,.0488500207288897,39.15089844956479,8.132385878766993
77.34613,1059,.0417367505204847,31.7861563032644,6.923338593379754
105.11945,1060,.0064245286713764,43.199876557666,1.046982648106104
99.430115,1061,.0690897405527175,40.86178812878619,11.61996926164898
114.19219,1062,.0699348082823564,46.9284086993372,11.76712687129385
206.08797,1063,.0374654520465442,84.69388742064361,6.201464946806651
131.14461,1064,.0246241934543683,53.8951731882468,4.049696336834714
83.68512699999999,1065,.0874937299069405,34.39122974970476,14.85309182119207
136.02835,1066,.1389165441639784,55.90219439259799,24.20866614737368
113.59012,1067,.0241821399604615,46.6809820843856,3.976113692911123
548.94568,1068,.0675812879292424,225.5946507793184,11.35760066673143
112.11385,1069,.0822380210963277,46.074294342338,13.92371684753825
101.96375,1070,.0288329798665119,41.90301046435,4.751907423329009
92.287491,1071,.0956320935815166,37.92645622686108,16.30188354279813
84.458961,1072,.0329792617332362,34.70924447748468,5.446585971638983
160.45441,1073,.0377527622018243,65.9403250790708,6.249925325424482
106.88068,1074,.0218704062118045,43.9236714271184,3.591840144960714
103.29662,1075,.0546762706850696,42.4507665596056,9.129104500695433
164.06114,1076,.0681998253684642,67.42254640706319,11.46513642206382
87.311729,1077,.0854863762757748,35.88161767243252,14.49755178642696
134.41785,1078,.0896061419716488,55.24034350585799,15.22801117982026
127.52167,1079,.0931595392914071,52.4062902005996,15.86047175580197
130.62204,1080,.0737488419325635,53.6804178837552,12.43284086890289
129.45982,1081,.0132740905177501,53.2027920920216,2.170664943047876
114.92502,1082,.0027624258511899,47.22957242819761,.4493585584801884
102.75131,1083,.0710801059865786,42.2266660274428,11.96676422771764
109.62656,1084,.0564961999159199,45.0521179424128,9.44163884771554
138.96788,1085,.0720236246783,57.1102232886544,12.13140124959223
110.80738,1086,.0870543729606273,45.5373875879144,14.77521243205317
82.898376,1087,.0758352790763314,34.06790665315488,12.79809031034931
280.92303,1088,.0232300898099097,115.4480946980364,3.817749251152211
200.50179,1089,.0273082342883446,82.39819155818519,4.497171185034843
112.99154,1090,.0559384826364762,46.4349897194152,9.345802250807427
100.52733,1091,.0934213486618644,41.3126994735204,15.90715952352423
191.19952,1092,.0486117651970871,78.5753317952576,8.091750066180955
135.00475,1093,-.0119725198205439,55.48153585943,-1.933262183368123
155.93704,1094,.1136504938557302,64.08386724595519,19.55178085516621
158.61462,1095,.094963008955464,65.18424520144559,16.18232774094188
161.08423,1096,.0706820749673742,66.19915583069239,11.8973573377156
281.88599,1097,.0739129400138534,115.8438326240812,12.46154009918389
126.27264,1098,-.012072914842174,51.8929889816832,-1.949375805491735
231.89963,1099,.0303549989275581,95.30144411684441,5.006575809657438
128.06458,1100,.0571426417470579,52.6294044290504,9.552788527835983
105.94926,1101,.0541686204375598,43.5408951756888,9.042027718558257
505.31281,1102,.0703213415524894,207.6632917600628,11.83447809898026
441.02386,1103,.0945261645723435,181.2431125827368,16.10431308319864
147.34608,1104,.0481605445871966,60.5533273552704,8.014818394618372
322.17557,1105,.0736096587271447,132.4012335861316,12.40850270994494
156.32893,1106,.0501820431806018,64.2449183133284,8.359748209960195
82.161575,1107,.0359855492915822,33.76511100261099,5.952071350743179
263.18488,1108,.0707906855754191,108.1584267026144,11.91629363494459
399.6799,1109,.0546834468150282,164.252403742412,9.13033573257791
90.42068500000001,1110,.1579274384553542,37.1592738571178,27.79103529248237
116.82798,1111,.0812788781158155,48.0116126414424,13.75463654750956
94.47013099999999,1112,.0610833207147529,38.82343369934428,10.23190798809892
162.92896,1113,.0308232728990459,66.9572658501248,5.085006694097763
92.511955,1114,.0873152190578793,38.0187019253654,14.82144527684239
141.99663,1115,.0926318400709328,58.35491802520441,15.76640569879274
139.35492,1116,.0890606398245647,57.26928120060959,15.13111740730695
114.73342,1117,.0925455960250789,47.1508325151896,15.75103681636805
157.73981,1118,.0157507052453065,64.82473338882279,2.578856120164772
93.06772599999999,1119,.0473622393803693,38.24710150883288,7.878794915326126
93.31452899999999,1120,.0559916130705277,38.34852764009652,9.354929734638919
183.37636,1121,.0795210376592025,75.3603269004368,13.44518036311204
121.67203,1122,.026821051276489,50.0023228481564,4.41586032359685
136.61214,1123,.1182786238622201,56.1421086609432,20.39603091967777
82.59478,1124,.0324023851171606,33.9431408774264,5.349762024730738
86.043541,1125,.124255486177298,35.36044328413508,21.49211004700539
140.70361,1126,.0620087870195613,57.8235386811668,10.39178725019615
132.32106,1127,.0344614637830433,54.37864693907279,5.695617545701553
116.18758,1128,.0851257741640789,47.7484339342904,14.43375796437761
158.19928,1129,.0505518289181436,65.01355712488639,8.422920502576401
225.62825,1130,.0436675380151385,92.72415854460999,7.250665907774968
172.97261,1131,.1052932636271198,71.08480304888681,18.03714211704793
136.35263,1132,.0812170104770123,56.0354604624844,13.7437359206835
319.66556,1133,.051911674995669,131.3697201777328,8.655430617276807
99.070999,1134,.0575353978738493,40.71420586052012,9.620354400147198
76.724937,1135,.0627459238846162,31.53087090252756,10.51923749655518
128.4157,1136,.0493427310019358,52.77370066211599,8.216451089082724
222.31725,1137,.0893676836621049,91.36347038193,15.18564897738702
188.35062,1138,.0355647838699687,77.40454819312559,5.881231212516782
111.11731,1139,.0752451416937254,45.6647563835228,12.69470419297476
112.03007,1140,.0308828184420949,46.0398641235916,5.094982568318399
110.64667,1141,.0810714308965362,45.4713422255996,13.71808852051205
153.5574,1142,.0579647265222617,63.10593067711201,9.694242211562193
188.92378,1143,.0688787383112004,77.64009395794639,11.58324534938777
84.249771,1144,.0000511773359632,34.62327578018748,.0083136394308994
203.8161,1145,.0718675113170155,83.760239998068,12.10414989874132
104.36774,1146,.046795380363636,42.89095390627119,7.782273533853918
103.43202,1147,.1353712594631932,42.50641052735759,23.54810263529787
197.2639,1148,.0721804580454367,81.06754867233199,12.15878256971101
246.77684,1149,.030452961960245,101.4153805531792,5.022980532572509
132.94868,1150,-.0075345432019615,54.6365735789584,-1.219338386699815
83.479507,1151,.1029271685025292,34.30672817917915,17.6106125015349
79.96991,1152,.0687087364825547,32.86442461721079,11.55366299531243
104.6334,1153,.0519646870730309,43.000129507992,8.664501168608949
83.40284,1154,.1085937364966453,34.2752211180592,18.63379773348328
113.6938,1155,.1331458454668429,46.723590404744,23.13465448802714
74.581566,1156,.0167718802316783,30.65003141357208,2.747458916666468
113.89713,1157,.025976624499343,46.8071508771444,4.27501926653821
139.19695,1158,.0618891621192751,57.20436186836599,10.37111308016487
90.374527,1159,.0770491037569124,37.14030477097675,13.01093205452056
144.48535,1160,.0781080544611086,59.377682097758,13.19682808213313
74.464752,1161,.1055872137112664,30.60202554614976,18.09020222156548
255.46234,1162,.0514320960330079,104.9847725909192,8.573394831984228
80.537865,1163,.1235187620404113,33.0978313358562,21.35665013170321
297.31946,1164,.0515527053184524,122.1863696032648,8.594022304023227
191.77141,1165,.0883230234705525,78.81035564103081,15.00018374460315
148.05801,1166,.1043365895583084,60.8459020226388,17.86456350971735
246.06422,1167,.1179089969710012,101.1225223234936,20.32846099276
159.99402,1168,.0881431227461573,65.75112325991761,14.96826436465568
385.5954,1169,.0881531538141935,158.464239312552,14.97004400328047
185.8526,1170,.0905839299984256,76.37796219368801,15.40182123846024
114.37843,1171,.0838602338343937,47.0049458673884,14.21005421615889
101.43881,1172,.1076521177382977,41.6872811849428,18.46337218310042
220.55565,1173,.0674530502899748,90.639523457322,11.33531425007462
240.98175,1174,.074292318795141,99.03383106219,12.52790795694659
110.61371,1175,.0887359332013382,45.45779698795479,15.07346710601532
131.677,1176,.0518659117346978,54.11396411875999,8.647600750420178
388.39917,1177,.0196746975534593,159.6164762952996,3.227674809620886
144.19754,1178,.1305873676258631,59.2594037346952,22.66046369782609
203.45909,1179,.1097099116236121,83.6135232113092,18.8360245730576
148.11194,1180,.0884676994283138,60.8680650889672,15.02585743981129
151.68347,1181,.0681327767689133,62.33582062918359,11.45347648096612
212.92299,1182,.0801792476363506,87.50280641964119,13.56099017124482
183.4478,1183,.1149148696579775,75.38968587426399,19.78203684652934
162.62033,1184,.0741222112987618,66.83043130236041,12.49814653645985
114.00971,1185,.0461546709837945,46.8534167404348,7.673243202106159
92.638069,1186,.0778359423200665,38.07052971967172,13.14904071248987
283.76923,1187,.0563297479550852,116.6177687084924,9.413030606677763
761.0103800000001,1188,.095199032001453,312.7447344435544,16.22449253381333
344.27386,1189,.0920527530757379,141.4827441927368,15.66323652212563
128.33907,1190,.0613509827229001,52.74220880651159,10.27813282647367
110.49738,1191,.0994625100037786,45.4099900251144,16.98786583958595
76.45038599999999,1192,.066760726218693,31.41804145651367,11.21504461628104
90.55204000000001,1193,.0714581278271769,37.21325549215521,12.03270758834679
183.88191,1194,.0841850525463499,75.5680876677708,14.26744392335157
194.12006,1195,.0147035023059396,79.77555656319279,2.406134653789259
258.66232,1196,.0785194978531347,106.2998359877216,13.26910901226174
292.72638,1197,.1206784080678438,120.2987979976344,20.83533329543532
300.20917,1198,.0762774054989464,123.3739244780996,12.87558638773939
196.9922,1199,.0841599036724944,80.955890872936,14.26299989744336
95.39368399999999,1200,.107037856298373,39.20297692939791,18.35228217646633
211.14273,1201,.0614005165573551,86.7711909836724,10.28668860422651
156.71196,1202,.0410837242883379,64.40232827616481,6.812773695408884
102.41274,1203,.0169100836442314,42.0875273408712,2.770290451606531
136.93275,1204,.008797032952031,56.27386650806999,1.435325059964498
101.66366,1205,.1022065058851243,41.77968551396079,17.48090096247096
144.96213,1206,.1043507785240573,59.5736195493444,17.86712191311666
89.715599,1207,.074601786752641,36.86951179916812,12.58206438738763
159.16238,1208,.0651968543648579,65.40935258531439,10.94367711915724
250.52763,1209,.076758559665326,102.9568047614844,12.95996220442077
101.15457,1210,.0967926214214295,41.5704699486516,16.50944297808189
415.43921,1211,.0601072988231559,170.7288478888948,10.06345520851401
102.85817,1212,.0527583770002457,42.2705812002196,8.800361791493536
90.601288,1213,.1253905099425438,37.23349444432544,21.70099988563427
208.01927,1214,.0167482720532821,85.4875742368876,2.743559104554709
189.16768,1215,.1129606604064423,77.7403270726784,19.42627770079368
155.50311,1216,-.008328796381293,63.9055394252268,-1.347340367358833
87.561211,1217,.0547964942297866,35.98414476521468,9.14973281000281
136.77695,1218,.1144299073035923,56.209838958766,19.69368573572049
117.72234,1219,.0703493794603772,48.3791587197192,11.83936455799515
157.20232,1220,.1049318811320957,64.6038465629216,17.97193134808965
115.2579,1221,.0774268568327837,47.366372753052,13.07722303421748
151.64041,1222,.0701056229471374,62.3181246967508,11.79688714654642
116.60037,1223,.0862987717384383,47.91807406315559,14.641356317052
183.91222,1224,.0462683191485937,75.5805438617336,7.692577758914577
194.44568,1225,.0455590169906241,79.90937331931841,7.571942644675649
189.21198,1226,.071141437497056,77.7585325953624,11.97746140204513
106.93015,1227,.151645660456165,43.944001612382,26.5997695868279
86.12394,1228,.0668096119816163,35.3934840475272,11.22353425530521
93.944855,1229,.0779872939613038,38.6075663374174,13.1756189463164
105.8502,1230,.0707369937437006,43.500185489976,11.90693218838673
240.91313,1231,.1373109601490771,99.00563099522439,23.90922083445483
105.70964,1232,.068827809803373,43.44242096924319,11.57438265149122
196.80865,1233,.0974845013766839,80.880459186962,16.63329978952881
94.177994,1234,.0357379004297401,38.70337711288072,5.910373537144872
109.19831,1235,.0741286151988607,44.8761243738028,12.49926684901511
124.3016,1236,.0694133788365956,51.08297061980799,11.6763119880695
112.77239,1237,.0601385601872105,46.3449278617132,10.06884809622288
198.82228,1238,.1011844930810881,81.70798033012639,17.29710983293985
184.09561,1239,.0801933028143444,75.6559097941268,13.5634639633751
114.97637,1240,.0956208430436409,47.2506752180356,16.29987257215582
214.01619,1241,.1048658999029875,87.95206776045718,17.96002770744386
116.47001,1242,.0655835507048539,47.8645013331988,11.0107382797554
370.26663,1243,.1224796023728329,152.1647298328044,21.16575161018537
129.47804,1244,.0490568656989654,53.2102797810352,8.167672296600124
109.30403,1245,.0812157464949073,44.9195710523164,13.74351322328318
157.39622,1246,.1026716172053687,64.6835316836536,17.56460531276615
123.26923,1247,.0656012126203865,50.65870796849239,11.0138018413024
155.94981,1248,.0782425782819861,64.0891152036228,13.22045748244234
93.95365099999999,1249,.0695571442785228,38.61118114052188,11.70134620242781
100.40889,1250,.0740949264785899,41.2640253853332,12.49337334961276
81.713318,1251,.0793190863786503,33.58089535968184,13.40966300095491
142.33652,1252,.0492331254708877,58.4945991788176,8.197746837172881
110.03936,1253,.0794885781616543,45.22176218087679,13.43947119686949
115.91102,1254,.1175364821020704,47.63477886987759,20.26038839130619
84.291267,1255,.0447349522717739,34.64032897136796,7.431896610069803
105.58817,1256,-.003518531453839,43.3925016726196,-.5705582891715607
152.73164,1257,.0145917294857138,62.7665764466032,2.387709972466173
135.5163,1258,.0585666531601377,55.691762386044,9.797887707556878
108.33475,1259,.0310983167718107,44.52123585983,5.131090726688763
134.44803,1260,.1238582989754852,55.25274627503639,21.41906767472793
164.49388,1261,.0539397113368612,67.60038518553439,9.002777608126598
174.07565,1262,.0513394678354193,71.53810823492201,8.55755457686427
117.80198,1263,.0473544571230225,48.4118875645624,7.877469428382008
203.65323,1264,.0598728089204912,83.69330696241239,10.02300880655351
98.454193,1265,.0440872315485102,40.46072334077684,7.321900408352473
128.74811,1266,.0626086937905277,52.9103078358268,10.49550342935431
180.79135,1267,.0491525184407487,74.297991501038,8.183992505632352
186.99103,1268,.1664339283350118,76.84581124987641,29.41616590739178
309.35529,1269,.0800995277673437,127.1326128557652,13.54695967385627
142.7509,1270,.0772827240977637,58.664892733892,13.05192657225849
119.95255,1271,.0542898481679107,49.295685553694,9.06281778267293
91.315178,1272,.0053751052322316,37.52687459305864,.8755018742153495
162.06425,1273,.091513118061548,66.60190473229,15.56714980720133
101.45206,1274,.0926931532140243,41.6927264033528,15.77733264456609
260.42218,1275,.0149494065570585,107.0230678421384,2.446676869690278
187.46564,1276,.0762232676907088,77.0408569185232,12.86609525238892
68.196945,1277,.0876438505343832,28.0262083335666,14.87970969799064
165.03844,1278,.0048866867595078,67.8241774977872,.7957533229519006
239.62231,1279,.0681402944116832,98.4751557629228,11.45478378139296
115.61434,1280,.0434438665701511,47.5128552926792,7.212714408063073
181.06564,1281,.0500403432124331,74.4107136865232,8.335547106704089
142.53914,1282,.1122561826506669,58.5778678697032,19.29819959188066
94.760307,1283,.0739224075480274,38.94268439348316,12.46319602667478
119.19325,1284,.0820902606986523,48.98364371681,13.89765867942709
100.36219,1285,.0293899238050033,41.2448335589372,4.845051839961884
160.08929,1286,.0752122852224034,65.7902754076852,12.68894986340421
154.55615,1287,.0680681822035746,63.516376857262,11.44224404272008
172.82431,1288,.0967466901638624,71.0238576986828,16.50122363212139
118.6565,1289,.0449251779264078,48.76306100122,7.464214346504925
339.87143,1290,.0996270054502104,139.6735220882284,17.01738391355164
333.5817,1291,.119406437677073,137.088695402196,20.60235621969458
129.76917,1292,.053158788880087,53.32992253089959,8.868943606463123
146.71523,1293,.0514077535022708,60.29407331497239,8.569231898099343
173.64638,1294,.0642129870012678,71.3616954872344,10.77317100418651
360.90662,1295,.0676653745516872,148.3181412464056,11.37221563056204
87.552795,1296,.0560701471609646,35.9806861268646,9.368422299586431
237.87178,1297,.0688269076956281,97.7557581641864,11.57422566866253
211.46857,1298,.067091118892451,86.9050981509716,11.27242961367831
124.21776,1299,.0179177846059099,51.0485157434688,2.936860481537652
107.79457,1300,.0788490250821498,44.2992435518516,13.32702064985147
168.07027,1301,.0393020544030423,69.07013799076759,6.511483330250851
134.72859,1302,.0722698905571443,55.3680451789692,12.17439839062455
117.65228,1303,.0601265350052326,48.3503668705264,10.06677361605271
96.006004,1304,.1099846904447057,39.45461588311952,18.88584319737678
170.92355,1305,.0413883311311966,70.24272159717401,6.864338174306424
319.9848,1306,.0842448822415599,131.500915009824,14.27801680286279
144.17442,1307,.0896138953300773,59.2499023422696,15.22938873623948
244.5826,1308,.0581496545506611,100.513635946088,9.726078252498565
127.26579,1309,.1069564655224574,52.3011337865052,18.33756766450733
115.77885,1310,.0778032460703953,47.580462302538,13.14329958807789
883.0036,1311,.0175097283898149,362.879053495568,2.869389755328237
112.73884,1312,.0672766404072706,46.3311401577392,11.30466064984308
102.77914,1313,.0357340642834576,42.2381030409032,5.909727708213296
107.77958,1314,.0506334579416391,44.2930832632504,8.436868732704193
132.24231,1315,.0582599870415221,54.3462838485228,9.74507520131022
180.09473,1316,.0384646540244192,74.01170862943239,6.370059567281885
152.55624,1317,.073265021391986,62.6944940836512,12.34825255694242
96.520454,1318,.0196299073293634,39.66603419338552,3.220254525771215
120.62696,1319,.0925394562576657,49.5728410063648,15.74994274658161
122.54099,1320,.0607207886477964,50.3594305454812,10.16931895352342
154.01677,1321,.0385355160054912,63.2947133171876,6.382022455951845
84.99678,1322,.0363839762257886,34.9302665091864,6.019178058386931
403.81213,1323,.0782494661986893,165.9505844873444,13.22166744546746
250.70753,1324,.0813314102372912,103.0307364438964,13.76389285369997
98.803032,1325,.0137464424881323,40.60408217435616,2.248439145531216
153.29362,1326,.0216732447603785,62.99752767996559,3.559107598886775
166.0235,1327,.0489976611840651,68.22899763718,8.157571642613455
145.2533,1328,.158870673573443,59.693278737604,27.97055585928661
140.61835,1329,.056903079273328,57.788500241798,9.511589601281569
152.9816,1330,.020929996340427,62.86929997820799,3.435772246849276
180.52225,1331,.1088254343416918,74.18740219733,18.67575781908306
197.63939,1332,.0084433842480254,81.22185999767321,1.377379764849658
91.00971199999999,1333,.0937978658145896,37.40134032235456,15.97432425784202
213.14015,1334,.0907138932893422,87.59205046718201,15.42493610654451
90.69008599999999,1335,.1484633385181641,37.26998685974967,25.99912919539339
182.53932,1336,.0485750377645536,75.01633704248161,8.085486858499992
180.61909,1337,.0845754465731372,74.2271995521092,14.3364442966857
156.19164,1338,.123853978972953,64.18849763140319,21.41827338959082
148.80743,1339,.0204708068058881,61.1538835759084,3.359619696523822
201.47359,1340,.0802524299530744,82.79756236956921,13.57387106051642
462.4389,1341,.0345941008789502,190.043834851332,5.717920511939822
167.88,1342,.0846312127278677,68.9919446544,14.34630291052246
102.17258,1343,.0278302758427585,41.9888312160904,4.584343915886784
116.75209,1344,.085883362722132,47.9804248961492,14.56780893914912
157.06221,1345,.0826340711455371,64.5462669741348,13.99358093506628
104.0003,1346,.0886699935207375,42.739950807964,15.06176207837309
279.89459,1347,.0809165202418421,115.0254471190492,13.69080132369584
135.63008,1348,.0891194771409149,55.7385214011904,15.14156572991103
175.91252,1349,.0162789574319392,72.2929881096976,2.666052581055116
101.20774,1350,.0234267290054584,41.5923206854712,3.850445948392325
173.21761,1351,.0715827478682542,71.1854882194868,12.05445217811622
298.57703,1352,.0256090450342618,122.7031804195564,4.213748216019595
90.79611199999999,1353,.0737643415164551,37.31355929198656,12.43555140076503
89.60908499999999,1354,.1650543394127961,36.8257388185098,29.15166090344633
130.65341,1355,.0597794048542393,53.69330969519081,10.00690048359192
88.55548899999999,1356,.0461438153646381,36.39275313278132,7.671396489315202
92.855637,1357,.0767484175815944,38.15994143884356,12.95818325661883
83.621521,1358,.0089153478782323,34.36509023557748,1.454715520721936
182.18779,1359,.0858973615625366,74.8718723158652,14.57028690986432
135.395,1360,.097951861830794,55.64191295260001,16.71701277480197
322.62335,1361,.1054570374153921,132.585253201198,18.06670253965677
112.85889,1362,.0739505570172938,46.3804758913332,12.46811962725493
129.84509,1363,.0726669047907614,53.3611226049892,12.24373795392932
251.93407,1364,.0749562462245288,103.5347951751116,12.64411486082601
133.14575,1365,.0644252878267668,54.71756144251,10.80994895494681
109.59364,1366,.0402301719909732,45.0385891431632,6.668366233847276
144.52486,1367,.051836672706543,59.39391912261679,8.64259828540054
117.36298,1368,.0516390983086345,48.23147617724239,8.608799387213486
84.653008,1369,.0300835393049693,34.78899000931904,4.961126038485872
120.26122,1370,.0865252874723028,49.4225365398536,14.68147337160882
108.08356,1371,.0628816362764661,44.4180068475728,10.54271227921368
169.84412,1372,.0715048036435373,69.79911917390559,12.04085159885853
146.24777,1373,.0977364597915898,60.1019660094676,16.67842538632817
94.68470000000001,1374,.0518006343618934,38.91161294983601,8.63643273593361
147.77243,1375,.1014850997076272,60.7285401001084,17.35114917979724
171.43243,1376,.0535589010703344,70.45185086090841,8.937501526787706
166.89467,1377,.0517486943453255,68.58701355583959,8.62754707101573
96.58775300000001,1378,.0829911881085514,39.69369138234964,14.05660086948472
133.03444,1379,.0766150233550462,54.6718174982672,12.93478724229925
144.13205,1380,.0985912023004514,59.232489972154,16.83159397951286
117.71136,1381,.0507186339396484,48.3746463802368,8.451424260402565
201.05299,1382,.0745647273033194,82.6247126440412,12.57557815572969
89.335007,1383,.0904599035552482,36.71310375651916,15.37976508091095
236.2326,1384,.0444054280372995,97.08212094808799,7.375927764865589
83.090851,1385,.0834053644101442,34.14700615605788,14.12971817826667
103.73494,1386,.0606120132977588,42.63089849420719,10.15054395248062
185.67397,1387,.0555669908919857,76.3045524303236,9.281995787597223
131.64861,1388,.0658239524511184,54.1022969677668,11.05244199943365
205.938,1389,.0741285137646489,84.63225576743999,12.49924910383213
168.48404,1390,.0595875138596764,69.24018086031519,9.973811975313771
303.17557,1391,.0614495393390886,124.5929958661316,10.29515652719601
223.46626,1392,.0856140409081478,91.83566739364881,14.52014234553388
174.01143,1393,.0359735798795175,71.51171639142839,5.950055766559829
137.28981,1394,.0523262426677027,56.4206038428228,8.726377416837531
85.597229,1395,.0806148984509766,35.17702695817252,13.63768338484463
108.72977,1396,.0964017022658693,44.68357323162761,16.43950050796466
101.12165,1397,.0526452183575091,41.556941149402,8.780985162369904
124.13773,1398,-.0068622426163973,51.0156266242724,-1.11091082981397
156.16014,1399,.0141661757391192,64.1755523951832,2.317580347187687
293.73444,1400,.0475433445620165,120.7130702142672,7.909643962836926
78.208046,1401,.030267218690018,32.14036919919447,4.991877645413839
114.72169,1402,.0119585959939837,47.1460119557972,1.954258253774873
152.75668,1403,.0463138924149997,62.77686688199839,7.700331593394226
212.44853,1404,.0793417348720218,87.3078223949764,13.41364585575122
186.63518,1405,.0754462538243011,76.69957117657839,12.72993015684466
87.446487,1406,.0748502148501614,35.93699780394157,12.62555106225043
119.69426,1407,.0134573009296023,49.1895387262888,2.200826738917944
134.74237,1408,.0814335417465022,55.37370820611559,13.78189010193519
133.99481,1409,.0567317905680984,55.0664910382228,9.482138155288842
110.32399,1410,.0280461305780113,45.3387336915212,4.620401563119444
198.93674,1411,.0808345206908813,81.75501879799118,13.67635898041979
113.29276,1412,.0727473583697834,46.5587790544688,12.25779273456904
249.08601,1413,.0448353787305493,102.3643567792788,7.448957453454205
123.20104,1414,.043886135673754,50.6306846142752,7.287764714629153
205.23834,1415,.0606080507329799,84.34472357779919,10.14986003866902
102.66238,1416,.0890119763997588,42.19011936531439,15.1224762274537
86.885536,1417,.1003428997315138,35.70646944829568,17.14590494802276
393.36063,1418,.0534105622483559,161.6554373015244,8.912080953131674
136.86714,1419,.0778674668889045,56.2469034303432,13.15457627957162
175.80888,1420,.0954519543972266,72.2503962277344,16.26968739123888
140.13693,1421,.1166754004493568,57.5906559363684,20.10313312076532
117.19965,1422,.0726147007599535,48.164354100042,12.23461881286171
74.507431,1423,.0659504414761995,30.61956490286828,11.07438872274933
189.13565,1424,.0945647847841171,77.727164027722,16.11120877155485
108.18362,1425,.0346688689745629,44.4591274931656,5.730494092793466
122.01848,1426,.0916103876150598,50.1446998985824,15.5844656679026
104.92753,1427,.1299048972181764,43.1210051374964,22.53417880303189
160.03748,1428,.0773818483142902,65.7689835763024,13.06932328330039
121.99297,1429,.0338483560312622,50.1342163120436,5.592561731288187
382.90201,1430,.0431453717773668,157.3573640813588,7.162080462308145
102.83088,1431,.0597869419349576,42.25936610509439,10.00820026124391
136.87456,1432,.0742563166274799,56.2499527526528,12.52160871958507
222.32994,1433,.1312886493531357,91.36868546280719,22.79031926795172
139.39369,1434,.0285563212351181,57.2852141151572,4.705657762642939
93.716415,1435,.0576773733803679,38.5136866624302,9.644784990376863
95.722694,1436,.0460686479240038,39.33818683951672,7.658609866857478
206.67305,1437,.0729834043656872,84.93433182723399,12.29903514774056
271.36481,1438,.074888609003543,111.5200497538228,12.63227282012921
131.98793,1439,.0766503412713733,54.2417438742484,12.9409813481296
169.95699,1440,.0548068688875458,69.84550421556119,9.151513040529332
99.448486,1441,.1459267622332927,40.86933787274168,25.5217357638463
107.63538,1442,.0479979525358944,44.2338228485544,7.987105476411794
82.650108,1443,.0330466486206907,33.96587846566704,5.457899944648474
92.664551,1444,.122931279487127,38.08141275921388,21.24870244911097
141.21477,1445,.0506835178114786,58.0336049334276,8.445423196935639
115.28262,1446,.0324001815543438,47.3765316812856,5.34939228209667
222.60513,1447,.0643213630738672,91.48177751218439,10.79194456636131
152.96996,1448,.0541298435335337,62.8645164052048,9.035378168782334
94.400795,1449,.078072496986401,38.7949393851046,13.19058286586209
113.25376,1450,.0847222756300952,46.5427516191488,14.36240263809112
183.72237,1451,.0459354392549693,75.50252312851561,7.635952297404431
92.920517,1452,.0609823616874973,38.18660451585797,10.2144757246487
80.671761,1453,.1021161430894904,33.15285721994868,17.46464322317247
154.14529,1454,.0340687355266428,63.34752988096519,5.629597519429271
130.33415,1455,.01377640156147,53.562106643902,2.253373237981758
156.18985,1456,.0119406916490098,64.18776201321801,1.9513148455552
165.60329,1457,.0646113401577816,68.0563081860052,10.84218616587571
99.427727,1458,.0839729994207572,40.86080675659277,14.22997578347066
258.34,1459,.0937273046055358,106.1673753992,15.96173532304746
325.27377,1460,.1164414579776843,133.6744694863476,20.06043269999889
194.53273,1461,.0270081341196282,79.94514737687238,4.447079771457003
180.78822,1462,.0523710086623347,74.2967051966136,8.734040179147934
78.65701300000001,1463,.0153542295298151,32.32487662363844,2.513441723215213
147.7186,1464,.1150393749807919,60.706418129768,19.80472631100224
138.39571,1465,.1221688152636581,56.8750843741148,21.1086970812041
82.287659,1466,.0870944561600893,33.81692646812093,14.78231606829897
124.71496,1467,.0696528892812316,51.2528449958048,11.71802050152822
142.77029,1468,.0983667893256769,58.67286124596519,16.7913668313605
190.02414,1469,.0272644786266989,78.0922977715032,4.489866744357732
109.02679,1470,.0318436801700852,44.8056365351852,5.256041270452047
427.63599,1471,.0537006463709132,175.7412351340812,8.961795703225539
108.42211,1472,.0575827928421149,44.5571373149468,9.628509555361461
102.37495,1473,-.0039663478789,42.071997167006,-.6430314325278157
151.188,1474,.0556964350810468,62.13220233743998,9.304226096742619
180.14651,1475,.0830314684904109,74.0329881320188,14.06371050501849
103.37369,1476,.0729941600091708,42.4824392375572,12.30091462649356
433.42935,1477,.1061174644856276,178.122073664478,18.18595575305289
93.552689,1478,.1238849411192572,38.44640184511731,21.42396623352868
109.1685,1479,.0802332901115258,44.86387365978,13.57050214774477
176.7263,1480,.0572174983319446,72.627419040844,9.565664066154655
101.56182,1481,.0963111093996995,41.7378333597816,16.42329571628168
121.43535,1482,.0437980878253807,49.905056863758,7.27282089793205
116.95991,1483,.0731355082343077,48.0658305784108,12.32561618817564
146.83745,1484,.0250725847826195,60.34430083150599,4.124367191756768
180.89336,1485,.0876652676543659,74.3399135183968,14.88350749158725
193.42047,1486,.0649275143827882,79.48805314074359,10.8969833026077
108.60635,1487,.0714113706041871,44.632852563238,12.02454975509629
113.29527,1488,.0583298450525456,46.5598105637676,9.757104374390112
199.04152,1489,.0906313165376161,81.79807917421759,15.41024891346255
100.77551,1490,.016838769757433,41.4146914965388,2.758508832593094
126.33317,1491,.0601928348610502,51.91786438321959,10.07821140293322
102.44492,1492,.03223273859313,42.1007520298096,5.321298891753276
239.70509,1493,.0910571214035331,98.5091750217892,15.48599604011982
99.054939,1494,.0333024794029705,40.70760584484732,5.500859791748331
176.94351,1495,.0562559872117717,72.7166836363788,9.400354807112038
104.68666,1496,.0532603148591511,43.0220172312008,8.88633715518791
99.495926,1497,.0724527270836747,40.88883380944888,12.20632784349524
93.558273,1498,.0814093549526825,38.44869664508724,13.77762782577376
254.60199,1499,.0860254761939587,104.6312032581612,14.59296642150026
149.68138,1500,.0411976330931356,61.51304196303439,6.83205457586017
91.03068500000001,1501,.0599696094636622,37.4099593839178,10.03970446847084
232.77203,1502,.0701058840234452,95.65996551615639,11.79693263659503
103.95968,1503,.0731285492728057,42.7232576176384,12.32439998070339
243.13641,1504,.0606754164548725,99.9193098772308,10.16148730807571
102.15416,1505,.0664335259887436,41.9812613351008,11.1582327882972
115.15509,1506,.0415066110571994,47.3241219677892,6.884365079840375
189.60028,1507,.1186953468197951,77.91810831676639,20.4722402368933
88.708794,1508,.1103558858285584,36.45575533718471,18.95316431454638
103.65791,1509,.0620844022501079,42.5992422546508,10.40485672606718
158.81927,1510,.0384399743926638,65.2683481408876,6.365893361665203
98.82132,1511,.0644304935541705,40.6115978086416,10.81085086763562
123.16438,1512,.0959175849294449,50.6156188250744,16.35292109459055
98.809448,1513,.0809501913534242,40.60671889294624,13.69673206199485
97.976524,1514,.1481769559769257,40.26442054585712,25.94517023690207
166.59195,1515,.0763316515155422,68.462607780966,12.88509700895402
319.37646,1516,.115925212506379,131.2509116764248,19.96624017524103
162.49898,1517,.1108434499811105,66.7805613209224,19.04162840036541
88.053314,1518,.0560087089127709,36.18637935504232,9.357866798972225
159.00542,1519,.02143654331904,65.34484832254959,3.519819187202479
405.17337,1520,.0908484259773255,166.5099995143956,15.44886683801062
102.86064,1521,.0706344337391177,42.2715962711232,11.88905172193761
204.5939,1522,.0474000807057808,84.079884592732,7.885240259492738
234.89911,1523,.0466831638755965,96.5341100577068,7.763172464658834
122.18613,1524,.0510650061442565,50.2135973224644,8.510627772310452
177.09621,1525,.0291010816043355,72.77943721005479,4.796738817918273
76.46869700000001,1526,.0171103818652147,31.42556654287636,2.803385798670806
144.70049,1527,.0266972938131638,59.4660960063412,4.39521150746388
130.11362,1528,.0933056992703352,53.4714776615656,15.8865345683881
111.23773,1529,.0477930724641925,45.7142441722724,7.952191213985452
115.24271,1530,.0185680523646802,47.3601302724748,3.044436985139436
152.58499,1531,.0578361949408199,62.7063091802012,9.67211849433764
124.45787,1532,.0829281584027256,51.1471913202556,14.04547646925286
115.21132,1533,.0974354523385889,47.3472302418416,16.62451645908621
106.61523,1534,.0725632535665901,43.8145821269724,12.22563234394397
151.81512,1535,.0328405421457362,62.3899234973856,5.42329794041353
300.99155,1536,.0113599875129188,123.695451269014,1.855877796903965
156.65788,1537,.0618267587891095,64.3801035658544,10.36032920791606
103.51755,1538,.0985190641489587,42.541559925894,16.81866187049609
152.35109,1539,.0825652211407863,62.61018566426919,13.98143365786947
223.28603,1540,.0555167520354643,91.76160009447639,9.273368710659708
218.97658,1541,.0477302427908699,89.9905890396104,7.941485643309242
159.91727,1542,.0664257972903403,65.7195820891276,11.15689107787741
334.45444,1543,.0667465270908335,137.4473565278672,11.21257883359652
209.50612,1544,.0425405765394729,86.0986099344656,7.059534814336271
184.77,1545,.0344675560671348,75.9330570276,5.696641900226582
145.75885,1546,-.0011854662975367,59.901039504938,-.1924572222074643
205.6676,1547,.0357053248013527,84.52113221588799,5.904889392533224
137.4532,1548,.0545229823637018,56.487750577616,9.102806436439147
136.09979,1549,.0437122562459557,55.93155336642521,7.258254501308778
300.80487,1550,.0636439043860794,123.6187332786156,10.67462443879555
111.90509,1551,.0122435510073533,45.98850235778919,2.001110900561258
500.88666,1552,.0743835198388005,205.8443216872008,12.54386626166039
210.16034,1553,.0402906703168648,86.3674681071592,6.678597529455603
139.25626,1554,.022871246133338,57.2287358988488,3.758098148674464
164.39101,1555,.0456924848575162,67.55810974267879,7.594635760440581
96.690437,1556,.0821408993696667,39.73589038666756,13.90658858855659
122.83465,1557,.113647287195261,50.48011302384199,19.55119725895883
156.78214,1558,.0236134833466949,64.4311694405432,3.881504968931473
97.16925000000001,1559,.0225582632402245,39.93266331969,3.706088024340858
91.241074,1560,.0893222462254511,37.49642082211112,15.17757814654561
108.44821,1561,.0549056701413295,44.5678633678148,9.168467682685318
126.95483,1562,.0977937021385968,52.1733417022204,16.68867904046283
92.679779,1563,.0606692182660663,38.08767085626651,10.16041747295497
160.14641,1564,.0711855697787766,65.81374943603079,11.98515916787903
136.16924,1565,.0790261480441581,55.9600945300912,13.35815640633736
137.23756,1566,.1139403118352804,56.3991311890928,19.60453401014919
129.98161,1567,.0159027606506653,53.41722684780679,2.603950572580327
196.91556,1568,.0730058602446093,80.9243949077328,12.30295918950396
177.60204,1569,.1001747122123165,72.98731304615519,17.11570278772357
145.32088,1570,.1106606900096751,59.72105140629439,19.00846321019884
80.862534,1571,.0667292269217882,33.23125726913592,11.20957457968441
250.53862,1572,.0884953272042523,102.9613212105656,15.03076059179224
106.27839,1573,.1147777349551398,43.6761544009932,19.75704911205663
172.18553,1574,.0623869366482425,70.76134474653641,10.45715721722754
94.47036,1575,.0329170682484817,38.82352780915679,5.436144625466937
104.01747,1576,.0527124128419755,42.7470069891036,8.79249089140961
135.35683,1577,.0469895731376793,55.6262266139804,7.815333363178242
180.45164,1578,.0606415376977767,74.1583843202032,10.15563976394796
185.61789,1579,.0299961773735456,76.28150580025319,4.946501883915025
166.84677,1580,.0948917256355404,68.56732857758759,16.16959515116794
127.86755,1581,.0657321301303252,52.54843300389399,11.03651192875502
170.0061,1582,-.0168914799191383,69.865686455268,-2.720867059996504
94.10508,1583,.0817895614517874,38.6734123841904,13.84464099081037
228.2099,1584,.0380253543511345,93.78511311881199,6.295916102868718
131.28519,1585,.088300038858998,53.95294592817719,14.99610531682577
159.30421,1586,.0554857530577324,65.4676390250948,9.268045745093694
158.5067,1587,.0165713783878326,65.139894411196,2.714341140615098
217.89622,1588,.121665398113995,89.5466044236536,21.01631700109575
266.21371,1589,.0730403581919367,109.4031543159548,12.3089876883907
103.10815,1590,.0711766949498705,42.37331295102199,11.983611150047
154.29755,1591,.0892806713386773,63.410102632294,15.17019372292494
110.65698,1592,.0463778013376607,45.4755792219624,7.711205651242353
117.35365,1593,.0257007532516227,48.227641921562,4.229032758024852
156.42088,1594,.0395373331298443,64.28270607429441,6.551239525489482
224.19598,1595,-.0146540707009171,92.13555303728239,-2.3631020354587
140.23039,1596,.057357676053482,57.6290642467532,9.589777611984994
90.08812,1597,.0722524224187698,37.0226029846256,12.17134816727036
115.93559,1598,.0776425250468961,47.6448761541292,13.11508136209956
115.66054,1599,.0619961246628009,47.53184163913519,10.38959876170603
244.97816,1600,.0505679455061862,100.6761952362208,8.425674308830583
124.37096,1601,.0238810186733511,51.1114747970848,3.926008742238903
174.22281,1602,.0546217703681922,71.59858509086281,9.119753992991678
178.29112,1603,.0825248998249212,73.2704972802656,13.97432011492271
112.35271,1604,.0753061062617921,46.1724562192748,12.70538174475624
324.72845,1605,.0685035835427745,133.450364844586,11.51797062263074
244.59943,1606,.0138893484802553,100.5205524008684,2.271976295385685
101.5899,1607,.0218176246170329,41.74937311321199,3.583076765035634
493.17593,1608,.0681043444075271,202.6755210116884,11.44853224895126
91.92836,1609,-.0082080460007146,37.7788677941968,-1.327886767632177
88.24250000000001,1610,.0234187869750019,36.2641272109,3.849125241879136
180.93349,1611,.0810331928806389,74.35640533838119,13.71135257883584
143.39029,1612,.059111553205777,58.9276563715652,9.891767634804211
280.88513,1613,.0216520710866416,115.4325193185844,3.555592750580548
118.65817,1614,.0273261298295998,48.7637473042196,4.500158705827531
87.99627700000001,1615,.0749824110829316,36.16293943636676,12.64869606398416
173.41965,1616,.1015251429441238,71.26851855364198,17.35834888448279
196.26822,1617,.0460177371446576,80.65836413901361,7.649950055199121
171.39011,1618,.0858812800010857,70.4344590387868,14.56744027430876
274.3284,1619,.0988811130498845,112.737966344592,16.88357529733321
243.01392,1620,-.0258091301268735,99.86897140152961,-4.138885732024598
114.87599,1621,.1153428527620093,47.20942306528119,19.86004299828259
93.213036,1622,.0304418547575833,38.30681808899568,5.021120458520578
281.88644,1623,.0574224307563888,115.8440175560272,9.600917937878366
445.75494,1624,.068145452773021,183.1873966518072,11.45568081400354
160.6886,1625,.0944528538233469,66.03656777336799,16.0912240874687
560.11487,1626,.0836547324746513,230.1847397614156,14.17375539591016
193.66486,1627,.0300228350608483,79.5884876258168,4.950964174304832
128.3497,1628,.0447675471233233,52.746577310036,7.437433764360445
157.95006,1629,.0653811737646925,64.9111377035928,10.97563868910636
86.749298,1630,.0381565612435523,35.65048109616424,6.318057332672843
300.80563,1631,.0922929673286136,123.6190456081244,15.70602544309208
264.38132,1632,.0099338865597742,108.6501155414416,1.621737260031383
102.54765,1633,.0214667389122458,42.142969938282,3.524830624399727
167.88123,1634,.033810090155316,68.99245013505239,5.586131806379793
97.815849,1635,.0485782530012458,40.19838956713811,8.086035150507627
245.47336,1636,.0699187739380063,100.8797025687968,11.76433354015593
338.1738,1637,.0680941009096348,138.975864267144,11.44675099518376
98.13106500000001,1638,.0862581184376689,40.3279306966722,14.63415737856552
278.4151,1639,.0552995089265696,114.417436086188,9.23606845124233
207.59747,1640,.0782528215593723,85.31423135950358,13.22225686652619
297.79224,1641,.0145546484231819,122.3806632153312,2.38159796856866
169.1048,1642,-.0024561406728332,69.49528831542401,-.3984945616118429
87.48878499999999,1643,.1022335782738248,35.9543805849458,17.48577201231986
109.40327,1644,.0557315881075423,44.96035471080761,9.310263655998773
245.95573,1645,.0719380245499615,101.0779372861124,12.11645825333222
78.78304300000001,1646,.0597552008686903,32.37666989731484,10.00272654657263
159.93199,1647,.0877162806450385,65.72563141856121,14.89255370442124
68.728088,1648,.0700996832009215,28.24448679710944,11.79585220580949
135.46303,1649,.0616231692249161,55.6698705532364,10.32515172817385
187.6732,1650,.0740036114537883,77.126155751216,12.47739971200764
150.99446,1651,.0731633004640828,62.0526651622648,12.33047347971746
132.2569,1652,.0707633069891531,54.352279753172,11.91151997504069
173.19568,1653,.0320737284368691,71.17647586931841,5.294624702166307
85.06094400000001,1654,.0800314425477927,34.95663533892672,13.53497773117742
108.98336,1655,.0832692798092294,44.7877885475968,14.10569091425934
99.326797,1656,.0340408029773396,40.81932857590436,5.624902874300226
195.95581,1657,.0599799220051492,80.52997616290281,10.04148321807076
351.97864,1658,.0938596429679136,144.6490996569632,15.98534674494822
130.03993,1659,.0588176878529235,53.4411940280084,9.841131704559254
217.40692,1660,.0685983648819524,89.3455217543696,11.53445970727833
82.33015399999999,1661,.0339268270283461,33.83439020822151,5.605748207691722
166.20685,1662,.0855267141306164,68.30434713117799,14.50468935373084
459.51523,1663,.0691013612533608,188.8423237789724,11.6219920131261
132.02986,1664,.0704201285413472,54.2589754220168,11.85169534823507
133.93611,1665,.0691299385896952,55.0423676932668,11.62696641293999
205.87253,1666,.0624463618365628,84.6053502240964,10.46743217794032
195.56694,1667,.0663977891858436,80.3701661943672,11.15202892745886
124.50766,1668,.1098684796199816,51.1676530126808,18.86477198668172
287.87756,1669,.0489549178249242,118.3061275122928,8.150279734641725
116.02087,1670,.0999481175849903,47.6799228126956,17.07502024150904
237.83549,1671,.0861954116756122,97.74084443014119,14.62305375880212
160.85457,1672,.0920924834099029,66.1047747846516,15.67031290372925
401.2153,1673,.0445288204135097,164.883391542164,7.396883483153621
71.848282,1674,.0384189054977941,29.52676134892616,6.362336771307889
127.46636,1675,.0919080310140348,52.3835600096368,15.63746240992302
318.20639,1676,-.0188662039052979,130.7700598496332,-3.035964000597882
234.86707,1677,.0608257915616094,96.52094290315159,10.18744475639394
188.87177,1678,.0339830109096047,77.6187199345876,5.615190133171245
152.14725,1679,.0805067717094593,62.52641560233,13.61864532714975
99.844673,1680,.0766667941827948,41.03215483471924,12.94386695756531
153.26022,1681,.0639269074156711,62.9838016199736,10.72362433193218
117.95621,1682,.0827602341978588,48.4752699068548,14.01584218275269
292.0289,1683,.0609915711320304,120.012161700532,10.21606581622337
279.93137,1684,.0644797362296699,115.0405622234356,10.81938258655563
202.44017,1685,.0235022243157197,83.19478797037959,3.86300083700484
128.04039,1686,.0676863980028371,52.6194633095532,11.37586987564234
109.44181,1687,.1143437706803908,44.9761931045828,19.67799772735707
179.51608,1688,.0698846368141236,73.77390669487039,11.75838668651664
170.32455,1689,.0515445145981748,69.996556629054,8.592621389078543
135.00249,1690,.0376965745517579,55.48060709010119,6.240447103322631
213.80118,1691,.0530118757895439,87.86370727665839,8.843777411367087
277.84906,1692,.0709282632482657,114.1848163557128,11.94028330279387
248.00047,1693,.0313849580762961,101.9182433911436,5.179131417158409
82.95343,1694,.0547306367098372,34.0905316383884,9.138432475914504
431.41388,1695,.1096243085058665,177.2937963551344,18.82050714287163
204.97888,1696,.0313076259298789,84.2380959273344,5.166169298786254
190.16006,1697,.0276818260519468,78.14815543839279,4.559550504473555
113.52158,1698,.06160743230266,46.6528148942104,10.32243290238095
123.09016,1699,.0475519028829374,50.58511738278079,7.911101906139454
210.89912,1700,.0653187675437208,86.6710770473056,10.96481659233355
393.25052,1701,.0611228202088024,161.6101865091376,10.23872871492288
564.1499,1702,.0581827834285832,231.842975206012,9.731782132646533
128.17656,1703,.1022902706962752,52.67542371641279,17.49597292901882
190.46082,1704,.030712675716165,78.27175573190161,5.066479535322533
188.18304,1705,.0295009693121463,77.33567953643519,4.863629515941922
167.89389,1706,.1238054768895395,68.9976528871332,21.40935592571638
123.47549,1707,.0090517978041356,50.7434725533412,1.477080948925936
106.08546,1708,.151709919837185,43.5968679113448,26.61191778204144
151.51945,1709,.0268208613622745,62.26841498966601,4.415828634631334
158.33208,1710,.0873328516903852,65.06813259695039,14.82457095242246
98.51430499999999,1711,.0811876210512062,40.4854269610834,13.73855795442955
74.49595600000001,1712,.0366954582656724,30.61484913824528,6.071659336892566
116.88703,1713,.0472054446168674,48.0358798223564,7.85209136147795
278.64163,1714,.0611800870561237,114.5105308278044,10.24861796616708
146.24417,1715,.1250158448923369,60.1004865538996,21.6320202920448
161.48148,1716,.0387252491289606,66.36240964302239,6.414057292751594
294.95602,1717,.079233385725095,121.2150905844776,13.39459291384246
167.58247,1718,.0469284652844218,68.86967176130359,7.804929527913393
126.50547,1719,.0200950579486905,51.9886727705436,3.297331058706495
168.48143,1720,.1456387028999941,69.23910825502838,25.46759841478544
170.01668,1721,.0345659966478713,69.87003441079841,5.713194530312746
171.29517,1722,.0644792110185739,70.39544250777959,10.81929158697952
155.39272,1723,.0706230323642992,63.86017356407359,11.88706410225294
93.40922500000001,1724,.0231926496539182,38.387443896893,3.811524519751383
236.70839,1725,.054094423882678,97.2776515493932,9.029304553574397
317.95462,1726,.0444084489885415,130.6665924806456,7.376440781918006
224.51924,1727,.1245566025930363,92.2683999280912,21.54750442489778
321.74103,1728,.0826170932897553,132.2226550798764,13.99058543680762
346.05145,1729,.0504058260008042,142.213262365826,8.397975324582019
268.20795,1730,.0757643138970338,110.222706947046,12.78565469916797
80.43001599999999,1731,.0244102482283177,33.05350972375808,4.014079717751706
136.1132,1732,.0913235681835536,55.937064338416,15.53341110377315
104.56461,1733,.1128733220123001,42.9718595778468,19.41039417818024
124.5125,1734,.1153784512290019,51.1696420585,19.86653284123548
85.175629,1735,.0960974791821754,35.00376627276452,16.38508844037599
71.466003,1736,.0740283845379087,29.36966001695964,12.48173309638974
164.67528,1737,.0373058684790781,67.67493330776639,6.174554125482359
124.453,1738,.0510898666711742,51.14518994564,8.514877835380432
167.67384,1739,.0468685800918655,68.9072211655392,7.794734471883873
97.712143,1740,.0409711705619369,40.15577056182283,6.793724340675508
145.05344,1741,.0393243699496804,59.6111442959872,6.515253695619596
129.31274,1742,.0617868502493664,53.1423481128712,10.35343299616427
183.35985,1743,.0854135653011885,75.35354195281799,14.48466900341376
83.11087000000001,1744,.0433238942052651,34.1552331618956,7.192361569083412
111.73548,1745,.0397488244322311,45.91879945254239,6.586984227403425
93.924004,1746,.0660503490661946,38.59899741295951,11.09172534504101
112.75263,1747,.0979598076235443,46.33680729448439,16.71843635293558
116.34005,1748,.1154875844273583,47.811092987194,19.88643000630797
101.77544,1749,.0492659709264707,41.8256226093472,8.203351719434302
303.4313,1750,.0740602688303039,124.698090636244,12.48731055328502
222.76099,1751,.0279676397449158,91.54582971908118,4.607289091194046
134.83389,1752,-.0028531973707932,55.4113192543332,-.462822853271749
85.439804,1753,.0925596441982839,35.11233159906352,15.75354014197728
186.47484,1754,.0820481644673736,76.63367786941919,13.89023553654772
194.33896,1755,.065403935121545,79.86551568092479,10.97958598942944
97.329926,1756,.0399163383609493,39.99869470936888,6.615301563273875
146.43985,1757,.0894659957461912,60.180903183218,15.20311292981988
306.51794,1758,.0897331145713948,125.9665758402472,15.25057202855675
169.97874,1759,.0302174807806423,69.85444259295119,4.983549965785032
231.83752,1760,.0769600428356622,95.2759193986976,12.99530661502804
179.3647,1761,.0048981713652387,73.711695588236,.7976280724335496
201.86296,1762,.1270074514067797,82.9575778180448,21.9989916510936
100.66745,1763,.0304869814773939,41.370283171906,5.028677759033375
85.772575,1764,.0642662227058616,35.249087129291,10.78239256233907
90.554863,1765,.0799608140872475,37.21441563189644,13.52254907956952
155.03766,1766,.0759602619212884,63.71425814908079,12.81999387436047
150.3791,1767,.0668010072142582,61.799776890508,11.22203989711813
223.73502,1768,.0325430978903357,91.94611697099759,5.373374344277142
426.27322,1769,.0420177016792259,175.1811913384136,6.97092909409114
118.46449,1770,.1249345784277323,48.6841525946612,21.61706173132973
164.00505,1771,.0604496482780101,67.39949566739401,10.12252298843602
113.46282,1772,-.0032073251823344,46.6286668916616,-.5201745682358064
93.954651,1773,.0806014961672004,38.61159210040188,13.63532351037698
156.82082,1774,.0355664727574177,64.4470653687016,5.8815154943198
150.46819,1775,.0543107390492147,61.83638930621719,9.066400738684532
204.7986,1776,.0634199311334572,84.164008080168,10.63585494628827
128.17274,1777,.0085601111645357,52.6738538496712,1.396503189653934
163.82817,1778,.0634745270836737,67.32680508381959,10.64530463728773
93.22704299999999,1779,.0476841897100655,38.31257440403483,7.933639069467671
129.70102,1780,.0842093506538383,53.3019156150776,14.27173771756001
154.34642,1781,.0433820468637009,63.4301862416296,7.202226633513074
158.96628,1782,.0760966173495975,65.32876335284639,12.84389363552135
78.575287,1783,.0335360735808506,32.29129051648556,5.540095203933731
256.84738,1784,.1138676068436833,105.5539684631144,19.59129868891331
124.40869,1785,.0851982529188552,51.1269803133572,14.44657827396822
172.81776,1786,.0752536026519991,71.0211659114688,12.69618603646718
98.513458,1787,.0528676960190618,40.48507887806504,8.819083028117065
351.73447,1788,.0456821660997241,144.5487555830636,7.592881186928295
93.259514,1789,.0947171798987278,38.32591868229832,16.13842171371404
104.13892,1790,.0533872837933304,42.7969180665296,8.908092105863494
300.67319,1791,.0618474467041335,123.5646180816172,10.36390419628398
110.48734,1792,.050175518679574,45.4058639879192,8.358633807483988
166.57411,1793,.0651934454022289,68.4552762567068,10.94308604968275
95.75696600000001,1794,.1111773880975409,39.35227125652408,19.102243329887
215.36183,1795,.0687927047171971,88.5050718133804,11.56827384517985
145.43059,1796,.0629159692930234,59.76613781472919,10.54865152041302
481.42841,1797,.0456356066021147,197.8477616021908,7.584964561721545
169.4982,1798,.100015708536944,69.656959932216,17.08715448074671
193.7076,1799,.1078897967504081,79.606052051088,18.5063750652201
250.90724,1800,.0483011481173436,103.1128092415312,8.038787124017933
129.8349,1801,.0016024413093304,53.356934923812,.260514884161206
106.86816,1802,.0530502043304059,43.9185262094208,8.850342729438397
97.101776,1803,.0318282406231073,39.90493421274687,5.253452085155531
237.33565,1804,.0544618875359849,97.53543024372199,9.092326163209581
130.04112,1805,.0848573430441373,53.4416830702656,14.38628496993827
147.30594,1806,.051892098766871,60.5368314256872,8.652081177819104
100.56553,1807,.1323007032551596,41.3283981409364,22.97788079491884
336.13712,1808,.0637656884149405,138.1388704987456,10.69570874797143
206.63754,1809,.0263017822362378,84.91973864189521,4.329237904424785
158.60777,1810,.0222674976594756,65.1814301262676,3.657784459353623
109.50758,1811,.1091137006825338,45.0032219358904,18.72797593711855
70.95375799999999,1812,.077633919341139,29.15914787322903,13.1135705629171
117.447,1813,.0986330732636362,48.26600502636,16.83910055844451
143.67451,1814,.0910544733744033,59.04445938865879,15.48552487819695
120.45235,1815,.0221940893976214,49.501083301718,3.64559169868877
131.33339,1816,.0841389073890776,53.9727541943932,14.25928975617883
118.11584,1817,.0739154846335589,48.5408714324992,12.46198516661764
250.05273,1818,.0379928844193915,102.7616399144724,6.290437233782646
194.44003,1819,.0837526199546909,79.9070513959964,14.19104486231809
134.42903,1820,.035335731872091,55.2449380373164,5.842680506739886
116.68668,1821,.025592687288786,47.9535440103984,4.211022101109178
215.12749,1822,.0947877809706448,88.4087674751012,16.15103023544387
150.38626,1823,.0499300198312999,61.80271936324879,8.316707221638284
107.46275,1824,.0203611435360654,44.16287884447,3.341438178804842
167.91968,1825,.0525373647562074,69.0082515424384,8.762518978487153
168.19817,1826,.0578615232680936,69.12269975941959,9.676477950816311
317.62839,1827,.0735397600164242,130.5325250389932,12.3962812059932
89.274254,1828,.0815984198678466,36.68813671092952,13.8109482122645
83.286255,1829,.0975907544620703,34.2273093604494,16.65232826525877
132.96059,1830,.0606359145816312,54.64146811112919,10.15466922154378
146.45332,1831,.0472892004507495,60.18643881280159,7.866355209909028
127.40554,1832,.0212551149796094,52.35856542973519,3.489711465093716
90.58729599999999,1833,-.0034080650327358,37.22774429368448,-.5526757745123675
118.83082,1834,.1263117169282731,48.8346995275016,21.87071326410355
111.18745,1835,.0357384494247195,45.693581109506,5.910465962613624
198.35109,1836,.0858004825104747,81.5143401442692,14.55313881051957
292.44263,1837,.057163588143762,120.1821881316844,9.556391268518928
100.72926,1838,.0997344849957948,41.39568460208879,17.03667332675385
103.7564,1839,.0840362740674509,42.639717693232,14.24115509029935
360.0535,1840,.0515259816765437,147.96754315358,8.589451619010662
160.19267,1841,.0225933757281332,65.8327604400796,3.711922052935033
107.54927,1842,.0775524188787824,44.1984350932876,13.09926316174539
258.46387,1843,.1145195861416385,106.2182809995356,19.71002032129286
133.2683,1844,.1178300213080305,54.767924575804,20.31402702420848
145.43803,1845,.0480981872111134,59.7691953562364,8.004189391185003
100.89146,1846,.1699030215030834,41.4623422946248,30.08290085392299
300.56863,1847,.0708572075491317,123.5216481165644,11.92789277980801
94.37618999999999,1848,.1166195244891787,38.78482771725719,20.09293343609731
100.19106,1849,.0308969036600608,41.17450599467279,5.097342401291524
92.838127,1850,.0036958666131526,38.15274553134476,.6014804002962411
135.51933,1851,.0502481677194365,55.6930075944804,8.37104287085382
140.8912,1852,.0496112938441288,57.900630645056,8.26229017155157
80.748009,1853,.0675408871006662,33.18419208887892,11.35057909920987
242.2494,1854,.0958910748252976,99.55478435407201,16.34818124509158
208.29315,1855,.0796885007156962,85.60012792882199,13.47463768924175
149.16992,1856,-.0052248638042189,61.3028524228096,-.8465318454500528
192.05623,1857,.0599555632956276,78.92740523405239,10.0372817571044
223.81491,1858,.0688797586068801,91.97894855581079,11.58342290823717
144.53691,1859,.0417294473660088,59.39887118917081,6.922101685550804
195.52205,1860,.055949563757066,80.351718205354,9.347705879572072
141.46901,1861,.0498165307128063,58.1380873733188,8.297328893391665
113.35615,1862,.0821321436775791,46.584829801262,13.9050445280488
104.77222,1863,.0387648057702492,43.0571789585336,6.420736863552274
105.54943,1864,.0499849806190875,43.3765810868684,8.326092596267635
126.97649,1865,.0215903993652238,52.1822430932212,3.545355615097438
150.33475,1866,.0900592510686672,61.78155081983,15.30853400919693
123.10754,1867,.1176350382319773,50.5922598654952,20.27839586898708
301.66452,1868,.0833478338652884,123.9720149394576,14.11956011575754
111.80733,1869,.0321229094869275,45.9483269199204,5.302874443217193
94.99556,1870,.0256511396059948,39.0393639381328,4.220763730089801
220.50638,1871,.0339728475865041,90.6192754640344,5.613482106860124
116.4531,1872,.0973707347920901,47.857552001628,16.61292798997691
90.43512,1873,.0478169002948477,37.1652060629856,7.95625142255582
201.12076,1874,.0872613297933789,82.65256339510879,14.81189285552576
242.95064,1875,.0474183650043979,99.84296586032319,7.88835462991596
204.04041,1876,.0483124021043287,83.8524224087508,8.040705740501442
86.84126999999999,1877,.0506447770120618,35.68827789824759,8.438802950826917
241.76411,1878,.0930920023606666,99.35534963390678,15.84843005796275
82.64991000000001,1879,.0574821362131085,33.9657970956108,9.611190236390875
101.33376,1880,.0739464979491554,41.6441098495488,12.4674096504245
261.78787,1881,.0948013891831534,107.5843116406556,16.15346060459933
135.27544,1882,.062921761448024,55.5927785893472,10.54965352079751
215.52747,1883,.0901881859832286,88.5731432079036,15.33145393290225
209.14851,1884,.0589296967002668,85.9516465717788,9.860430190810144
124.17456,1885,.0919007726127222,51.0307622766528,15.63616983136344
183.11102,1886,.060384847935053,75.25128280587759,10.11134101184332
173.93681,1887,.0732445058641385,71.4810505651828,12.34466664820861
126.9103,1888,.0284090019882311,52.15504165876401,4.681035285097258
110.4294,1889,.0522570882544729,45.382052972472,8.714540672170671
104.68216,1890,.0746736032897577,43.0201679117408,12.59463457027311
129.04843,1891,.1093786548236362,53.0337273069884,18.77598443547713
114.67632,1892,.0861170536161987,47.1273667060416,14.60917970912171
158.79414,1893,.0471004584047183,65.2580207191032,7.83421360856628
241.41464,1894,.0192654277686825,99.2117314846432,3.159884467796021
120.96497,1895,.0579568118865732,49.71174955540359,9.692879809262113
150.95679,1896,.0577657299593678,62.03718430358521,9.659990796220326
231.06436,1897,.0469087380872098,94.95818165787679,7.801571036263026
163.9395,1898,-.0171873264369193,67.37255724726,-2.768113462069257
114.6185,1899,.0482592570665625,47.10360500578,8.031645590535602
185.21547,1900,.0725864550036556,76.1161273253436,12.22968496634768
126.07291,1901,.0598697461920715,51.8109079648508,10.02248058921724
328.43304,1902,.0396265552031867,134.9728027064352,6.5663182611601
131.54268,1903,.0949154935922609,54.05876398767839,16.17384047045594
68.93656900000001,1904,.0833482247592865,28.33016412385172,14.11962913322008
181.93507,1905,.0829537592132712,74.76801453499159,14.0499947885008
279.33759,1906,.0244403188983134,114.7965424658892,4.019085284619615
185.64589,1907,.0886990961186042,76.2930126768932,15.06692801844406
96.292061,1908,.08598091891574,39.57217383351268,14.58507833317034
177.49673,1909,.0536018073944181,72.94403486119241,8.944855014277101
88.031364,1910,.0580853826946249,36.17735878567632,9.715012948338359
178.57622,1911,.065042760731669,73.3876619420536,10.91696131412527
166.38702,1912,.1206820249124805,68.3783897727576,20.8359961877787
297.89227,1913,.0601142968795486,122.4217715321276,10.06466242629236
250.34605,1914,.0924413713833492,102.882182666474,15.73246552013289
207.30962,1915,.0926396632542655,85.19593655804559,15.76779987318188
159.9171,1916,.0706808301562827,65.71951222594799,11.89714031639045
974.8445400000001,1917,.0493555592059088,400.6219951770552,8.218640364069065
150.53568,1918,.0543156705239429,61.86412498851841,9.067246537619416
99.52563499999999,1919,.0548190445055375,40.90104301652379,9.153602328843775
193.9384,1920,.0518076819913757,79.700901591392,8.637638448314759
114.99983,1921,.0996666079040249,47.2603163368204,17.02449114651849
390.11481,1922,.0600428510908992,160.3215355038228,10.0523378832849
121.72049,1923,.0724462688139606,50.02223796394119,12.20519991130203
90.512024,1924,.058564275965287,37.19681052159712,9.79747825665144
126.91921,1925,.0982232881706731,52.1587033112948,16.76564826317006
99.800003,1926,.05778371854177,41.01379725687964,9.663086722286616
226.69258,1927,.0679696249872426,93.1615554736904,11.42510719015845
165.70677,1928,.1151196893447783,68.0988343143876,19.81936405095124
117.47981,1929,.0626366330712259,48.2794886200228,10.50033528882698
186.05045,1930,.0666477762384603,76.459270605946,11.19543099232051
108.89542,1931,.0283703569671199,44.7516487357496,4.674576877848278
135.91069,1932,.0919627688892388,55.85384085311719,15.64721045141205
210.12628,1933,.1054454236570533,86.35347081364641,18.06460614970542
173.38164,1934,.1122773252235604,71.25289796860319,19.30204212009642
234.87221,1935,.0558538310629391,96.52305523693479,9.331260629691421
172.22873,1936,.0858872106406059,70.7790982133524,14.56849006562976
130.39757,1937,.0888945336964433,53.5881697194916,15.10162362112834
121.62537,1938,.0755087387511698,49.9831474601556,12.74087619916648
197.60191,1939,.0376193290492793,81.2064572213708,6.227417528617744
87.514786,1940,.0354027732935393,35.96506595278568,5.853963031156576
168.77843,1941,.0798129617214243,69.3611633393884,13.49653400290629
92.231247,1942,.0637535491570823,37.90334219937036,10.69360697896163
245.51279,1943,.0327108038782915,100.8959067168652,5.40152060274746
218.36644,1944,.0257119778970021,89.7398459784272,4.230903608845709
89.47982,1945,.0654873386622598,36.7726160896216,10.99405069386851
137.18655,1946,.0709286306151927,56.378168125614,11.94034736564828
230.55083,1947,.085690114067868,94.7471414307004,14.53360504270074
88.20208700000001,1948,.0962250527979776,36.24751908926957,16.40790370809418
113.43021,1949,.0623127490812641,46.6152654899748,10.44433061230461
344.57254,1950,.068920948230155,141.6054896896952,11.59059116016324
102.43822,1951,.0469091238996815,42.0979985986136,7.801636718955822
145.54152,1952,.061971169984828,59.81172559421759,10.38528582064992
125.11712,1953,.0802236052734909,51.4181166211456,13.56879748868424
185.04785,1954,.0565281943297718,76.04724223025801,9.447138300660416
97.97846199999999,1955,.0700153877463106,40.26521698610456,11.78116523758519
80.156502,1956,.071708234888925,32.94110644313976,12.07635078296892
319.2785,1957,.0838933502801248,131.21065404658,14.21590445159609
245.50996,1958,.1002174674594486,100.8947437004048,17.12338005087245
168.34471,1959,.0993790173813482,69.1829218202348,16.97288526786562
151.00316,1960,.0794092317352339,62.05624051322081,13.42551606354766
88.165131,1961,.0232979482292764,36.23233165594428,3.82903186102334
219.65466,1962,.0781416975271802,90.26925271504079,13.20273726143492
175.93617,1963,.0360589986213555,72.3027073108596,5.964440348449451
191.17949,1964,.0453667277296409,78.5671002688612,7.539253639606563
101.36595,1965,-.0069279948138977,41.657338648086,-1.121518454782272
138.01027,1966,.0751604251312902,56.71668399796759,12.67986771296186
182.40956,1967,.0596676571906309,74.96301088845279,9.987630628497689
274.30447,1968,.0850912650083292,112.7281320746636,14.42765418409531
157.36008,1969,.0517024490664807,64.6686795935904,8.619636024652374
140.99207,1970,.0727956852851638,57.9420841681516,12.26623571423044
173.02467,1971,.0848940031192155,71.10619762023958,14.39276768276357
144.07474,1972,.035546926880214,59.2089378614312,5.878225465961024
98.432625,1973,.0968791376531201,40.451859758085,16.52492598401309
322.6311,1974,.0194340954519829,132.588438140268,3.187818766443217
137.74365,1975,.0496909210502535,56.607113874762,8.275883539633591
90.81034099999999,1976,.1038155518587341,37.31940684011908,17.77064067045111
121.97817,1977,.1102210404410566,50.1281341058196,18.928705457215
123.72789,1978,.0272947496799994,50.8471988270532,4.494920070348821
165.24352,1979,.0655622053145967,67.90845714997759,11.00703587039391
122.37123,1980,.0789003633978186,50.2896659962524,13.33604464508899
118.39921,1981,.0539275390687218,48.6573251336948,9.000690730497954
127.48863,1982,.0651736982056947,52.39271208616439,10.93966218406422
85.667351,1983,.0561007372844116,35.20584428687788,9.373678128558446
129.76291,1984,.0880966137524102,53.3273499220508,14.96001331287101
96.029449,1985,.0899909175715241,39.46425083750612,15.29638800458327
155.16574,1986,.0888781744006227,63.7668938905112,15.09871913132825
140.80621,1987,.0751229394151395,57.8657031648548,12.67330321032398
288.69501,1988,.0887716306165401,118.6420666661988,15.07980411678574
76.0877,1989,.063788495075989,31.268992061476,10.69965752074907
194.17422,1990,.0647215613981737,79.7978141502936,10.86128698420475
97.644463,1991,.0786321235067753,40.12795679714444,13.28889987663508
278.17978,1992,.1065247790742581,114.3207290072264,18.25954376017395
102.61583,1993,.0501004555822261,42.1709891829004,8.34581334981698
76.909554,1994,.1028800946430478,31.60674108269352,17.60213685800301
276.08331,1995,.0655870529930206,113.4591639476028,11.01134576762225
119.36195,1996,.0657879124901898,49.052972648566,11.04618932434549
212.64653,1997,.0366192250145704,87.3891924512164,6.058813366414514
173.56929,1998,.0430296505422328,71.3300145900852,7.14245462809648
243.69882,1999,.0714250518920098,100.1504378233416,12.02693671932943
134.30751,2000,.0475620163503214,55.1949981926988,7.912824790783648
317.64267,2001,.0861510774667978,130.5383935460796,14.6152038262723
85.188194,2002,.1088820560580878,35.00892998365671,18.68601339391724
205.44075,2003,.0763464521979324,84.42790596710999,12.88769201136097
173.81778,2004,.0320333431156844,71.4321340106664,5.287850680025405
91.872383,2005,.0837317477325532,37.75586349299404,14.18735814487757
156.25606,2006,.0441240654330988,64.2149716668728,7.328153643491413
645.42834,2007,.0080296971577405,265.2451531549992,1.309623188669245
98.946861,2008,.0544410016948966,40.66319012293668,9.088743530158279
368.26663,2009,.0507033098712928,151.3428100728044,8.448805474630531
200.09331,2010,.0297987178587213,82.2303226664028,4.913452394098392
188.93393,2011,.0527744339330653,77.6442652007284,8.803111465106088
82.460098,2012,.0444414250625651,33.88779197886824,7.382040869913601
343.25302,2013,.0990256314079882,141.0632199088376,16.90949322775375
179.8837,2014,.0642929899693595,73.924983765956,10.78702940809498
100.58296,2015,.0783768901872323,41.3355611716448,13.2440528307353
194.83499,2016,.0286641656619402,80.06936411020121,4.723684842165113
271.00452,2017,.0800801078645501,111.3719850186576,13.54354198899622
192.17679,2018,.0128097009122605,78.97695055718521,2.094237573151495
212.86224,2019,.050694981648425,87.47784060693121,8.447382251167822
162.57297,2020,.0209710284974883,66.81096824244359,3.442578771744135
133.76852,2021,.1637214237955544,54.9734949269776,28.89645081657683
107.09389,2022,.0450482052604026,44.0112921831332,7.485118928217344
113.03332,2023,.079997736567126,46.4521596232016,13.52904630323237
102.00434,2024,.0862720250814056,41.9196913258792,14.63661995188863
168.50682,2025,.0607811565777084,69.24954252638159,10.1797395479365
100.98575,2026,.1030148112831952,41.50109170171,17.62639363808963
255.6357,2027,.0776404447985739,105.056016595716,13.11471615698945
135.10548,2028,.0947809980887971,55.5229318481424,16.14981885380613
114.04622,2029,.0761467836432701,46.8684208856536,12.85268737606142
261.08188,2030,.0424755945865622,107.2941780749744,7.048520532552205
234.2493,2031,.0565714529350394,96.26706421808399,9.454574211713668
103.11481,2032,.0653573963027532,42.3760499438228,10.97151527063717
167.67668,2033,.0902751771463815,68.90838829159841,15.34691945750575
139.22281,2034,.1212524183674061,57.2149892908628,20.94056744589024
174.01402,2035,.0660292113878123,71.51278077751759,11.08805725156339
98.670593,2036,.120087346066078,40.54965505880884,20.72703613669479
109.27754,2037,.0039594778542812,44.9086847250952,.6444665612936012
161.86877,2038,.0763416096746276,66.52157029494761,12.88684296792706
111.10156,2039,.0337680470397876,45.6582837654128,5.57906746473934
112.13153,2040,.0450401033997326,46.08156011301639,7.483742195622168
111.96856,2041,.1042653818239372,46.0145859813728,17.85172463658211
112.82066,2042,.0731623137512887,46.3647648951208,12.33030102806518
113.29917,2043,.0411739300624002,46.5614133072996,6.828042279219087
340.86728,2044,.0625867647403215,140.0827764847264,10.49171108236564
107.34299,2045,.1332336096554843,44.1136622892412,23.1509423208453
169.78729,2046,.0816061330405986,69.7757643239252,13.81230769868411
391.73926,2047,.0845111816878569,160.9891192808888,14.32508391747583
175.96405,2048,.0706151705771608,72.314164872314,11.88569355768119
102.17242,2049,.0411393323354878,41.9887654625096,6.822185969174029
93.893974,2050,.115946772994713,38.58665628776312,19.97017306118659
420.43573,2051,.0595048426454649,172.7822171485124,9.959558614146731
94.253281,2052,.1090657406873392,38.73431704936628,18.7192871613091
179.16173,2053,.0609314917576789,73.62828306139239,10.20569284781861
90.76816599999999,2054,.0631787597834029,37.30207460718007,10.59411819235324
138.87386,2055,.0548032293433863,57.0715848407368,9.150888513958428
222.26912,2056,.0538115108998642,91.34369088290559,8.980799526432023
227.30728,2057,.0858221434118933,93.4141725119264,14.55697275926292
92.054283,2058,.058234041917448,37.83061709516604,9.740607804746876
163.19632,2059,.0797080331074283,67.06714008364159,13.47807382520643
110.50096,2060,.0639499964144204,45.4114612614848,10.72762263411423
104.20557,2061,.0889037050785807,42.8243085425316,15.10325196297205
238.50063,2062,.0674617393186018,98.01419028472439,11.33682422591723
192.76976,2063,.0206797826069961,79.22063743722879,3.394272161512281
98.83680699999999,2064,.0178290821274178,40.61796234430316,2.922191482320154
500.51752,2065,.0870401234854028,205.6926199570976,14.77268717608014
142.03938,2066,.0340846181290104,58.37248656007439,5.632266979153341
141.05789,2067,.0238242551452422,57.9691335474532,3.916565288731538
131.88885,2068,.0273879110789257,54.201025969338,4.510473013597471
176.9698,2069,.0355423983546096,72.72748777162398,5.877463218343999
445.05362,2070,.0815988425726576,182.8991822687656,13.81102271589275
156.06441,2071,.0165651002405523,64.13621120587081,2.713304258480978
162.99072,2072,.0436141522262175,66.98264673231361,7.241606891494539
191.98344,2073,.0670438040103569,78.8974914643872,11.26421045835805
96.754913,2074,.0638371242395473,39.76238743589044,10.70807753346983
86.4907,2075,.0842717308254106,35.544207693116,14.28276158960927
124.60003,2076,.0747154896485983,51.2056133767964,12.60196643485929
181.66016,2077,.0656362342274964,74.65503755438078,11.01987670192152
114.39883,2078,.1243850005476328,47.0133294489404,21.51593389729743
156.7276,2079,-.0123050099499194,64.408755688688,-1.986621389206916
150.35182,2080,.0379422500734245,61.7885659049816,6.281893716416605
141.70781,2081,.1387457684510697,58.23622459266279,24.17679320852523
210.56891,2082,.0137546533158522,86.53537398533079,2.249791408402202
150.55249,2083,.0726901007038716,61.8710332241012,12.24779003142709
377.13306,2084,.1050144471539953,154.9865570816328,17.98682814933381
120.22794,2085,.0428362379086732,49.4088597950472,7.10965772952177
145.58783,2086,.0390722311912728,59.8307571462604,6.472658009944239
100.26627,2087,.0969396343203595,41.2054142872476,16.53575330615907
237.31281,2088,.0020723084820833,97.5260439200628,.3369821332608859
84.584755,2089,.0938373333827882,34.7609407646294,15.98136611531656
102.58057,2090,.0281756543888702,42.15649873753159,4.642041720577104
145.16362,2091,.110604373086829,59.6564238555656,18.99824468049125
170.54021,2092,.0469642315527972,70.08518423677481,7.81101878861377
224.02461,2093,.0656554636671741,92.06512684264679,11.02321233795323
87.48362,2094,.0801402252675859,35.95225797716559,13.55412219227196
99.823685,2095,.0504065473539938,41.0235296087578,8.398098561685428
133.09344,2096,.0880262263845601,54.69606413118719,14.94752678442885
215.11749,2097,.0740379613635803,88.4046578763012,12.48340833308459
68.17594099999999,2098,.0699143950778857,28.01757653224708,11.76357070999498
106.3633,2099,.0831434117221187,43.711049004404,14.08347040101164
129.76033,2100,.1087027972653544,53.3262896455604,18.65354724209216
159.22592,2101,.0639384628010442,65.43546497608959,10.72562535660267
109.32433,2102,.0129735916767585,44.9279135378804,2.12120600222596
202.11418,2103,.0756174963723164,83.0608191590984,12.75992987366828
161.21629,2104,.0893350234165528,66.25342719244519,15.17984765978415
98.363922,2105,.0159622531960156,40.42362558144936,2.613769958911387
119.66502,2106,.0630073444490576,49.1775222593976,10.56445942947038
137.3696,2107,.1035500896629959,56.453394331648,17.72280697243965
204.39896,2108,.0422418689219385,83.99977207372478,7.008910521393577
117.16665,2109,.0993216462506719,48.150792424002,16.96259224098593
107.4228,2110,.0689797093559073,44.14646099726399,11.6008179010332
90.365234,2111,.0766529571435179,37.13648572081192,12.94144013216643
81.98255899999999,2112,.0502888345008516,33.69154260873292,8.377989490671174
199.46948,2113,.1004642379819349,81.97395356446241,17.16769733697479
249.14125,2114,.0879958238341971,102.38705820305,14.94213372611758
141.84975,2115,.0751624765473743,58.29455623803,12.6802269642686
89.879982,2116,.0557945093020404,36.93706661712216,9.321070949348835
127.61649,2117,.0684804003723875,52.4452574164212,11.51393769045598
159.86667,2118,.0674408705547596,65.6987875191996,11.33319768275337
166.43788,2119,-.0105758756052821,68.3992911922544,-1.708929837807881
213.20088,2120,.0777752469979128,87.6170080606944,13.13838338875958
287.92096,2121,.0315317161017262,118.3239631710848,5.203733191993292
107.62297,2122,.0711134456472247,44.22872283644359,11.97257910440435
130.23546,2123,.0309393609330675,53.5215490133448,5.104455880517323
140.51527,2124,.0808960939754006,57.74613849736759,13.68720359382346
92.524467,2125,.0412850251574576,38.02384385538397,6.846848564361018
270.37723,2126,.0393720868261355,111.1141939955324,6.523316072997138
110.32532,2127,.0606254790033811,45.3392802681616,10.15286806901208
95.380196,2128,.0068572790058842,39.19743390253648,1.117748529533629
91.548935,2129,.0811574262117102,37.6229393417278,13.73323824511912
102.51154,2130,.0604228356393086,42.1281301770152,10.11789609945086
144.7328,2131,.0415139036391318,59.47937412006399,6.885599921832547
81.70922899999999,2132,.0474002046441129,33.57921494473251,7.88526136975675
145.3967,2133,.0939138581352271,59.752210384396,15.99502055814925
183.40869,2134,.0576372999637372,75.3736132333572,9.637888962130281
147.76175,2135,.0332724261454769,60.72415104859,5.49581259184209
96.087013,2136,.1118995352564867,39.48790733203844,19.23339343763987
104.93858,2137,.0770135176029095,43.1255462441704,13.00468841639417
132.21887,2138,.0262055444925447,54.33665094893561,4.313188842582324
144.77179,2139,.0745611218209514,59.4953974457852,12.57494712858781
99.15432,2140,.0628440838645598,40.7484474486816,10.53621635086154
98.05441999999999,2141,.1019629391665236,40.2964326766696,17.43708269773881
139.33684,2142,.0193211156288816,57.2618510459792,3.16910682392521
130.79417,2143,.0455340587667626,53.7511564078996,7.567699413602395
217.06796,2144,.0958385051055928,89.20622279344479,16.33878246241708
125.16531,2145,.0430618559665475,51.4379207777628,7.147916304377241
182.04202,2146,.0488743326812058,74.8119666941576,8.136532962515968
149.61043,2147,.0579147280290216,61.4838843595484,9.685635797880158
126.00543,2148,.0072647844029867,51.78317639214841,1.184414212400102
140.31993,2149,.0624466179229188,57.6658615944084,10.46747645808216
151.72766,2150,.0232279797445605,62.35398094628079,3.817398429375066
93.209312,2151,.1069825913993808,38.30528767440256,18.34229079070223
129.90565,2152,.0669543072183571,53.38601033532201,11.24866486921276
149.74905,2153,.0796719785445257,61.540851618114,13.47173116330734
99.8228,2154,.076182238163879,41.02316590926399,12.85890252930453
98.04315200000001,2155,.0119716043409823,40.29180198074176,1.956396811055072
105.70486,2156,.0665802275443118,43.4404565810168,11.18370230392938
172.09132,2157,.0440038647773855,70.72262821624159,7.307748203162084
216.34731,2158,.0829514072981878,88.91006455592279,14.04957969122478
201.27483,2159,.0519835941966081,82.7158799838204,8.667736359731038
107.42885,2160,.0950550251509602,44.148947304538,16.1987649682814
115.64584,2161,.0929868072507199,47.5258005288992,15.82967560292472
134.43169,2162,.0761655823843196,55.24603119059719,12.85598275508183
451.50632,2163,.0672430258026656,185.5509830864416,11.29882027154579
104.18547,2164,.1051346632500803,42.81604824894359,18.0085200854715
116.58154,2165,.0551045213906004,47.9103356886152,9.202596334363179
121.58896,2166,.1289053208940932,49.9681844109248,22.34937185259218
189.2764,2167,.0866520217438952,77.785006630832,14.70392260138473
88.173698,2168,.0251220653959552,36.23585234923624,4.132609276983421
86.635345,2169,.0658639653439586,35.6036509849586,11.05938421373539
104.30846,2170,.0446395298279742,42.8665922045848,7.415687455860426
99.53338599999999,2171,.0226855293855886,40.90422836655368,3.727234590348121
141.15137,2172,.090449213040159,58.00755007703559,15.37786406853916
141.03847,2173,.1063282978156752,57.9611527065836,18.22404248217606
144.76241,2174,-.0172990966547562,59.49154264211079,-2.785959419916979
163.85698,2175,.0171945808183272,67.33864483796241,2.817300001080524
103.40317,2176,.0557246386385281,42.4945543348196,9.309070062535104
196.27545,2177,.0530467839293888,80.66133537894599,8.849756836731418
144.53218,2178,.0917174192460102,59.39692734893841,15.60352131353208
82.734016,2179,.1319958971986648,34.00036128727807,22.9213718409325
157.57254,2180,.0712691858734201,64.7559921296952,11.99974482277695
182.11037,2181,.0258341361106114,74.8400558019556,4.251265502586955
167.97493,2182,.067854156369956,69.0309570758084,11.40503197901318
88.531448,2183,.1210164625023351,36.38287324630624,20.89730199900595
300.36108,2184,.0640909479070556,123.4363533934704,10.75203308572873
154.69449,2185,.0708165091330413,63.5732290470612,11.92079628382624
81.063934,2186,.110059360299524,33.31402458896792,18.89938354026785
167.92543,2187,.0569838189247764,69.0106145617484,9.52547375754618
153.89723,2188,.0584915187752688,63.24558717313241,9.784946941347885
204.29221,2189,.040256716315407,83.95590210653479,6.672855254251504
92.40780599999999,2190,.0836777566500014,37.97590086482328,14.17782190988745
98.203896,2191,.0545879294890019,40.35786131569247,9.113948239133549
113.02758,2192,.0167590347247305,46.4498007134904,2.745336968402857
117.12688,2193,.0507879576135074,48.1344485495744,8.463271736568164
179.07741,2194,.1260980000452746,73.59363092431079,21.83132640922976
98.200829,2195,.0686518434729109,40.35660090174052,11.54376405338446
107.86181,2196,.0620926429936774,44.32687649418281,10.4062811311013
140.92596,2197,.0853229140563592,57.9149156104848,14.4686309696035
102.55402,2198,.0705838658277245,42.1455877527176,11.88023631068969
107.53034,2199,.0474370555615597,44.19065562275919,7.891538257343426
231.68198,2200,.0622290667050186,95.21199869896239,10.42986355130591
156.3203,2201,.0695204536110069,64.24137172956399,11.69495682818687
169.45889,2202,.0673692402951981,69.64080509933319,11.32075045702485
287.77911,2203,.0819660256531978,118.2656685121068,13.87575228563552
158.33704,2204,.0538668985714482,65.0701709579552,8.990294583403461
263.5556,2205,.0300142740999175,108.310777749328,4.949531122783267
120.63348,2206,.0536112340296896,49.5755204647824,8.946470637611421
347.68323,2207,.0783902644779277,142.8838584788124,13.24640254314476
87.05117799999999,2208,.0560527855683421,35.77454166473863,9.365439396496798
94.698341,2209,.0802587205555138,38.91721885355908,13.57497831944088
87.63404800000001,2210,.041866028446229,36.01407784999424,6.945235405156965
88.881073,2211,.0633159055739063,36.52655509435124,10.61785120370114
228.79977,2212,.1075363606687158,94.02752602322759,18.44243214317093
126.1776,2213,.0764536839908145,51.85393135468799,12.90649409985474
154.07773,2214,.0974523221503935,63.3197654314724,16.62753732867504
107.88683,2215,.0581072399556862,44.3371587103804,9.718775903503296
161.04971,2216,.0372545615723407,66.1849694956348,6.165903075510268
290.08383,2217,.0683130613237071,119.2128159667404,11.48483025012296
145.93919,2218,.0650955005996911,59.9751520096972,10.92610456423749
89.93152600000001,2219,.0756571637598724,36.95824913317688,12.7668798747361
172.09914,2220,.0712384170368987,70.72584192250319,11.99437748899314
274.48862,2221,.0114647456459293,112.8038103365656,1.873090396840088
166.59686,2222,.129988878427046,68.46462559397679,22.54971410628245
263.9592,2223,.0516078073787898,108.476641156896,8.603447084766565
85.57353999999999,2224,.1012304641336269,35.1672917295752,17.30537288889601
79.23498499999999,2225,.0718880123900712,32.56239992740179,12.10772834999447
125.1464,2226,.0914611868143176,51.430149526432,15.55790573102711
234.66705,2227,.0144935223084163,96.43874270795399,2.371523157292606
261.51559,2228,.0918806220794785,107.4724154845292,15.63258146676807
103.71603,2229,.0731324852139612,42.6231272428764,12.32508785831367
72.361717,2230,.0468915753766347,29.73776253491396,7.798649194078745
199.10782,2231,.0880845726357474,81.8253258142616,14.95787718906722
123.74889,2232,.0481093470024881,50.8558289845332,8.006091562697748
173.28879,2233,.1179097886129454,71.21474034374521,20.32860568278521
164.21388,2234,.0665411380208976,67.48531641913439,11.17691543113036
88.95629099999999,2235,.0233020961236451,36.55746667460507,3.829721543443297
112.62554,2236,.0615920611268783,46.2845784033352,10.31977730692973
156.26149,2237,.0500492995187214,64.2172031790212,8.337076663203772
86.470619,2238,.0885300294527373,35.53595520776572,15.03691945530717
148.40256,2239,.076998659268277,60.98749824929279,13.00208156754067
110.67769,2240,.0728692515136466,45.48409020107719,12.27908892495605
233.75905,2241,.0133294773796045,96.06559113691401,2.179782658774964
115.86092,2242,.0067774313966005,47.61418977988959,1.104689074504738
336.07318,2243,.0252355267314643,138.1125937240184,4.151510299543406
130.96918,2244,.0538498073576039,53.8230784964984,8.987364596423566
173.5575,2245,.0275841023412563,71.32516937310001,4.5432311419442
85.301338,2246,.0769441052712363,35.05542762831944,12.99251056967618
356.81027,2247,.0341244105058118,146.6347057419676,5.638955247347656
134.43021,2248,.093356633880168,55.2454229699748,15.89561797156599
83.46196,2249,.0319825157349497,34.2995170661648,5.279325550344548
115.00996,2250,-.0005128501646814,47.2644793604048,-.0832878280684092
123.93029,2251,.0318045664785368,50.9303771067652,5.249482049742014
111.9314,2252,.0690428309890354,45.999314712232,11.61180421073434
90.11628,2253,.0890414135340304,37.0341756148464,15.12770333851924
138.80498,2254,.0737729335777288,57.0432779242024,12.43705397893384
216.79079,2255,.0450730602159367,89.09231704350519,7.48934254951903
161.62575,2256,.0785526796309039,66.42169882491,13.27493956646704
260.74011,2257,.0525587803555171,107.1537243167868,8.766185497719221
98.42678100000001,2258,.054840995727333,40.44945810854628,9.157369136721098
130.71996,2259,.0560291644073911,53.72065907520479,9.36138111729888
232.81592,2260,.0949331536408412,95.6780025452896,16.17699488960702
120.03972,2261,.0580844091120876,49.3315089264336,9.714845337876721
257.22739,2262,.0944835258069977,105.7101373271132,16.09670018626116
130.86942,2263,.0818288720699905,53.7820811388696,13.85157112369039
155.55055,2264,.0184755905447826,63.92503536193399,3.029136374657436
152.42793,2265,.0707167199326273,62.64176382144839,11.90339747605021
162.4632,2266,.0353493670629154,66.76585717641599,5.844975136867294
133.40858,2267,.0934769240061735,54.8255740277704,15.9170716994885
109.99232,2268,.0441929489502805,45.2024306281216,7.339848516411322
291.1572,2269,.0958808999675651,119.653927973136,16.34636207420276
335.66623,2270,.0724331987933746,137.9453536008524,12.20291726382919
146.36694,2271,.10615790729341,60.1509400983672,18.193261064022
159.18236,2272,.0572576890891689,65.4175635637168,9.572577384514901
187.2989,2273,.1003917854276934,76.97233346813201,17.15468451677896
86.53505699999999,2274,.1003426203074164,35.56243664051316,17.14585476641625
154.27957,2275,.0860676100299398,63.4027135736516,14.60042580500897
169.38298,2276,.1057139036675228,69.6096091348424,18.11307548005871
86.531914,2277,.0304783289557386,35.56114499361032,5.027228708467739
223.71715,2278,.0851689522244457,91.93877311794201,14.44139534712965
187.48224,2279,.0519246135126754,77.04767885253119,8.657644398305818
117.46951,2280,.0228763824129848,48.2752557332588,3.758951808865319
150.99001,2281,.0069961470175152,62.0508363907988,1.140463535101924
239.67519,2282,.0332360153970619,98.4968873213772,5.489697906304036
188.5979,2283,.0579955769335335,77.506170352252,9.699552814298597
156.12082,2284,.0482038154673487,64.15939345270161,8.022194436617012
94.681541,2285,-.0080841708054076,38.91031472757508,-1.307927300641377
136.03107,2286,.1010505973470162,55.9033122034716,17.27304494023428
105.96503,2287,.0401416558205888,43.54737601299639,6.653397759624792
108.70744,2288,.0498903054808035,44.6743964975072,8.309925724708526
137.3309,2289,.0500659396309659,56.437490184292,8.339918495177962
124.93912,2290,.0048865443821997,51.3449657625056,.7957300813849519
150.93637,2291,.066450082317613,62.0287925028356,11.16110701983421
154.81682,2292,.0928079756378155,63.62350176918161,15.79779756995416
93.818207,2293,.05527397091932,38.55551909053516,9.231684152601487
188.73114,2294,.0796761699972813,77.56092664666321,13.47246850532503
102.61913,2295,.0714912464742674,42.1723453505044,12.03848610070617
242.55501,2296,.0594061250262133,99.68037780299881,9.942540232502951
124.05363,2297,.0533304160942773,50.98106489836439,8.898348010907981
123.15102,2298,.0523894548044125,50.6101284010776,8.737197773902082
84.012596,2299,.0333600957994717,34.52580637064848,5.510536420600298
120.53167,2300,.0835977291367375,49.5336806393996,14.16368790851128
93.465515,2301,.0448264700222654,38.4105768285382,7.447443937657337
229.86128,2302,.0418199954796413,94.4637640454464,6.937438117616939
78.87670900000001,2303,.1037955763877745,32.41516286543492,17.76704084363345
100.53167,2304,.0615639188813384,41.3144830393996,10.31491542815423
169.91858,2305,.0303359210145983,69.82971924657039,5.003381241740283
107.05208,2306,.0947173442514504,43.9941099505504,16.13845106414512
84.33669999999999,2307,.0190694078104081,34.65900011159599,3.127426076330635
151.44443,2308,.0998618008898147,62.23758477946841,17.05952546296324
131.06992,2309,.048856391034335,53.8644785948096,8.133472502862508
188.85889,2310,.0678110547890312,77.61342677133321,11.39753899297842
81.421738,2311,.092763119295099,33.46106767787144,15.78980249555589
134.52887,2312,.1181551491632307,55.28596827173561,20.37345625465279
85.920624,2313,.0794498995556811,35.30992932856512,13.43266841944211
132.16577,2314,.0672112577692688,54.3148289793076,11.29330090668593
126.95766,2315,.1071381782782107,52.1745047186808,18.37042087932246
610.17407,2316,.13960838750387,250.7570625863116,24.33784490116078
253.0583,2317,.1124068692140317,103.996808601004,19.32558769077683
150.78539,2318,.0628339472388651,61.9667457801532,10.53446292888855
105.99704,2319,.0770900809579507,43.5605308387552,13.01812183426277
125.56149,2320,.0796926366689652,51.6007348630212,13.47536528003381
184.10696,2321,.1246850501594865,75.66057418876478,21.57113914236242
83.990509,2322,.0229273875769082,34.51672949977892,3.767429209477505
298.67493,2323,.0108887399828916,122.7434133918084,1.778470351055939
79.801598,2324,.1035688033006237,32.79525513788824,17.72617857137913
80.911636,2325,.1146318846028896,33.25143622116368,19.73047703240813
130.68491,2326,.0421272621168921,53.7062549314108,6.989491232313618
108.65886,2327,.0564590900798166,44.6544320665368,9.43526033592333
130.60095,2328,.0617108412834572,53.671750739886,10.34029937744948
110.52086,2329,.0132305000058584,45.4196393630968,2.163489482768854
82.913338,2330,.061496380639505,34.07405543487943,10.30324802103453
175.41154,2331,.0552586025252649,72.08710542901521,9.229045800658332
219.957,2332,-.0206959905624367,90.39350232515999,-3.327379128112017
113.92932,2333,.0793123770669334,46.8203796756816,13.40848315107867
96.25018300000001,2334,.0331864322456218,39.55496365565804,5.481371454459762
136.35144,2335,.0366024750939411,56.03497142022719,6.055990989309523
135.22035,2336,.109442631069599,55.570138809558,18.78757855006074
119.1842,2337,.0615714219094081,48.979924529896,10.31621164442191
118.57211,2338,.1109472514031023,48.7283800969468,19.06046779480294
142.02843,2339,.0466117071748058,58.36798654938839,7.75101049035611
161.68216,2340,.1017256656613684,66.4448810717408,17.39440685928835
110.72301,2341,.046585969160119,45.5027149028388,7.746630077352406
212.70821,2342,.0119145844232714,87.4145404566148,1.947023008465044
267.69449,2343,.0379467507033675,110.0116954870612,6.282653088783307
167.9593,2344,.0838016576437242,69.024533772884,14.19970682565743
254.5921,2345,.1422178589636551,104.627138864948,24.82588202971625
172.20586,2346,.0626076467413712,70.7696995608968,10.49532235378845
88.705353,2347,.098589767312986,36.45434122423764,16.83133672215321
144.15419,2348,.0731587284971442,59.2415886238972,12.32967442061527
90.68639400000001,2349,.0521829837616825,37.26846959587272,8.701857560696862
130.6161,2350,.0648552144871042,53.67797678206799,10.88445125519866
96.412811,2351,.0311985823986349,39.62179723902268,5.147893542626697
208.14449,2352,.047630253010042,85.53903463306119,7.924449735466436
196.54265,2353,.0449046834349386,80.771143858882,7.460732209535333
201.22981,2354,.0559453742221763,82.69737857002279,9.346986155736973
99.789024,2355,.088811746972361,41.00928532835712,15.08692584854863
127.83382,2356,.0609086908134032,52.5345713271416,10.20175632757118
320.76627,2357,.0626839400601775,131.8220678272476,10.50851693549351
84.813942,2358,.0303886837791693,34.85512742664696,5.012216436353965
154.14717,2359,.1119003802344041,63.34830248553958,19.23354695068633
296.54758,2360,.0685887576766028,121.8691578910904,11.53278827311118
311.72815,2361,.0584172930085086,128.107763116622,9.772163625618266
94.701302,2362,.1043118928329171,38.91843570576376,17.86011054543205
184.71861,2363,.0310315421578075,75.91193779936681,5.119901370197343
97.62453499999999,2364,-.0029599273251549,40.11976718865579,-.4801101233423275
273.78802,2365,.0821785761598115,112.5158918446376,13.91323301983287
132.00481,2366,.0305195756041925,54.24868087702279,5.034136458106147
102.53893,2367,.0741356006741682,42.1393863681284,12.50048891181479
150.25467,2368,.0868853866500764,61.7486411526396,14.74526742218952
131.2318,2369,.0199727284712272,53.931004780184,3.277057306827983
183.02399,2370,.0575100954858287,75.2155169675212,9.616000828261633
113.83916,2371,.0214313221795138,46.78332753290081,3.518952671704297
229.2616,2372,.0340804538329463,94.21731962460798,5.631567063264395
312.11014,2373,.0243129419578579,128.2647456811832,3.99788313737118
126.11735,2374,.0769413433134291,51.829171021918,12.99202602342565
101.02763,2375,.0456219102362888,41.5183027014844,7.582635805317282
123.9932,2376,.0853609083733032,50.956230592816,14.47535275370668
164.0341,2377,.0443609694372474,67.41143405190799,7.368377997697066
111.67119,2378,.0494513234179279,45.8923788418572,8.234984474142177
77.77153,2379,.116566502634339,31.9609786362164,20.08325527123643
154.86455,2380,.0669441163310296,63.643116884254,11.24689480072653
100.78112,2381,.0640535468224235,41.4169969814656,10.74555550525203
121.18669,2382,.1052450659497914,49.8028675799972,18.02844357786372
121.92069,2383,.090493921894165,50.1045121319172,15.38581443665029
220.60376,2384,.0894574657212231,90.65929473714878,15.20159760605175
94.03806299999999,2385,.0655719623387595,38.64587108591244,11.00872823993381
207.94617,2386,.0658206289441464,85.4575330696596,11.05186538534605
180.53032,2387,.0454542066763885,74.1907186435616,7.554124204201325
101.37128,2388,.0523008901294684,41.6595290642464,8.72203788042871
237.72708,2389,.0951251734569487,97.6962922695504,16.21129686162683
222.21431,2390,.1391259670210583,91.32116617188279,24.24775947525998
264.2966,2391,.133857510773371,108.615299020408,23.26677104365331
96.60852800000001,2392,.0648981438910258,39.70222907385664,10.89189228148944
186.7907,2393,.0699452523076555,76.763483657116,11.76894634121877
134.9841,2394,.0551778612760754,55.473049537908,9.215185302651278
93.447052,2395,.0550210901563139,38.40298927627376,9.188276284232478
95.207314,2396,.0299549747957312,39.12638633656232,4.939605125515844
296.51694,2397,.0504558267140839,121.8565660803672,8.406517734864885
157.44122,2398,.0429470126187298,64.7020248782536,7.128440974174659
146.87437,2399,.0722027479312056,60.3594734702756,12.16267447850862
91.682999,2400,.0728199062903077,37.67803426708011,12.27046741141721
110.88177,2401,.0734840468461065,45.5679588933876,12.38654059760442
291.39902,2402,.0375744307370117,119.7533062913176,6.219844658112502
148.8217,2403,.044441952434046,61.159747973396,7.382130431095778
125.0544,2404,.0346979390095235,51.392341217472,5.735382988379042
159.3045,2405,.0897977863560572,65.46775820345999,15.26206419434356
133.39638,2406,.0691933016920335,54.8205603172344,11.63799640855171
136.4326,2407,.045777868094153,56.068324924088,7.609154788529403
179.49617,2408,.0812638746399189,73.76572448365961,13.75199298251695
282.60431,2409,.0507792375605855,116.1390333250828,8.46178142678033
186.49832,2410,.066943649951675,76.6433272074016,11.24681379512095
286.90771,2411,.0624144688310677,117.9075580726748,10.46191761586868
255.17342,2412,.0632905346190827,104.8660380623896,10.61346052711929
248.4577,2413,.0883666442021849,102.106146577076,15.0079241376886
133.85014,2414,.0988457007541997,55.0070374723832,16.8772250255808
192.34419,2415,.0181186537634045,79.04574524109719,2.970083636264095
208.80899,2416,.0693814456240111,85.81211747332119,11.67075187117395
87.02858000000001,2417,.079492896622058,35.7652547933704,13.44023074225111
178.67203,2418,.1136313966821505,73.42703600815641,19.54830529246471
425.93738,2419,.077289827058258,175.0431745723144,13.0531731139233
231.78561,2420,.0680850947949042,95.25458647132679,11.44518492648721
112.60519,2421,.0477354924507612,46.2762153697772,7.942380108997474
199.25833,2422,.0527289290175455,81.88717938580039,8.795319078816913
99.467827,2423,.0943600495327883,40.87728624778076,16.07465606582657
213.31219,2424,.0679709974931839,87.66275200493719,11.42534582604873
129.51958,2425,.0503286865648363,53.22735105445039,8.384797216125007
141.44835,2426,.0625263806360017,58.129596942198,10.48126885848916
97.942787,2427,.0870698381771993,40.25055599238556,14.77795317935402
279.70102,2428,.0376527929513218,114.9458976150776,6.233062010856433
98.492195,2429,.0689729217638215,40.47634063813659,11.59963656305868
101.58581,2430,.0694822206744549,41.7476922873028,11.68829913004909
105.68945,2431,.1017455867959885,43.43412368926599,17.3979894705626
73.64432499999999,2432,.0583420670877271,30.264862964681,9.759209029364843
263.20239,2433,.064444523592841,108.1656226101132,10.81328165023801
195.25943,2434,.0368498264950353,80.2437919216684,6.097674734971956
121.92919,2435,.0758785768211154,50.1080052908972,12.80567804121702
215.38002,2436,.0836255310443128,88.5125471735976,14.16859799409137
100.20709,2437,.0920862408956127,41.18109368154919,15.66920102904034
172.07219,2438,.063297417373456,70.71476655373719,10.61465163992132
252.62166,2439,.0323489497268731,103.8173670790008,5.340796164663347
106.72822,2440,.1027309679068694,43.8610164838136,17.57528923844097
392.49387,2441,.0698064324275563,161.2992337159356,11.74476386580216
174.66046,2442,.0604131404162197,71.77844168234479,10.11622308611649
85.550026,2443,.0459415705664068,35.15762841895688,7.636995110827066
320.5462,2444,.0615028408605566,131.731627886456,10.30436400695925
90.861504,2445,-.0612277223608493,37.34043278045952,-9.647680340095432
171.61717,2446,.0572173634049044,70.5277715891396,9.565640857465858
148.85547,2447,.0823031936505965,61.1736260885436,13.93521152554453
92.765564,2448,.0075101786731922,38.12292504957232,1.224572497484259
130.28828,2449,.0504693656593845,53.54325591420639,8.408830879865505
157.19342,2450,.0267539098463137,64.6001890199896,4.404657522123237
108.46614,2451,.0254600070334665,44.5752318784632,4.188911800487281
137.06236,2452,.0942450900113463,56.3271310181168,16.05413488108884
93.53009,2453,.1068310914026781,38.4371145627892,18.31490381528427
155.37358,2454,.089864733593051,63.8523077919704,15.27396149057522
118.88728,2455,.0476681633530843,48.8579023223264,7.930908566143847
150.06735,2456,.0057484802093757,61.671660147918,.936492496479427
97.72938499999999,2457,.086356299316693,40.16285633207379,14.65154387427399
201.3546,2458,.0628316919728756,82.748662253448,10.53407281796222
97.028854,2459,.0417857959733444,39.87496619637752,6.93164547146002
117.35865,2460,.0645385474872839,48.229696720962,10.82957269551271
102.3952,2461,.0454632568057116,42.080319104576,7.555662711845469
114.72008,2462,.0620642482263765,47.1453503103904,10.40137317084541
107.97917,2463,.0208171772016934,44.3751067456996,3.417058943373803
167.09996,2464,.1172215219101392,68.6713795096048,20.20285299379494
107.31091,2465,.0635357032898843,44.1004786962908,10.65589387893714
210.8839,2466,.0448583472785486,86.664822237932,7.452859681836148
109.04369,2467,.0464704054258438,44.8125817571572,7.726963404246565
76.386261,2468,.0143964932133567,31.39168865420868,2.355532078426418
253.14256,2469,.0796786251540665,104.0314360804928,13.47290040719282
171.1057,2470,.082019588034859,70.31757793931601,13.88519661882444
113.4845,2471,.073162712778977,46.63757650186,12.33037076767364
119.40379,2472,.0623534647639504,49.0701672099452,10.45137000255556
166.57431,2473,.0184890294900604,68.45535844868279,3.031360167600289
135.08269,2474,.0960359527931877,55.5135660724772,16.37408610020177
106.7114,2475,.0818535719950983,43.854104138632,13.85592565306417
160.40836,2476,.0694838751528981,65.92140037659679,11.68858722763164
151.79266,2477,.1057170091741691,62.3806933384808,18.1136362006427
77.704002,2478,.0407292119144835,31.93322733743976,6.752780878977005
73.717247,2479,.0870778964244863,30.29483098105036,14.77938127957914
149.52597,2480,.0858072187013644,61.4491746880836,14.554331097829
181.42281,2481,.059569882554667,74.5574962268628,9.970772059509404
152.53497,2482,.0453190124342672,62.68575296700359,7.531143054762009
319.76398,2483,.1008656196006633,131.4101668491224,17.2398044491795
90.08255,2484,.062417742605955,37.020313938094,10.46248367028118
137.17079,2485,.0235131577119347,56.3716913979052,3.864819142051692
213.24197,2486,.0704595658062497,87.63389440216361,11.85856921043306
94.03351600000001,2487,.0502838308483524,38.64400245133808,8.377134761326932
276.60416,2488,.0721854659950406,113.6732124011008,12.15965697144225
204.9313,2489,.0828846188755094,84.21854245624399,14.03779238898478
89.41404,2490,.0549793562925042,36.7455831487152,9.181113575604449
157.30295,2491,.0999214968057736,64.645201455646,17.07024138164091
126.96506,2492,.0861623544072581,52.1775458217928,14.61720051823909
338.21359,2493,.0637604566286037,138.9922163607692,10.69480292287945
392.84558,2494,.0865874880807971,161.4437724153304,14.69249099674516
93.328537,2495,-.0077690208738247,38.35428436609556,-1.257137426220573
295.45465,2496,.0429412482149139,121.420007509442,7.127463495721837
99.78884100000001,2497,.0390088347772404,41.00921012269908,6.461949669301684
138.80429,2498,.0173588569660254,57.0429943618852,2.844450642315931
244.51535,2499,.1052430213058077,100.485998894158,18.02807457732245
111.54666,2500,.0446205870313654,45.8412020080008,7.412469877879641
269.65536,2501,.0185090375125939,110.8175343869568,3.034671025892123
120.46861,2502,-.0103857157338066,49.5077655093668,-1.678361662102617
98.624092,2503,.0079255407873042,40.53054501342896,1.292568143635564
109.81525,2504,.0547120918706776,45.12966196217,9.135250545671347
275.32199,2505,.0411642810650848,113.1462919717612,6.826408986230129
93.97410600000001,2506,.1120061539880056,38.61958732486728,19.25276463255221
94.376167,2507,.0824237667965554,38.78481826517995,13.95647934645788
100.61482,2508,.0521080692767504,41.3486543534216,8.689036772979874
126.03954,2509,.0657378983104196,51.7971942336552,11.03751259571924
121.09657,2510,.031454940541834,49.7658318756116,5.190862474200202
252.3045,2511,.1224035435729278,103.68702704346,21.15178704025812
249.32564,2512,.030698221794086,102.4628350953232,5.064058376311292
125.99686,2513,.0473465625547856,51.7796544659768,7.87612482300099
151.38394,2514,.1325605495569705,62.21272581632719,23.02606812107609
131.22852,2515,.0791501147592541,53.9296568317776,13.37995131380485
179.81017,2516,.0719025812144633,73.8947658859796,12.11027137503187
178.908,2517,.0170754817607105,73.52401021103999,2.797618764957111
128.93109,2518,.048034150736956,52.9855052746692,7.993274870190151
208.64215,2519,.0603694873490496,85.74355292694199,10.10869048838739
164.15538,2520,.0258268382284642,67.4612752661544,4.250048988112555
162.57843,2521,-.0016181802603049,66.81321208338841,-.2626503355226315
731.27393,2522,.009963279344838,300.5242465199284,1.626559665803316
152.09227,2523,.0953306465912513,62.5038210281276,16.24800939879665
113.80594,2524,.080426745069681,46.7696754456872,13.60455622726988
94.22405999999999,2525,.0943678946683147,38.7223083907128,16.07605657062055
92.57847599999999,2526,.0466636804941183,38.04603938754288,7.759856295006639
82.25782,2527,.0729704728177627,33.8046638362616,12.29677547059962
121.24513,2528,.0836254620253271,49.8268840753844,14.16858580450244
147.57858,2529,.0585889665363667,60.64887552737039,9.801731037811411
263.07819,2530,.0612235798472821,108.1145813930172,10.25612899267959
141.83562,2531,.0460855989800733,58.2887493749256,7.661493302069965
143.68489,2532,.0855616419619283,59.04872515221319,14.51086987894164
117.10582,2533,.0504387179529183,48.1257937345016,8.40359472734543
118.79886,2534,.093069343972805,48.8215652497368,15.84439029552903
471.66241,2535,.1157520482436123,193.8343274141108,19.93465605796078
206.45045,2536,-.0129906002361865,84.842852157946,-2.0965913801078
113.88464,2537,.1085673126027688,46.8020179882432,18.62901302882014
282.28433,2538,.0789433029776676,116.0075343826804,13.34359270787863
176.48827,2539,.0671932760534186,72.5295982606076,11.2901768485927
119.56054,2540,.0571964525789306,49.1345851711352,9.562044041402896
178.09427,2541,.1001167351335329,73.18959982788759,17.10529277017893
99.14585099999999,2542,.044343987085624,40.74496702945788,7.365494216789111
147.77376,2543,.0505526239356978,60.7290866767488,8.423056344451567
159.79474,2544,.0833706059035521,65.6692271750312,14.12358086279833
194.79123,2545,.0932210484190828,80.05138050585241,15.87143941621791
131.46762,2546,.1173599559855116,54.0279173390856,20.22813922602771
163.27992,2547,.0001579619405092,67.1014963296096,.0256619206999575
169.78346,2548,.0244526478280046,69.77419034758479,4.021137603051844
252.84801,2549,.0868523292624818,103.9103878478388,14.73941012051602
171.5078,2550,.060530340850211,70.482824907064,10.13644834830543
184.11121,2551,.020117939245358,75.6623207682548,3.301123467721497
127.00983,2552,.0639205894299348,52.1959444956204,10.72253026782813
108.56682,2553,.0594439558289195,44.6166073191816,9.949061858968964
132.10843,2554,.1384664532139575,54.29126453978839,24.12467459004854
91.05735,2555,.0725778809760051,37.420917629118,12.22818731986224
186.02956,2556,.0660405269898011,76.45068565405279,11.09002087695587
327.24786,2557,.0583153968874632,134.4857412758568,9.754616409287022
419.26727,2558,.0799310228989087,172.3020269671276,13.51730691929178
93.88054700000001,2559,.0778629468963048,38.58113832945436,13.15378257926085
324.73199,2560,.1716273962335268,133.4518196425612,30.41517495253973
106.8066,2561,.1162957582201558,43.893227519208,20.03384385509996
254.55849,2562,.0694887752558192,104.6133265033812,11.68944049497901
119.78882,2563,.045193406459325,49.2283990925416,7.509794562026173
140.49446,2564,.0810743159244813,57.7375864222648,13.71859675241425
154.18201,2565,.0545374460562136,63.3626203277588,9.105287647728078
83.809372,2566,.1551477564586121,34.44228945999536,27.26297797428387
104.78995,2567,.0672590838198673,43.064465277206,11.30161025146652
203.17093,2568,.0086176762184375,83.49510101228839,1.405934920998663
161.8278,2569,.0745017774025326,66.504733268664,12.56456106750837
168.29446,2570,.1028730443073665,69.16227108626479,17.60086748014524
79.502121,2571,.0856801015009355,32.67218210590548,14.53183305624232
210.69347,2572,.0396273104644273,86.58656314798358,6.566445907789888
158.36832,2573,.0955004540428785,65.0830257830016,16.27835512875449
141.52556,2574,.058232845127132,58.16132715453281,9.740401736571155
193.29999,2575,.0321886087559848,79.4385406944012,5.313895620884724
232.04196,2576,.0733916051467636,95.35993603656479,12.37037975650586
164.11081,2577,.0187767492778415,67.44295878430279,3.078977415449217
107.17328,2578,.0186934933032261,44.0439182880064,3.065197252092422
93.46569100000001,2579,.0978845597503151,38.41064915747708,16.70495530382642
106.54048,2580,.0453986014916049,43.7838628759424,7.54467171648042
170.89174,2581,.1135212520583374,70.2296489633912,19.52826097502351
177.87048,2582,.1080990586594336,73.09763111634238,18.54424494833074
97.121773,2583,.0712958477708009,39.91315217746725,12.00439587325697
119.3705,2584,.0762252054524436,49.05648635554,12.86643496098601
81.404556,2585,.1192559706631298,33.45400656521328,20.5748159249971
153.85634,2586,.0712268406640157,63.22878302363919,11.99235814251273
126.65519,2587,.1138923761234875,52.0502016837772,19.59580761616095
95.51129899999999,2588,.0984431167480413,39.25131197568412,16.80504789053209
91.61937,2589,.0175596666056684,37.6518853008756,2.877645393330431
78.266769,2590,.0990133470785612,32.16450199622772,16.90729000976416
206.61455,2591,.0855166776555353,84.910290674254,14.50291342632953
363.94666,2592,.0767494561711917,149.5674757200008,12.95836542709982
255.34485,2593,.0640366090518772,104.936488914618,10.74262209323982
155.68019,2594,.0681285435125505,63.9783122007772,11.45274033194922
106.09857,2595,.1048393864561512,43.6022555953716,17.95524465092895
111.62996,2596,.0571521379460292,45.8754349660048,9.554421846777707
322.81927,2597,.0846577754817558,132.6657684608876,14.35099899750031
185.88394,2598,.0774236980716424,76.3908416763272,13.07666860698443
203.30524,2599,.1036629122400447,83.5502970337712,17.74313494867158
102.20802,2600,.1689563427885016,42.00339563423761,29.90072643139202
285.9472,2601,.068691256689982,117.512826998336,11.55062158719305
97.605812,2602,.0714387917282913,40.11207278682256,12.02933393133608
110.82668,2603,-.020070932089646,45.5453191135984,-3.227891145220953
123.5382,2604,.0318276336054801,50.769243847416,5.253350290167145
135.56381,2605,.0466064123581903,55.71128708994279,7.750109343903607
239.87216,2606,.05146650849508,98.5778340889408,8.579280046408357
252.50418,2607,.0563500275456314,103.7690875122984,9.416515822535526
140.29295,2608,.1003317143467748,57.65477389684599,17.14389618242229
71.619995,2609,.0659946815066169,29.4329445508006,11.08206533020074
351.07919,2610,.1143790951542461,144.2794617928972,19.68443118784595
81.42578899999999,2611,.0424622352818541,33.46273247634532,7.046256251835747
154.88808,2612,.1186777278703195,63.65278677023041,20.46901748171195
173.35713,2613,.0626099175575066,71.24282534194441,10.4957150665524
112.81353,2614,.0405701192245161,46.3618347511764,6.725865125134439
94.79483,2615,.0784440827169186,38.9568719614204,13.25585811992827
111.38464,2616,.0510377084115972,45.7746182882432,8.505961175328487
197.60657,2617,.033647227940058,81.2083722944116,5.558768353037247
183.55602,2618,.0833421201913752,75.43415995247759,14.11855129476353
97.91617599999999,2619,.0712016582119512,40.23961993901887,11.98796547463335
114.32787,2620,.03708920114149,46.9841677358556,6.13802405345008
109.7629,2621,.0692056011883116,45.10814821245199,11.64013753670617
165.19543,2622,.0735485674318973,67.88869408934839,12.39782109956205
314.30292,2623,.0765264076801028,129.1658902868496,12.91924666363958
440.39655,2624,.0896071640502235,180.985313340414,15.2281927741804
114.26849,2625,.0646351311365906,46.9597649381812,10.84630885152649
176.9106,2626,.0396919766986567,72.703158946728,6.57737549934227
253.39761,2627,.1226620063295904,104.1362513978868,21.19924572281609
97.92733,2628,.0060643964257908,40.2442037855204,.9881150462512941
112.28882,2629,.0675426080758142,46.1461999925416,11.35087819479602
199.35043,2630,.0900002777934071,81.92502879074839,15.29805169736412
67.742447,2631,.0922815877893924,27.83942789002636,15.70399819486489
129.91501,2632,.0556958019102708,53.3898569197988,9.304117351122146
324.38522,2633,.0203997739483763,133.3093110849736,3.347842643872251
110.40961,2634,.0050593431407971,45.3739200764468,.8239400587442306
170.92529,2635,-.0021414576527437,70.24343666736519,-.3474937188748914
91.53499600000001,2636,.0969997227891098,37.61721097196048,16.54650821986701
181.81912,2637,.0573405329548587,74.7203637369056,9.586828453443074
103.17349,2638,.0767190617667248,42.4001650695812,12.95303427220977
102.11107,2639,.0567696104578586,41.96355307387159,9.488640487758824
193.0136,2640,.0951161167830059,79.32084589436799,16.20967885051149
170.42482,2641,.1027345102909153,70.03776357622159,17.57592693533514
129.04785,2642,.0170823613162991,53.033488950258,2.79875555448047
135.5197,2643,.0557335523404211,55.693159649636,9.310601020762853
94.749306,2644,.0917132878408328,38.93816342384329,15.60278573057524
117.47827,2645,.0420478582521959,48.2788557418076,6.976038130381247
133.93774,2646,.0912305014276229,55.04303755787119,15.51684813872628
82.61711099999999,2647,.0916577576734399,33.95231802250667,15.59289906381288
372.89798,2648,.0377093829838947,153.2461091130424,6.242607694329665
176.52763,2649,.0573747520241973,72.54577364148439,9.59271527265196
140.27304,2650,.0688374241687808,57.6465916856352,11.57605573125633
151.96614,2651,.0424689206498551,62.4519866584632,7.047389357163023
114.47125,2652,.1032351027307944,47.04309116345,17.66606587002927
86.287514,2653,.02213138755014,35.46070639893832,3.635177930901275
198.66748,2654,.0634142518648072,81.6443637407024,10.63487198480038
269.42319,2655,.0717702828664484,110.7221218316172,12.08717972406293
143.149,2656,.1050952821796831,58.82849586212,18.00141383082776
84.297134,2657,.0721252235549331,34.64274007298392,12.14913876671801
293.34592,2658,.1355203311464615,120.5534040816896,23.57583078653794
292.81665,2659,.0109001588869314,120.335895346002,1.780345596933846
103.75983,2660,.0554529642166081,42.6411272856204,9.262415614084672
1404.8789,2661,.0886380680353966,577.3488641585319,15.05609522648897
139.17561,2662,.0778614801257457,57.19559198452681,13.15352501849321
221.86433,2663,.1028139558663805,91.17733843308039,17.59022925216693
180.826,2664,.0872418268155511,74.31223126087998,14.80843588081179
180.56976,2665,.0660699507757398,74.2069269012288,11.09512696589299
97.707458,2666,.0417351293702687,40.15384521478504,6.923064024479769
125.78009,2667,.0620630562301704,51.6905706927892,10.40116714050898
295.45825,2668,.044430728608697,121.42148696501,7.380224348330485
140.90359,2669,.0176982358350935,57.9057224379692,2.900555407371308
108.84295,2670,.0571438429248188,44.730085670846,9.552995126103164
126.90401,2671,.0832897862595487,52.1524567211188,14.10931134904281
123.24921,2672,.0682463440868627,50.6504805516948,11.47322661814088
92.725426,2673,.0695790517158255,38.10642994190888,11.70516131199788
126.29241,2674,.040959992237489,51.9011136585108,6.791832562401297
206.36862,2675,.0991760362490152,84.80922331096559,16.9364708182181
313.24982,2676,.0922617030124928,128.7331084372216,15.70045580639156
122.52318,2677,.082809302071712,50.3521113500184,14.02450088100223
128.40338,2678,.1215273638110204,52.76863763639439,20.99099499779541
185.95625,2679,.0790853762599245,76.42055818525,13.36856913443563
210.19183,2680,.1009411617023702,86.3804092337804,17.25337861800136
107.92063,2681,.0987789740722638,44.3510491543244,16.8652599463325
116.19099,2682,.0390301634652865,47.7498353074812,6.465552239834007
297.81796,2683,.0824665316571504,122.3912331034448,13.96402322922757
85.03480500000001,2684,.0607956996656515,34.9458932586234,10.18225004146459
82.03795599999999,2685,.0394744648091936,33.71430855320528,6.540615442599533
245.32628,2686,.0068465785174295,100.8192585896464,1.11599835341113
256.40256,2687,.0655165363424248,105.3711652892928,10.99911474257197
85.104286,2688,.0687401973966837,34.97444716204568,11.55913719191775
268.06903,2689,.062529699228107,110.1656164005164,10.48184272628696
103.42627,2690,.1258169740091908,42.5040475080476,21.77954765497599
178.68188,2691,.0029826592818918,73.4310839629744,.4852369670583503
109.48351,2692,.1025558530248415,44.99333013157879,17.54376802555467
145.11363,2693,.1001555554946646,59.6358799711644,17.11226305530063
122.10325,2694,.0752001460857418,50.17953696761,12.6868239192986
88.782967,2695,.0714181061229548,36.48623746436396,12.02572489202517
156.39911,2696,.0908583824561045,64.2737594777068,15.45063802862193
136.8904,2697,.0682481621863626,56.256462357152,11.4735428163819
383.29153,2698,.0371425876053715,157.5174411738164,6.147024266309383
189.5074,2699,.0756951288463879,77.87993836311199,12.77353187907085
250.97133,2700,.0558219369114664,103.1391476602404,9.325782106123606
82.36863700000001,2701,.0609424806125477,33.85020517728356,10.20759007540737
170.74393,2702,.0438923057330387,70.16890498352841,7.288811969961153
120.04642,2703,.0491374790284659,49.3342623576296,8.181426387392236
129.96106,2704,.0494680269872587,53.40878162227281,8.237835438218042
118.05843,2705,-.0163924275856576,48.5172782257884,-2.641137203334532
119.64764,2706,.0496572791683068,49.1703797766832,8.270140314155192
133.11584,2707,.0562610666682993,54.7052696324992,9.401227682830429
222.03726,2708,.0849898059636027,91.2484057251288,14.40970991384502
461.72919,2709,.1156629509188678,189.7521725148972,19.91840737407659
142.14908,2710,.1151028537412445,58.41756885891039,19.81629557109357
112.43552,2711,.0356484328431491,46.2064878069376,5.89531199419271
85.38211800000001,2712,.0652537754809325,35.08862496742584,10.95354679293488
177.72914,2713,.012177689932826,73.0395460469032,1.990280756988023
98.483025,2714,.0047384903934549,40.472572136037,.7715636480149706
233.47459,2715,.0806966296454468,95.94868948944921,13.65207530020636
167.00479,2716,.0730551969889106,68.63226845782521,12.31158082464129
84.34438299999999,2717,.0536316620255369,34.66215751635404,8.949971827429225
122.06352,2718,.0359586932968826,50.16320953157759,5.947548980308787
153.17896,2719,.0371797671286503,62.95040702012479,6.153292498971116
87.755066,2720,.08306606826379,36.06381139275208,14.06981772091462
111.22794,2721,.0456774546544444,45.7102208750472,7.592080071606599
84.11855300000001,2722,.1309902457213429,34.56935044665364,22.73505306323036
272.97623,2723,.1482790189923495,112.1822787236524,25.96439873614075
97.22174800000001,2724,.0509249129357504,39.95423789147024,8.486679934472686
127.11742,2725,.0323368368938698,52.24015966910959,5.338763833546157
107.27879,2726,.0587741053026626,44.0872786649452,9.83362326360195
134.55087,2727,.0914597128038727,55.2950093890956,15.55764335525687
181.36179,2728,.0619586316408382,74.5324194549852,10.38311884719194
239.48059,2729,.0879410458057468,98.41691452872919,14.93241715575417
119.64878,2730,.0525587210738251,49.1708482709464,8.766175348118397
149.08177,2731,.0419750455148647,61.2666263093876,6.963702677549045
91.803757,2732,.0699454089075011,37.72766096026916,11.76897362286653
125.32741,2733,.0269780690933459,51.5045373743108,4.442062276555968
136.34157,2734,.0321215061071719,56.0309152462116,5.302639031485612
155.1604,2735,.0445053691037477,63.764699364752,7.392900549898441
107.40411,2736,.0522549436382194,44.1387801571068,8.714173604201298
127.03835,2737,.0839721290316718,52.207665071398,14.2298220088535
85.477028,2738,.0194254980365057,35.12762916963664,3.186394771112391
186.51379,2739,.0558655034796196,76.6496847567452,9.333265668230649
122.6914,2740,.0842872424678056,50.421243021032,14.28550292578255
113.74387,2741,.0553137631464155,46.7441671659356,9.238515627308164
190.85304,2742,.0449792163195288,78.43294241603519,7.473396135635378
153.72426,2743,.052941883244499,63.1745034426888,8.831788996905784
160.82118,2744,.0700340969479649,66.09105283425841,11.78442487288337
119.69258,2745,.0914296898815835,49.18884831369041,15.55229932032578
117.89148,2746,.0839537268020299,48.44866847382239,14.22657085532074
112.20865,2747,.0720288607873913,46.113253338962,12.13231534532786
94.893547,2748,.038822161901833,38.99744068789436,6.430422541964286
221.47874,2749,.0902669934592604,91.0188764129512,15.34546448211374
124.47542,2750,.1026688004986631,51.1544036661496,17.56409828338112
271.41156,2751,.056543803999151,111.5392621282128,9.449821477977959
151.22743,2752,.0760581789280155,62.1484064855084,12.83715599343616
121.51796,2753,.0400214322537917,49.9390062594448,6.63306954679286
166.74193,2754,.0756015719883376,68.52424354376839,12.75713988884154
110.8516,2755,.0777752058964506,45.555560233808,13.13837617208667
158.86789,2756,.0326568489699884,65.28832901025319,5.392464783172681
108.84946,2757,.0413639738342672,44.7327610196648,6.860214342707826
107.38806,2758,.1277423830506828,44.1321842510328,22.134594113985
199.5522,2759,.077014840549781,82.007948165736,13.0049205252087
96.435112,2760,.0255605739511184,39.63096205530656,4.205670353394016
111.77257,2761,.0204535971835314,45.9340419544916,3.356766311623503
99.164597,2762,.0219738090116334,40.75267088336836,3.609009553938866
147.35663,2763,.0755331834721281,60.55766298200439,12.74515858523609
137.86815,2764,.0286496911653403,56.658278379822,4.721265198510427
152.53735,2765,.0580276523092126,62.68673105151801,9.705074456646049
106.01077,2766,.0335199558121909,43.5661733179076,5.53738770467334
148.92598,2767,.0030753737932053,61.2026028696824,.5003435276078767
180.41124,2768,.1255660212047461,74.1417815410512,21.73332215946736
119.39458,2769,.0756486884300732,49.0663822694504,12.76539491508915
71.299164,2770,.1000311283387045,29.30109588154032,17.08992282953076
167.79257,2771,.1078848755554899,68.95601443209161,18.50548457769762
196.73213,2772,.081500903003199,80.8490125369444,13.79376126697655
181.98587,2773,.1165572250119481,74.7888912968956,20.08156186457658
126.33616,2774,.0576734484451768,51.9190931532608,9.644109556250481
204.28786,2775,.0145382414488716,83.95411443105679,2.378893709244943
320.80731,2776,.0504716773348942,131.8389336207228,8.409225835521788
184.0731,2777,.0377530911795224,75.646659087228,6.249980821815563
187.53682,2778,.0329580908139356,77.07010904278161,5.443031621337443
60.666836,2779,.0676539271721717,24.93163564253968,11.37022590723677
118.61763,2780,.0194884087743017,48.7470869906844,3.19681499914291
103.77484,2781,.0273465091840317,42.6472957934192,4.50356094493335
150.86472,2782,.1087284338099603,61.9993472274336,18.65819000469638
109.74718,2783,.0450006054242136,45.1016879231384,7.477030545252238
101.58797,2784,.0824851180578087,41.7485799606436,13.9673020410119
103.57215,2785,.0248209503665894,42.56399833534199,4.082458251330897
135.73045,2786,-.02737214401858,55.77976944434599,-4.386124808161238
162.65123,2787,.0244872175944875,66.8431299626524,4.026892346929655
124.86442,2788,.048785998838736,51.3142670594696,8.12146563630429
370.293,2789,.0486712197718421,152.17556684484,8.101889469673234
89.739822,2790,.1057938973059473,36.87946648034136,18.12751943693311
182.23163,2791,.022727681525253,74.88988879700439,3.734239190914225
107.33866,2792,.0539831313962546,44.1118828329608,9.010221978252414
370.80304,2793,.0606698633687169,152.3851728220352,10.16052882024973
157.59453,2794,.0635029502422034,64.76502913745639,10.65022443836329
167.13356,2795,.0574016113188405,68.68518776157279,9.597336106692627
143.82448,2796,.0076716676238539,59.10609104186239,1.251005220551843
217.60393,2797,.0807737521816787,89.42648496032838,13.66565676299706
109.5601,2798,.0817439769634682,45.024805548788,13.83660516826194
107.86248,2799,.0795032098458238,44.3271518373024,13.44204468010311
146.6718,2800,.1147871496316992,60.276225327384,19.75876447957692
252.27727,2801,.0948022168180437,103.6758366059276,16.15360841775455
111.15464,2802,.0705489069311221,45.6800975158432,11.87414225097083
222.15288,2803,.1168687934873599,91.2959209064544,20.13843978688789
111.44131,2804,.0534250313971499,45.7979073846428,8.91456034078398
407.77286,2805,.0640163816993048,167.5782856128568,10.73911903147262
228.54141,2806,.0580938591318492,93.9213504286308,9.71647224553684
187.20056,2807,.0499812751963831,76.93191967353279,8.325459823833038
102.77372,2808,.1089906035479518,42.2358756383536,18.70567561744198
485.49942,2809,.0060256960226925,199.5207833832696,.981790298406595
92.281403,2810,.0995340434692946,37.92395430311164,17.00070164766615
90.183617,2811,.0317614454137859,37.06184842028596,5.242251104762537
157.25417,2812,.0792042063262758,64.62515483269959,13.38946213821814
169.35004,2813,.0572234635829566,69.59607211639519,9.566690147185998
142.55766,2814,.0858988871024462,58.58547884668079,14.57055695170024
156.61397,2815,.048494894961412,64.36205831752359,8.071820733345458
106.58723,2816,.0254489165789276,43.8030752503324,4.187063781303815
129.78801,2817,.0894833476233824,53.3376650150388,15.20619545915544
133.08296,2818,-.0018789268868874,54.6917572716448,-.3049329379290688
110.84767,2819,.0762469135001453,45.5539451614796,12.87024063919994
138.66736,2820,.0371015315579977,56.9867216255168,6.140102746943321
721.63983,2821,.0550676703987545,296.5650179400204,9.196271121203885
85.177666,2822,.0631506227687255,35.00460339804008,10.58924949822848
147.62128,2823,.0583303756965957,60.6664235142464,9.757195751652132
137.58583,2824,.0361881006078152,56.5422561865004,5.986183554432792
118.83556,2825,.0546461953420014,48.8366474773328,9.123944472689086
139.44104,2826,.0554376859790666,57.30467306547519,9.259792270023423
144.67073,2827,.106633644143428,59.4538658403124,18.2792170827708
145.7751,2828,.0196386999863107,59.907717602988,3.22171115693017
95.392921,2829,.0376677810321908,39.20266336700948,6.235590168083585
198.16376,2830,.0841883897081414,81.4373550299488,14.268033637419
130.19287,2831,.0720319841692076,53.50404623205559,12.13286061317517
188.84808,2832,.0701007847470041,77.6089842950304,11.79604413861525
146.87569,2833,.0861527235362169,60.36001593731719,14.61549527746604
283.34592,2834,.0535328036681666,116.4438052816896,8.933028985655271
124.9657,2835,.0829640259415456,51.355889076116,14.05180680878105
169.57838,2836,.0669690028060619,69.6899106953944,11.25121739673313
90.267151,2837,.030877536403103,37.09617754290188,5.094097625742045
91.40306099999999,2838,.0578253532790941,37.56299098019268,9.670252484901587
161.90067,2839,.0683407519062446,66.5346799151196,11.48964649419709
108.77802,2840,-.0306760178170535,44.7034020458376,-4.907464806216787
162.80292,2841,.0383484388771659,66.9054684668496,6.350442011998436
116.84425,2842,.0470747350634318,48.01829895869,7.82983355259616
181.36122,2843,.0590237640670371,74.5321852078536,9.876639132226137
174.05299,2844,.0996343189764411,71.5287958840412,17.01869641039351
165.6266,2845,.0840039506923585,68.065887660808,14.2354441375095
209.64029,2846,.0963469433492053,86.1537484215652,16.42970533563438
202.51796,2847,.0886968594839573,83.22675653944479,15.06653099286549
81.604973,2848,.0290165303166747,33.53636991148323,4.782599036298664
172.56107,2849,.0718135859100676,70.9156766198716,12.0947375982886
86.118095,2850,.0372781175592988,35.3910819870286,6.169874883706848
135.0928,2851,.0944015234701291,55.517720876864,16.08206007109121
145.80873,2852,.0562871192928426,59.9215381837524,9.405704747891678
343.22354,2853,.0948132102722094,141.0511048115752,16.15557182791363
127.84851,2854,.0231484014024309,52.5406083277788,3.804168187397905
218.79945,2855,.0672608524475568,89.91779571606601,11.30191754219001
126.46002,2856,.1054693899058385,51.9699946439976,18.06893230425176
110.10979,2857,.0718292339224694,45.2507060852252,12.09746879650739
276.81601,2858,.0610381686486008,113.7602742516788,10.22411151167846
93.296509,2859,.0658541574666782,38.34112214305892,11.05768252686894
123.20923,2860,.0625414701526527,50.6340503756924,10.48387822968639
217.8288,2861,.0527803005746631,89.518897508544,8.804116110676114
308.90964,2862,.0524056484861347,126.9494685852432,8.739969842439157
104.67783,2863,.0305921660727458,43.0183884554604,5.046294181064067
80.310249,2864,.0604649479058402,33.00429029181012,10.12516320489677
105.95113,2865,.0604314577132725,43.5416636706644,10.11938394317471
114.99435,2866,.0439080479456456,47.258064276678,7.291483953479349
429.60187,2867,.060759634009524,176.5491329429756,10.17602429200182
147.49428,2868,.0733202457125736,60.6142316094864,12.35790558047212
109.01501,2869,-.0049916555118156,44.8007954277988,-.8088416926736355
153.89095,2870,.065321541737613,63.24300634508599,10.9652976613545
408.91327,2871,-.0196637459580964,168.0469483696076,-3.16304754762154
71.19158899999999,2872,.0960004647405105,29.25688687244932,16.36774032410807
75.304695,2873,.0660986322399956,30.9472084206366,11.10010437982818
124.3702,2874,.0227959511523287,51.11116246757599,3.745584471960042
89.875732,2875,.0683759620900061,36.93532003763216,11.49577082083883
281.89877,2876,.0624341300867678,115.8490846913476,10.46531718734769
177.02605,2877,.0931575483959394,72.750604264874,15.8601167715424
115.81553,2878,.027460782283323,47.5955363109364,4.522639595580597
127.96055,2879,.0384045145552799,52.58665227273399,6.359907513378707
93.566864,2880,.0597615522890831,38.45222720141631,10.00382182867027
92.784798,2881,.035565064625415,38.13082945190424,5.881278470614625
161.80685,2882,.0802656399692037,66.496123659178,13.57619626847504
201.75633,2883,.1573456700377611,82.91375716604038,27.68039502177362
103.51032,2884,.0881656923591905,42.5385886859616,14.97226852520629
94.07049600000001,2885,.0953090159973182,38.65919974770048,16.24414423664586
96.313652,2886,.06471525480593,39.58104686828177,10.86019402488739
236.81136,2887,.0788170709413574,97.31996808823679,13.321404142922
206.98566,2888,.131900457704989,85.0628019953208,22.90368155351355
147.87419,2889,.0634044117370816,60.77035937749719,10.63316887967695
153.02478,2890,.0483373185784859,62.88704522582639,8.044953659276214
150.30496,2891,.1040609820701104,61.7693083250048,17.81487609860859
107.00152,2892,.0890507302519418,43.9733318190176,15.12935772724114
201.30612,2893,.0622420940299104,82.7287389184656,10.43211564373328
185.67075,2894,.1075458424836641,76.30322913950999,18.44414727844566
200.5941,2895,.0878011999009084,82.43612726470799,14.9076135914326
100.92604,2896,.0207778015445225,41.47655328727519,3.410528202579427
252.86426,2897,.0555183972615599,103.9170659458888,9.27365122400168
134.31306,2898,.0500366520819914,55.1972790200328,8.334916740046889
306.37573,2899,.0738302482133729,125.9081332357124,12.44707748266827
83.283394,2900,.0625013572759388,34.22613360423272,10.47694175332459
399.37448,2901,.024042450105858,164.1268883758624,3.952868181824195
363.22275,2902,.0736908229219768,149.26997775327,12.42269500968651
246.39391,2903,.0995126382519952,101.2580116863308,16.99686064617586
146.21576,2904,.050264487908452,60.08881118370879,8.373830619586469
105.37894,2905,.1055828272712417,43.3065165369272,18.0894103229488
143.98613,2906,.0786548506896618,59.1725227064644,13.29289382491039
160.58018,2907,.0654184552426599,65.9920115031784,10.98210413224265
558.63635,2908,.0943925137800389,229.577127359638,16.0804516181699
148.45305,2909,.0403985438069184,61.008247613634,6.696842306775042
147.94424,2910,.0999148342021489,60.7991471170912,17.06904535657498
85.609459,2911,.1018455180868255,35.18205299750492,17.41596216294689
232.56131,2912,.0584225503159648,95.57336805024279,9.773069018806044
184.52658,2913,.0925785371356632,75.83302117361039,15.75690683971583
151.526,2914,.0465661402063616,62.27110677688,7.743255418156057
232.74501,2915,.0709700559776177,95.6488613801988,11.94757143026433
96.11629499999999,2916,.0728652929109888,39.4999410592446,12.27839726893328
169.62581,2917,.0604781923128203,69.70940252250278,10.12744878993054
170.61034,2918,.085385692059477,70.1140048531592,14.47973750991045
90.222168,2919,-.0428784505060232,37.07769133461984,-6.818106990517628
105.89359,2920,.137548346276,43.51801703916919,23.95346364141178
88.67794000000001,2921,.0756677129417764,36.4430755810472,12.76872821088559
102.91805,2922,.0508263519652695,42.29518947783399,8.46983371809409
122.75664,2923,.0446709787383479,50.4480540436032,7.421029426912241
165.07253,2924,.0273631018543616,67.83818712009639,4.506331065824087
192.35736,2925,.0677897938147787,79.0511575827168,11.39384300194807
160.52383,2926,.0584391747696795,65.96885391394039,9.775932049349562
81.94606,2927,.0217562306114086,33.6765429840728,3.572884039989835
114.34923,2928,.0571598746343311,46.9929458388924,9.555752546405024
84.264977,2929,.0423805458102455,34.62952483612276,7.032411286913242
90.979347,2930,.0169280508362202,37.38886152559836,2.77325890656043
132.35979,2931,.0367037207255634,54.3945634152252,6.073051692571082
116.65898,2932,.1057666870866292,47.9421604217224,18.12260612614098
102.43688,2933,.060686682620951,42.0974479123744,10.16343191573008
137.99547,2934,.0219470406088256,56.7106017917436,3.604564652380066
96.762253,2935,.0378878078252606,39.76540388140964,6.272708175508496
79.711403,2936,.0511603256591906,32.75818861151164,8.526923815590827
218.38101,2937,.1133796366101398,89.7458336638788,19.50249278405566
236.62485,2938,.0063223889534229,97.243319961018,1.030284626858768
131.17621,2939,.0536955518617037,53.9081595204548,8.96092247948053
96.230614,2940,.0911642201018354,39.54692158176632,15.50505308035973
541.52576,2941,.0538027757410563,222.5453613465088,8.979302114300495
98.445488,2942,.1046670815317008,40.45714593502144,17.92416373285381
105.83852,2943,.0645501022579214,43.4953854785776,10.83157483794608
94.417564,2944,.0731205397117014,38.80183077133232,12.32300017195958
104.85632,2945,.1125633814128312,43.0917406844416,19.35403900023051
329.25262,2946,.1059492698089863,135.3096172048856,18.15557739127015
136.07814,2947,.1015322262813937,55.9226560850232,17.35962248628631
103.97531,2948,.0886462076420387,42.72968092056279,15.05754000943187
248.26904,2949,.0573071029627397,102.0286148861152,9.581077576311397
129.54308,2950,.0926583559961138,53.2370086116304,15.77113116255047
157.17867,2951,.0539817510206215,64.5941273617596,9.009985307845444
121.78177,2952,.0402745100510214,50.0474215853876,6.675864493128226
130.97153,2953,.1167987688780989,53.8240442522164,20.12565500398929
101.67373,2954,.1240049320733486,41.7838238799524,21.44602999256117
153.63841,2955,.0716498501239982,63.1392225369908,12.0661617786687
110.66522,2956,.0915805089128037,45.4789655313736,15.57914650213269
356.46271,2957,.1018552169239509,146.4918725260748,17.41770659924823
161.16397,2958,.0722661377208062,66.23192577152361,12.17374307937745
153.68951,2959,.0661901691443318,63.16022258685881,11.11599075323308
137.02148,2960,.0654039611329558,56.3103309782224,10.97959050040923
157.79649,2961,.0744683013593216,64.84802659482121,12.55870258741902
156.78618,2962,.1045225313930509,64.43282971845841,17.89809344315818
177.88977,2963,.0617712605873171,73.10555853242759,10.35073917103151
127.30275,2964,.0308781954135695,52.31632286367,5.09420803482324
151.78729,2965,.0631895589270599,62.37848648392521,10.59598686077716
213.96999,2966,.0454019084199176,87.93308141400119,7.54523385618031
188.41138,2967,.0772101416361125,77.4295181154344,13.03918914285894
142.02602,2968,.0866381652650169,58.3669961360776,14.70146797856724
327.10651,2969,.0644767030792449,134.4276520968188,10.8188570549001
204.67915,2970,.090600532198695,84.114918922502,15.40477388697495
95.37748000000001,2971,.0838128384622522,39.1963177355024,14.20168185258371
129.9843,2972,.1286739938920022,53.418332329884,22.30662921041601
82.983749,2973,.0877750079327354,34.10299153099012,14.90296847696774
191.75826,2974,-.0055915713172398,78.8049515186088,-.9057798118007973
107.51434,2975,.0591373000782025,44.1840802646792,9.896204786640636
214.42827,2976,.0518604801556826,88.12141610780759,8.64667145799219
208.00468,2977,.0397492578405183,85.4815783322384,6.587057486641473
135.51456,2978,.0703909542827271,55.69104731585279,11.84661048866331
93.068893,2979,.0361721525547697,38.24758109901283,5.983497449974141
140.91679,2980,.0317761436947857,57.91114710838519,5.24471581548798
202.07684,2981,.0829929492875177,83.04547391717919,14.05691171806228
119.84129,2982,.0407802539566499,49.2499621574452,6.761417224206717
170.38577,2983,.0713323979798241,70.0217155929076,12.01077209764243
156.38454,2984,.0582787570243885,64.26777179225519,9.748307208660751
109.20452,2985,.003217026523209,44.8786764346576,.5234266058416772
96.218971,2986,.0917646498633413,39.54213677588348,15.61193078388995
178.28842,2987,.0471449160079947,73.2693876885896,7.841783916858035
141.03416,2988,.055088340123021,57.9593814695008,9.1998189050655
154.87869,2989,.0688370915777849,63.64892785695719,11.5759978539213
235.33383,2990,.072639149091614,96.7127625367404,12.2388894541857
282.6861,2991,.1135446465800165,116.172645733668,19.53251816764136
122.4697,2992,.0725321361522375,50.330133215636,12.22019717605987
213.92729,2993,.1499246903288867,87.9155334271252,26.27471151717723
241.88245,2994,-.0045263081635345,99.403982626106,-.7336079192660528
141.65367,2995,.1242516000595265,58.2139752247596,21.49139525286597
227.20114,2996,.1046823402830588,93.37055323026321,17.9269159395202
94.121529,2997,.0832806835531412,38.68017226325652,14.10770424775039
100.40238,2998,.0584720358686824,41.26135003651439,9.781591462864336
119.10449,2999,.0756079484801789,48.9471669178612,12.7582570579941
82.670029,3000,.075492815974518,33.97406519743652,12.73808679932951
212.82364,3001,.1077470494706787,87.46197755556319,18.48054680315519
95.546631,3002,.1058562300493127,39.26583201016428,18.13877527611495
162.73636,3003,.1281221635994515,66.87811497723679,22.20470660503087
185.93739,3004,.0964583154885224,76.41280748191319,16.44962793901432
200.33647,3005,-.0267642537242269,82.3302516708236,-4.290014041048066
253.49071,3006,.0671344584778708,104.1745117627148,11.27995855414916
124.02827,3007,.0148824848496555,50.9706429558076,2.435642505274809
83.65561700000001,3008,.0278802886180125,34.37910232364596,4.592697651898358
241.41281,3009,.0204978147956632,99.2109794280628,3.364097766549599
149.95349,3010,.077484107675,61.62486825598119,13.08727203234817
176.63829,3011,.0874634669042458,72.5912504618052,14.8477263744795
260.4989,3012,.0856339830539917,107.054596684132,14.52367141592478
255.3652,3013,.0867737032262217,104.944851948176,14.72547947653742
137.11961,3014,.1019893854640695,56.3506584712468,17.44183993663739
83.064415,3015,.0564659509884748,34.1361420206702,9.436439584594224
101.64571,3016,.080926800922821,41.7723087841148,13.6926121137909
136.72942,3017,.0529653733078373,56.1903060356696,8.835812312061934
110.77049,3018,.0863091535639524,45.5222272779412,14.64319479090266
96.794464,3019,.1046831199862955,39.77864131010432,17.92705657498925
88.27713799999999,3020,.1045813789470547,36.27836203922344,17.90870641837978
88.61938499999999,3021,.0684525282703429,36.4190118252738,11.50908919795869
113.20241,3022,.0295756467666621,46.5216488293108,4.876124054659853
93.96395099999999,3023,.0866256123757307,38.61541402728587,14.69924431107786
99.368195,3024,.0815257660756999,40.8363414930166,13.79814312179941
180.46532,3025,.0837554007655138,74.16400625136158,14.1915360503161
86.50975800000001,3026,.0328178684360617,35.55203976650904,5.419491820025024
231.99924,3027,.0294593042047504,95.3423798304912,4.856658790727114
234.72614,3028,.0470157048447604,96.46302632726319,7.819782575845672
82.286316,3029,.0998036710591439,33.81637454900208,17.04909128448382
127.17046,3030,.1036692425168024,52.2619569811448,17.74427558368801
114.04312,3031,-.0133774461716346,46.8671469100256,-2.158608942064975
78.531837,3032,.017129433106153,32.27343430969956,2.806533987312928
221.01952,3033,.077912375387691,90.83015541685759,13.16246230362615
105.88361,3034,.0851974401764206,43.5139156595668,14.44643450793595
164.47951,3035,.0969430478668434,67.5944796920588,16.53636426127758
77.993484,3036,-.024764998389868,32.05219282542192,-3.973508514461134
88.093407,3037,.0888914572660263,36.20285596951116,15.1010774166823
106.42162,3038,.0668456478800302,43.7350161846056,11.22979261646255
115.87099,3039,.0552113545059031,47.6183281458812,9.220934803469245
103.1571,3040,.03368488949537,42.393429437148,5.565095699734032
113.48438,3041,.038269461445267,46.6375271866744,6.337111624611679
161.4178,3042,.1143623388040955,66.336239717864,19.68137941365935
150.21909,3043,.0848683559435095,61.73401920010919,14.38823238953121
78.68047300000001,3044,.0762844134277288,32.33451774242324,12.87681501586989
148.06299,3045,.0289760613801528,60.84794860284121,4.775831709957941
109.00471,3046,.0597775691173085,44.7965625410348,10.00658391027329
88.652534,3047,.0254641060081362,36.43263473433592,4.189594824012211
263.71533,3048,-.0127692308897429,108.3764203709604,-2.061091555742427
104.90102,3049,.0181649175521531,43.1101105910776,2.977736473392217
111.04103,3050,.0632153418694222,45.6334083638764,10.60044838597456
119.24763,3051,.0772964475792771,49.0059917150844,13.05433499732788
87.58646400000001,3052,.0442365387623319,35.99452273506432,7.347249502921914
247.60124,3053,.0169806016650841,101.7541758782512,2.781941413470986
147.8363,3054,.0603778844503008,60.754788107644,10.11013943286978
162.72534,3055,.0742684868819488,66.8735861993592,12.52373810270599
132.24951,3056,.0440459250408982,54.34924275965879,7.314888136468933
329.91061,3057,.1036002021028267,135.5800246963268,17.73183577298289
148.23735,3058,.0898048612984231,60.919603567518,15.26332145557113
82.79077100000001,3059,.0418399268203894,34.02368531526749,6.940814140892478
97.89471399999999,3060,.0049308324478354,40.23079991807432,.8029597921869009
450.49161,3061,.1087494065555153,185.1339779866068,18.66198824465032
119.37626,3062,.0330919700138232,49.0588534844488,5.465509643437331
145.87326,3063,.1039328090636742,59.94805742480879,17.79177331840367
135.85109,3064,.0171363574297709,55.8293476442692,2.807678236139659
309.84506,3065,.0858636524039255,127.3338886761928,14.56432002387509
156.05251,3066,.0970983597725292,64.1313207832988,16.56416412725327
182.96574,3067,.0473756628824917,75.19157855451121,7.881081252653305
291.27911,3068,.0693774201798815,119.7040280921068,11.67005098530322
108.76134,3069,.0415779906099076,44.6965472350392,6.896452060053902
101.63763,3070,.0386183250695133,41.7689882282844,6.396003320130035
86.066513,3071,.1310087303211541,35.36988385449843,22.73847604671917
340.03937,3072,.0354541946805891,139.7425386904756,5.862617343777607
276.20593,3073,.1004783595313976,113.5095558480884,17.17023374360094
283.10236,3074,.0612699837402668,116.3437118933168,10.2641431147421
87.158821,3075,.0415734672031905,35.81877861910148,6.895686068210414
223.07646,3076,.0976635507437996,91.67547523242479,16.66536625178007
224.48003,3077,.0305917563435325,92.25228619119639,5.046225555607509
125.46939,3078,.0483918197121652,51.5628854580732,8.054245727687844
156.33658,3079,.0640083211886636,64.2480621564104,10.73772309657815
152.70628,3080,.0152228363245666,62.75615450404639,2.491768922891034
120.83931,3081,.08419150371495,49.6601083368828,14.26858391926302
109.88091,3082,.0723766715182114,45.1566455878908,12.19304525552513
154.90916,3083,.0399863305155191,63.6614498045008,6.627134768691316
197.16521,3084,.0345582183375209,81.02699104177479,5.711886560271372
91.828575,3085,.0851452106047251,37.737860162571,14.43719586254042
305.43201,3086,.0659143238971707,125.5203021777588,11.06812178907171
110.88271,3087,.0586387958888308,45.5683451956748,9.810314121075626
236.5985,3088,.0297023032389116,97.23249116817999,4.897317512876477
142.4212,3089,.0275186572740484,58.529399261456,4.532303040264511
275.10272,3090,.0479536174377133,113.0561807988736,7.97954958530872
73.46962000000001,3091,.0227647629355584,30.1930662188456,3.740401410909801
196.76982,3092,.0733866836311562,80.86450161482161,12.36951940927735
91.53924600000001,3093,.0352122569205213,37.61895755145049,5.821902658840335
190.25856,3094,.0589820628638197,78.18863498657279,9.869453323999977
147.52063,3095,.0753023983635638,60.6250604023244,12.70473231165056
99.004211,3096,.0880044281180291,40.68675867205468,14.94366000921303
300.05682,3097,.0672527483510803,123.3113147403816,11.30050949809148
158.54105,3098,.0464377542249026,65.15401088307401,7.721407224243564
159.18144,3099,.0616051282046966,65.41718548062721,10.32203483315486
154.56587,3100,.0289326480471188,63.5203713872956,4.768572318046246
299.07004,3101,.0032523216542567,122.9057877499952,.5291786471562087
116.49696,3102,.052810931406488,47.8755767019648,8.809361648615059
158.29935,3103,.0178094843413435,65.05468188007799,2.918950712200399
155.91225,3104,.0490503267492192,64.07367955053,8.166556682222282
121.95938,3105,.0226462665963967,50.1204121696744,3.720710391044289
95.31710099999999,3106,.0692759459708134,39.17150438890788,11.65238384459658
85.028305,3107,.161853731263641,34.9432220194034,28.53942009398157
208.43073,3108,.0428881190140038,85.6566677891124,7.118454564088471
126.80267,3109,.1065690637566522,52.1108100468796,18.26754631524044
103.04465,3110,-.0127941840925613,42.347216998642,-2.06509356112486
213.00104,3111,.0531522646969753,87.53488183827518,8.867825936214455
164.94823,3112,.1327225605748916,67.7871048070124,23.05611867235095
138.31053,3113,.0871256277984304,56.84007881153639,14.7878405741298
392.31418,3114,.04015851478424,161.2253883350984,6.656248582478554
145.39323,3115,.018096439076798,59.7507843536124,2.966409065670482
129.04761,3116,.0868782613831272,53.0333903198868,14.74400490926276
195.50743,3117,.0549441171122526,80.34570997190839,9.175065770698133
136.40898,3118,.0825203118444402,56.05861805172241,13.97351071516358
172.06837,3119,.0425294486074299,70.71319668699559,7.057648606334352
99.27117200000001,3120,.0864992163157371,40.79646893257936,14.67685557832004
133.11328,3121,.0857006440005793,54.7042175752064,14.53546860975098
149.3896,3122,.1352063663846536,61.393132089248,23.51743643212965
110.28793,3123,.0635658416633728,45.3239144782484,10.66111089239772
135.48837,3124,.0347967297197396,55.6802842765956,5.751998322547839
167.929,3125,.0894202260612757,69.01208168852,15.19498228538518
155.97249,3126,.0960598619686001,64.0984357737012,16.37836153287022
350.34189,3127,.0724426559032899,143.9764610733732,12.20456892221106
100.37043,3128,.0311204803445796,41.2482198683484,5.134804819969618
79.889015,3129,.0757182064212008,32.8311800177182,12.77757551039743
248.15872,3130,.0642187572870885,101.9832777921536,10.77417051689748
99.90576900000001,3131,.0740185874513075,41.05726283954773,12.48001934691224
117.13061,3132,.0175053489206571,48.1359814299268,2.868665774115389
103.84732,3133,.0903448994232705,42.6770821655216,15.35931584403674
288.89529,3134,.0165765373061882,118.7243737109652,2.715193178744347
209.32675,3135,.1056354750417197,86.02489606079,18.09891522953457
94.868279,3136,.0103134113756274,38.98705655364652,1.684015914719831
178.4787,3137,.0663837029453162,73.347585134556,11.1495836359973
137.69649,3138,.0293857648183662,56.5877330068212,4.844356090465753
173.30376,3139,.0619891666523012,71.2208924131488,10.38839619122117
182.07477,3140,.0575975468487756,74.8254256302276,9.631048325988852
157.75938,3141,.0906660327682738,64.83277587367439,15.41642343317253
121.9268,3142,.1437368035757394,50.107023096784,25.11055002462185
199.37291,3143,.0447051773674693,81.93426716885079,7.426838661038929
508.16995,3144,.0407950079721986,208.837461671606,6.763913694926613
125.61422,3145,.1194057006925388,51.6224047774936,20.60222131776302
80.772217,3146,.07261387868916,33.19414060565396,12.23447521512295
106.07445,3147,.098758483383794,43.592343243066,16.8615858235856
92.33416,3148,.1139730276800556,37.94563531350079,19.610489963516
131.26511,3149,.083751908938213,53.9446938537868,14.19091927227518
136.0125,3150,.0627647068555799,55.89568067849999,10.52248628155446
89.111267,3151,.0709225629396099,36.62115559296796,11.93928926411252
86.66057600000001,3152,.08376454055081,35.61401991369088,14.19315046419969
197.67755,3153,.0657717851515103,81.237542226694,11.04339141957584
120.88977,3154,.1155732129829093,49.6808453724276,19.90204332519087
142.83575,3155,.1055761343680477,58.69976267971,18.08820203755327
155.2112,3156,.0261199274161666,63.78557612665599,4.298912231707618
170.05656,3157,.00125498914756,69.8864234908128,.2039928347580956
222.25671,3158,.0693635256846628,91.3385908707948,11.66763178190341
106.25146,3159,.1252548006723201,43.6650872514248,21.6760114625793
140.52933,3160,.0140198721485251,57.7519165932804,2.293476969580096
252.72369,3161,.0543469904215974,103.8592973155572,9.072618321456439
159.65334,3162,.0420661099577993,65.61111744799919,6.979130354534339
114.10944,3163,.0395199818266777,46.8944017692672,6.548307271588877
209.6851,3164,.0523023090848377,86.17216353378799,8.72228075689118
124.48124,3165,.1011596893466504,51.1567954526512,17.29265164933154
140.9288,3166,.0692204425072144,57.916082736544,11.64272118698471
199.64912,3167,.0260605638227449,82.04777839730561,4.289014095436244
142.24748,3168,.0764748696400879,58.4580073111024,12.91020904314643
110.12847,3169,.0740577824904452,45.25838281578359,12.4868756163244
172.01295,3170,.0284168239173851,70.690421290446,4.682342526656422
124.98055,3171,.0494306137839845,51.36199183033399,8.231449821353031
102.50955,3172,.0753082714080071,42.127312366854,12.70576096815267
162.92371,3173,.0878654829535707,66.9551083107548,14.91901463026104
124.25627,3174,.0835314032843333,51.0643418084476,14.15197467322633
105.10942,3175,.0522729143695573,43.19575463006959,8.717249460802059
109.15353,3176,.0601429315836466,44.8577215903764,10.06960221783076
283.8028,3177,.1432790771218281,116.631564631664,25.02472120889979
114.67574,3178,.099706142381753,47.1271283493112,17.03158646093892
133.60338,3179,.0515422442769943,54.90562901239439,8.592233082540483
352.19101,3180,.0367927664934764,144.7363752066788,6.088058048393224
176.36259,3181,.0427305089361315,72.4779488228892,7.091731993694873
152.30397,3182,.0349082795220666,62.5908212347236,5.770761546083686
329.14981,3183,.0905788845348474,135.2673664196228,15.40092392852234
103.09717,3184,.0261677030666441,42.3688006115396,4.306878650261643
108.55882,3185,.0558339927591694,44.6133196401416,9.327852943176147
142.82866,3186,.0449184457028731,58.6968489741608,7.463070493494254
117.13081,3187,.0753154966648096,48.1360636219028,12.70702647127226
123.99953,3188,.0715082265203495,50.95883196885639,12.04144883839697
375.24182,3189,.0724445742733361,154.2093333181816,12.20490396219858
198.88501,3190,.0500700911941111,81.7337598433988,8.340627514886867
226.91165,3191,.0507297579464371,93.251584454602,8.453325307517922
195.77495,3192,.0839604412476824,80.455649959006,14.22775710103978
444.54669,3193,.10168069595219,182.6908543767972,17.38631978176882
106.02604,3194,.0754020374176249,43.5724486752752,12.72218478748502
321.87875,3195,.0209881046502173,132.27925247455,3.445411492321527
269.37827,3196,.0250562887803806,110.7036615138076,4.121652823179153
85.457809,3197,.0985808504379617,35.11973093170292,16.82973815777056
128.66591,3198,.0594878287673042,52.8765269336908,9.956625394092313
131.68184,3199,.0898980655976531,54.1159531645792,15.27988526927622
184.95207,3200,.0428528104516269,76.00788049295159,7.112467680158862
124.30379,3201,.0581117175270073,51.0838706219452,9.719546774196543
139.82359,3202,.0695231208016207,57.4618857675692,11.69542128932238
310.46106,3203,.0665519866671208,127.5870399622728,11.1787989880496
211.59622,3204,.0840577237912509,86.95755717965359,14.24494496846726
91.37222300000001,3205,.0629012719709101,37.55031779941324,10.54610901740053
91.101585,3206,.0645226423847095,37.43909643940979,10.82681679108558
331.68573,3207,.0700678030151204,136.3095277985124,11.79029751073046
176.68404,3208,.059962160258162,72.6100518763152,10.03841961025754
112.08829,3209,.1263717141403897,46.0637902078052,21.88177193611103
187.21167,3210,.0107898700401267,76.93648543779959,1.762234534707035
68.46038799999999,3211,.0552676756681521,28.13447283723344,9.230603417461525
114.00611,3212,.0615692990442474,46.8519372848668,10.31584489919158
182.91946,3213,.0717870622385782,75.17255933126479,12.0901082642238
225.10596,3214,.0817284351229456,92.50951830888481,13.83386547192903
88.954239,3215,.1067940661587782,36.55662338493132,18.30821131437996
85.15486900000001,3216,.0454296079650976,34.99523474565572,7.549942532615575
125.50362,3217,.0568261795144246,51.5769526147656,9.498366803082801
131.77196,3218,-.004976536839347,54.1529888689648,-.8063979724104219
139.40015,3219,.075640092499484,57.287868915982,12.7638888378743
122.8252,3220,.0752085077346009,50.47622945297599,12.68828830387766
245.82393,3221,.1035069439978867,101.0237727739284,17.71503374403988
92.322014,3222,.0771429220129296,37.94064379479832,13.02739365759282
197.06248,3223,.0509884324525377,80.98477313330238,8.497537683136411
123.74533,3224,.0402089009788254,50.85436596736039,6.664769091077021
141.61697,3225,.1035360978283948,58.1988929971636,17.72028613260033
100.7198,3226,.0994969881744345,41.391796921624,16.99405241224534
185.26503,3227,.104635108248791,76.13649449699639,17.91839687800493
86.89254800000001,3228,.0784855246446132,35.70935109897425,13.26313959181105
189.3354,3229,.0740283873666999,77.809253263752,12.48173359121678
88.02842699999999,3230,.0728232590742409,36.17615179650875,12.27105319065563
186.23489,3231,.0238349901477767,76.5350680462132,3.918351174275411
91.79349499999999,3232,.099916479599855,37.7234436899806,17.06934072638446
163.53751,3233,.0096733609194372,67.2073554850988,1.578999620686508
164.7607,3234,.0045352825591168,67.710037500716,.738400433566458
140.33037,3235,.0638643159887373,57.67015201555559,10.71278589234872
106.6181,3236,.0833942239518086,43.815761581828,14.12775108239903
156.93471,3237,.1253614262801819,64.49386958943479,21.69564436641493
97.55117799999999,3238,.0761795952418585,40.08962040473864,12.85843921927888
89.639549,3239,.0533302827609788,36.83825830029411,8.898325165332823
96.23619100000001,3240,.0590905494714836,39.54921350501709,9.888147988185661
286.50446,3241,.0817333776698683,117.7418385010648,13.83473673334087
146.71458,3242,.0891351212656234,60.29380619105041,15.1443439149001
207.33304,3243,.1008287809215295,85.20556123843521,17.23318527469425
145.71255,3244,-.008445443751326,59.88201206249399,-1.366130717318724
184.46654,3245,.0570103179530329,75.8083471424152,9.530030829201317
105.68128,3246,.1208725595336078,43.4307661470464,20.87092060837693
161.39461,3247,.0263050070749665,66.3267095582468,4.329775720546824
227.95474,3248,.0436799026861425,93.68025259583119,7.252764133551008
130.80145,3249,.0504573140185128,53.754148195826,8.406771841074567
194.136,3250,.1080206716524684,79.78210726368,18.53005841501366
114.99603,3251,.090365011571589,47.2587546892764,15.36289187704258
100.22042,3252,.0686099697210232,41.1865717767496,11.53647870547235
71.497406,3253,.0005710957525006,29.38256539007128,.092797300955359
170.78802,3254,.1188805628440116,70.18702420463759,20.50612230478569
131.68922,3255,.0654549272561837,54.1189860484936,10.98842942936985
144.89787,3256,.0374152118280906,59.5472112674556,6.192992398657069
325.47842,3257,.062183033764359,133.7585724257896,10.42190586416892
97.329346,3258,.0305682672487382,39.99845635263848,5.042291419256184
106.60917,3259,.0543986540495218,43.8120917100996,9.081479696413723
171.82722,3260,.0065961017960016,70.61409371193361,1.075035631326241
203.53006,3261,.048764633056234,83.6426890339928,8.117821420808015
115.67047,3262,.1061229597772606,47.53592247074359,18.18694836743771
207.49669,3263,.0358443834504313,85.2728148227972,5.928301322966623
75.94362599999999,3264,.0825004175672493,31.20978342772488,13.97000106072573
170.89784,3265,.0811401841250978,70.23215581865919,13.7302006163484
85.649704,3266,.1125999950738309,35.19859207787552,19.36069539635439
168.43663,3267,.0911370006437054,69.22069725240441,15.5002094824928
76.682457,3268,.0315308879665593,31.51341332682516,5.203594357463177
170.17961,3269,.0666537065774656,69.93699210404679,11.19646073322934
100.70136,3270,.0377479806987153,41.3842188214368,6.249118719110268
97.138443,3271,.1103027741296327,39.92000287866684,18.94353028420166
239.01187,3272,.0276589566217708,98.22428941377559,4.555731283040828
182.09253,3273,.070427101502671,74.8327242776964,11.85291070628153
139.66238,3274,.0931682914675711,57.3956349253144,15.86203231059471
178.44592,3275,.1188015012247289,73.33411386968959,20.49165858143415
189.00049,3276,.0936769384278135,77.67161869034121,15.95274995843434
214.84715,3277,.0244296866127377,88.29355898234199,4.017315416050748
126.73257,3278,.0906728019266082,52.0820017592916,15.41762739937905
87.151985,3279,.0644389566730207,35.8159692973618,10.8123171461887
110.53319,3280,.0695919423147217,45.4247064984172,11.70740620729108
87.620728,3281,.035713391262209,36.00860386439264,5.906247373880547
130.57651,3282,.0519817947243341,53.6617068804188,8.66742845004296
86.615921,3283,.0641666306689559,35.59566850024947,10.76514149971669
128.67323,3284,.0657011869331398,52.8795351600124,11.03114398491018
125.87415,3285,.0579748693521433,51.729225579102,9.695988184474805
105.53725,3286,.0563707683637447,43.37157559553,9.420080377285595
137.88902,3287,.0535031516944428,56.66685511251759,8.927947408009899
196.32278,3288,.1161594734225503,80.68078611006639,20.0089766587829
793.0462,3289,.088262862475759,325.910171186456,14.98950887585749
103.05782,3290,.092603655053381,42.3526293402616,15.76138291963805
162.8815,3291,.0964851458397144,66.93776169422,16.45442776944188
129.40201,3292,.0689588599708731,53.17903450135879,11.59718922140666
198.96948,3293,.0530979868412317,81.7684736244624,8.858527775931178
95.424683,3294,.0759061862709467,39.21571627471804,12.81051664200731
143.60878,3295,.1277762431313417,59.0174469957464,22.14084404969378
86.939575,3296,.0851119189135906,35.728677309251,14.43130730233602
150.91013,3297,.0427201418553801,62.0180089155844,7.089974417137542
130.50177,3298,.0623531116232982,53.6309917389876,10.45130894635142
149.48434,3299,.0274941619569941,61.43206642827919,4.528212964585105
115.60161,3300,.0560502562759435,47.50762377340679,9.365004841946421
175.18668,3301,.0213364934117152,71.9946969903984,3.503215400920151
180.99739,3302,.0432019968005928,74.38266567471319,7.171684655400126
111.89816,3303,.0502610093653174,45.9856544058208,8.373236425090907
87.06523900000001,3304,.0627607659555822,35.78032017161132,10.52180464115616
121.25038,3305,.0849081436097968,49.8290416147544,14.39526825233111
159.55284,3306,.0716318977871654,65.5698159800592,12.06302895016673
175.79512,3307,.0975214769577178,72.2447414197856,16.63992138148009
159.52596,3308,.1090532477443136,65.5587693784848,18.71702391879389
74.925392,3309,.0765811327843145,30.79133010527296,12.92884367202291
110.71137,3310,.0508161750729137,45.49793132983559,8.468094360121958
143.07504,3311,.0461956988517857,58.7981012693952,7.68022287346934
198.87474,3312,.0614418236841709,81.7295392854312,10.29382374030365
128.32855,3313,.0619086024433308,52.737885508574,10.37447268532715
122.82852,3314,.009704762581793,50.4775938397776,1.58415028139674
193.48174,3315,.0947162571561051,79.5132326525912,16.13825692861904
92.37357299999999,3316,.1102943283316067,37.96183247525124,18.94199833226324
108.24743,3317,.0624240077710853,44.4853508431084,10.46356695835187
301.89334,3318,.0267284531773089,124.0660507791992,4.400410177306318
209.27086,3319,.005801505431791,86.0019275130968,.9451559877732842
334.69769,3320,.069056064197173,137.5473225186772,11.61410753633305
102.92423,3321,.0636567516917918,42.2977292098924,10.67684855483346
686.58868,3322,-.0206133069340188,282.1604015421584,-3.314222284163565
157.74124,3323,.0728668452101285,64.82532106145121,12.27866848982868
178.77882,3324,.0834544036940936,73.47092241374159,14.1383774158467
101.78467,3325,.0940658282942913,41.8294157690396,16.02213995245413
202.51096,3326,.0698479122332778,83.22387982028481,11.75198931191066
103.39859,3327,.1227307744132754,42.4926721385692,21.21187491826918
163.91957,3328,.038969235428857,67.36436681685159,6.455261255116562
142.04044,3329,.1166986896251591,58.3729221775472,20.10738453141304
173.96977,3330,.0541756398579233,71.4945958028276,9.043231451942397
79.16735799999999,3331,.0599467473475573,32.53460794359704,10.0357611819985
245.38943,3332,.0666104077947516,100.8452107060684,11.18894249611521
94.713142,3333,.0506741774850709,38.92330147074296,8.443827045862825
338.43207,3334,.0661981434166769,139.0820028753516,11.11737476957369
121.8643,3335,.0397707640080532,50.081338104284,6.59069272569118
128.52911,3336,.0508138217212761,52.8203076221068,8.467692145463124
206.09219,3337,.0359296547864508,84.69562167133719,5.942659225434999
118.02176,3338,.0713178523593781,48.5022083269888,12.00823457015106
181.25255,3339,.0969034398323039,74.48752619769401,16.52927536015239
94.32749200000001,3340,.0707003015527,38.76481479302096,11.90053500558658
128.72903,3341,.0308606999926497,52.9024667213164,5.091276917357929
322.28925,3342,.0521329819684312,132.44795150529,8.693300198758308
92.125511,3343,.077766996256737,37.85988894549868,13.13693471387983
216.27306,3344,.01149842079004,88.87955078483279,1.878623875610387
119.12521,3345,.0498295684349858,48.9556820065748,8.299554979681121
159.27791,3346,.1087862133353938,65.4568307802508,18.66865427797562
131.57428,3347,.0043616761483419,54.07175031988639,.7100734646614424
167.39647,3348,.0611516640291064,68.79323322362359,10.24370960256425
170.19383,3349,.0444807738241957,69.9428359535404,7.388723426978003
216.61136,3350,.0634895677571252,89.0185785122368,10.64790802938482
203.92574,3351,.0371306468045189,83.80529763931119,6.145011172190402
109.28748,3352,.0955699944698324,44.9127696663024,16.29078395654036
90.35337800000001,3353,.0563579148459389,37.13161338047464,9.41787133960991
141.8627,3354,.0513838163126924,58.29987816847599,8.565138382384072
144.2959,3355,.0808454336472545,59.29982574849199,13.67828097948412
145.09058,3356,.0693791398082175,59.62640734593039,11.67035039619434
177.14548,3357,.0407675703736345,72.79968520334239,6.759271112924329
95.71399700000001,3358,.0717104104247858,39.33461272144037,12.07673045762343
478.27222,3359,.0558960010568912,196.5506941385336,9.33850452397022
99.654816,3360,.0974145860389618,40.95413122478207,16.62078001072624
126.34275,3361,.0663050160391876,51.92180137887,11.13592466899167
98.836945,3362,.07549694296505,40.6180190567666,12.73880977366202
129.60956,3363,.105727875038761,53.26432922445279,18.1155981209332
543.0483400000001,3364,.0294316825786321,223.1710806405992,4.852037751505865
81.825333,3365,.0754887590721095,33.62692903064004,12.73737610608064
108.82895,3366,.1011947538744838,44.724332232526,17.2989541238893
107.16609,3367,-.0443088743539286,44.0409634864692,-7.040558157754601
166.99313,3368,.0512314368272501,68.6274766656244,8.539082155984449
163.37952,3369,.0780405478675054,67.1424279336576,13.18497160060323
106.98008,3370,.0408001250014566,43.96452083919039,6.764779536540723
114.52032,3371,.0834768936883691,47.0632569647616,14.14234878641042
261.78287,3372,.1002363574168964,107.5822568412556,17.12677209404789
208.88921,3373,.0634876119552054,85.84508467489479,10.64756949716485
92.98483299999999,3374,.0800927360137376,38.21303581150003,13.54576439392709
102.55083,3375,.0848351264663662,42.1442767907004,14.38235646041986
98.33884399999999,3376,.0817864827068675,40.41331952957871,13.84409824535977
257.1329,3377,.0666104461158316,105.671305728052,11.18894914989891
88.394875,3378,.0810710587433998,36.326747222615,13.71802296142841
102.71006,3379,.0895373850555483,42.20971393239279,15.21579545308625
356.01889,3380,.0745257890639015,146.3094803121332,12.56876335278625
112.88085,3381,.0491444852056463,46.389500570298,8.182621820199373
263.85663,3382,.0453125718603687,108.4344890020044,7.530048323896539
96.24912999999999,3383,.0847064074487887,39.5545309149044,14.35959707188343
199.79704,3384,.0432239605043228,82.10856758275521,7.17541007445791
236.40649,3385,.0243336288385707,97.15358276162119,4.001326326478138
218.42799,3386,.0932524898381833,89.7651405590412,15.87704597978871
159.90723,3387,.0466612675462833,65.71545605193239,7.759445603629111
122.69277,3388,.0678347776631184,50.4218060360676,11.40166305149533
95.45919000000001,3389,.042497364420924,39.2298972672972,7.052210386406234
84.529449,3390,.069783297661503,34.73821221750612,11.7407341071746
129.84653,3391,.0778158525628895,53.3617143872164,13.14551313597814
340.08453,3392,.078790197182328,139.7610976386564,13.31668074212048
102.68403,3393,.048782486190032,42.1990166467164,8.120866502473964
149.42885,3394,.0457983571537346,61.40926226453801,7.612639043649509
227.74734,3395,-.0370907098660313,93.5950195167192,-5.914775850224033
400.375,3396,.0991205121631751,164.538061955,16.92651118460415
82.230339,3397,.0284670069419498,33.79337024779932,4.690729618461736
123.83274,3398,.0458366007714612,50.8902879704712,7.619142730823949
87.155624,3399,.022720571360905,35.81746478036512,3.733057643922066
164.62115,3400,.0557486705675291,67.652688049462,9.313197658228839
78.131477,3401,.0536327078017441,32.10890241214276,8.950151066760823
94.88323200000001,3402,.0809428064627026,38.99320163673216,13.69543129027036
175.8736,3403,.0757704453455663,72.27699355116799,12.78672911113979
160.03395,3404,.0379084014789023,65.767532887926,6.276182694891785
133.34372,3405,.0233661398383565,54.7989191699536,3.840370640613788
161.66187,3406,.0601158113868453,66.4365426957756,10.06492369139417
167.00607,3407,.0758774831349651,68.6327944864716,12.80548637369894
108.4747,3408,.0269005002671738,44.578749695036,4.429117659738572
96.202095,3409,.0070025265699639,39.5352014169486,1.141507131045902
303.90381,3410,.0447988818756111,124.8922732891428,7.442757025427178
86.411835,3411,.0706766800489591,35.5117973421798,11.89641678543255
80.756828,3412,.0544022861195053,33.18781634406064,9.082102688354983
167.06691,3413,.0841587625084724,68.65779728557079,14.26279824643322
86.87033099999999,3414,.057277729812107,35.70022080332027,9.576024746046176
118.53648,3415,.098509111571081,48.7137375964224,16.81687775852939
83.968338,3416,.0431679242825145,34.50761810827944,7.165905536661924
122.26709,3417,.0381124484396872,50.2468686343492,6.310612950423565
269.78137,3418,.0244316038303303,110.8693194414356,4.017634558002549
146.1752,3419,.0506734328157855,60.072142650976,8.443699791350149
122.60384,3420,.0891981522607399,50.3852593739392,15.15553780758342
220.0946,3421,.0698914379790818,90.45005040464801,11.7595714664622
162.7184,3422,.0349425562433127,66.870734137792,5.776527479006676
173.32646,3423,.0830166233030767,71.2302212024248,14.06109024153607
145.68912,3424,.0931008870374737,59.87238327250559,15.85001413137057
117.23084,3425,.0780286201006835,48.1771719386992,13.18287675737833
98.451424,3426,.0456419108212683,40.45958539286912,7.586036461941577
117.62242,3427,.0555529515763954,48.3380956085096,9.279584895782493
129.81374,3428,.0919630578657811,53.34823901275119,15.64726191546356
97.434044,3429,.0676750033396319,40.04148303015472,11.37388927349818
82.285583,3430,.0502425363946631,33.81607331541004,8.370080961271711
141.74271,3431,.0292836736757192,58.25056709247479,4.827278351603653
201.95862,3432,.0412101696983386,82.9968902401656,6.834176730235866
204.31044,3433,.0379387999417834,83.9633939051472,6.281311592525568
131.98112,3434,.0741067050329,54.2389452374656,12.49543386546977
259.36624,3435,.0582037425540721,106.5891188664512,9.735390814268118
185.50121,3436,.0329371386887326,76.23355500145479,5.439514078097292
91.797752,3437,.0512806833940697,37.72519314618976,8.547502669561386
135.85046,3438,.0979354476510963,55.82908873954479,16.71407202572533
92.16718299999999,3439,.1179691258147091,37.87701446561804,20.33945119116706
223.77484,3440,.0511833247951729,91.9624813934192,8.530856033340514
161.31322,3441,.0293078673869423,66.2932615336136,4.831325301997312
192.79105,3442,.1349846842014958,79.22938677307401,23.47621676989518
113.24492,3443,.0435093362676266,46.5391187338096,7.223822114137207
160.76447,3444,.044807792307803,66.06774729946359,7.444270792340449
161.10303,3445,.0963362457307447,66.2068818764364,16.42779182833111
327.78677,3446,.0713099560751285,134.7072116647876,12.00685705493239
151.12471,3447,.1427929763462131,62.10619268663479,24.93361489571713
84.909592,3448,.1086791145810013,34.89443573916896,18.64925842815079
101.12297,3449,.0513654945435144,41.5574836164436,8.562005229884578
110.82664,3450,.0910610559430058,45.5453026752032,15.48669611220896
106.6699,3451,.0274991482431041,43.837049303612,4.529045535503364
78.53787199999999,3452,.0920654207858615,32.27591445257535,15.66549274120353
96.109489,3453,.0682888377908035,39.49714406630132,11.48061714198903
146.07965,3454,.099280987958495,60.03287543444199,16.95529804306276
162.26945,3455,.0715139958724994,66.68623369966599,12.0424555065422
115.95435,3456,.078565688705249,47.652585761478,13.2772255158657
81.474121,3457,.0040761142130959,33.48259498926548,.6634896598105637
125.07205,3458,.0886659090867532,51.399594659354,15.06103707123925
163.16696,3459,.0851215301432473,67.0550743015648,14.43300729510994
161.56003,3460,.0691842742899538,66.3946905415964,11.63642491178412
315.15656,3461,.0969603070859922,129.5167020788128,16.53945334101434
95.140709,3462,.0612140021808392,39.09901435375492,10.25447494094908
86.55574799999999,3463,.0760043251753203,35.57093981139024,12.82771672532637
287.68451,3464,.0644924065032861,118.2267917074588,10.82157788887109
316.68356,3465,.0699268809563218,130.1442378155728,11.76574585215586
246.49611,3466,.1305469191555927,101.3000117860668,22.6529766761861
134.46309,3467,.0060775968050904,55.2589353308292,.9902724200882405
118.01724,3468,.085646131976548,48.5003507883312,14.52582138971183
195.5271,3469,.0308015799919372,80.353793552748,5.0813725527056
178.18529,3470,.0916826718120154,73.2270053961652,15.59733474313274
89.210014,3471,.007718821465204,36.66173664823832,1.258724228304794
132.16522,3472,.0956186364180377,54.3146029513736,16.29947815284025
81.16233099999999,3473,.0377252921694731,33.35446180828028,6.245291374618144
208.81187,3474,.0647076027683823,85.8133010377756,10.85886790341936
106.08611,3475,.0792647873047935,43.5971350352668,13.40011459511461
192.75949,3476,.0663450544667739,79.21641687926119,11.14287465622784
183.05542,3477,.0837430544236242,75.22843343654959,14.18935526696277
102.49494,3478,.057253940894638,42.1213082430072,9.571932635920449
103.65233,3479,.040616811094319,42.5969490985204,6.733764144538843
105.69514,3480,.0984269456018105,43.4364620509832,16.80214925913474
191.98586,3481,.076060947885376,78.89848598729679,12.83764133883144
105.07291,3482,.0620256093541321,43.1807504848508,10.39469476804863
182.6553,3483,.0104463836816435,75.06400016936399,1.705841782995941
225.22588,3484,.0759924892934855,92.55880061769439,12.82564224793307
209.03908,3485,.0833524691054065,85.9066752321104,14.12037852993566
138.26176,3486,.0519618004159927,56.8200362981888,8.664007239142613
516.68225,3487,.0382711884768913,212.33567545813,6.33740311435513
100.25783,3488,.0628915248969083,41.2019457858604,10.54442288288342
79.76973,3489,.0515793387242528,32.78215866843239,8.598577677008665
181.73041,3490,.0309142984863238,74.6839074859508,5.10025677086621
221.41324,3491,.0170300209712546,90.9919585408112,2.790106942997718
126.47121,3492,.0403364959538677,51.97459328505479,6.686347835891933
151.82747,3493,.047849809959528,62.39499885190361,7.961859314235443
103.28766,3494,.050050140367665,42.4470843590808,8.337220263950069
99.89162399999999,3495,.0821779718167918,41.05144981204511,13.91312643989125
152.39795,3496,.0709128327907085,62.629443244246,11.93759250164848
132.82494,3497,.1015657579210861,54.5857214034072,17.36565168162485
97.089523,3498,.1259369025305472,39.89989872133724,21.80164258019249
137.06668,3499,.0466281266457012,56.3289063647984,7.753805017470282
119.43959,3500,.0523411033547618,49.0848795736492,8.72892113804658
255.99048,3501,.0558847387584279,105.2018169419424,9.33656987441181
190.08641,3502,.1007645775468838,78.11788824323081,17.22164979405774
93.177948,3503,.0781821181750094,38.29239832872624,13.2098371405108
184.33632,3504,.0495137528891452,75.75483194684159,8.245640175657671
80.72229,3505,.025859657848815,33.1736226117252,4.255519897601701
88.86956000000001,3506,.0512006879991944,36.5218237132528,8.533824722120729
90.89840700000001,3507,.0514796133712497,37.35559843291117,8.581521293736277
121.03801,3508,.0658565858134816,49.7417660650388,11.05810384847575
166.02284,3509,.0332438717951292,68.22872640365919,5.491017261710613
186.86481,3510,.0961242976700507,76.7939398938228,16.38988441760556
134.38237,3511,.0748085336673405,55.2257626493156,12.61825412828553
107.88223,3512,.0467541411544003,44.3352682949324,7.775253701403972
85.38432299999999,3513,.0861575894072021,35.08953113396124,14.61635682589672
291.71945,3514,.0026047525110896,119.884990165666,.4236767186562383
155.71877,3515,.0616967803063238,63.9941670329476,10.33786988516938
209.13126,3516,.0924620051383522,85.94455751384881,15.73614199773538
128.66049,3517,.1653403107731549,52.8742995311412,29.20645947356174
205.71579,3518,.0766301846177431,84.54093637250519,12.93744621907286
84.435562,3519,.0664011226014088,34.69962842725256,11.15260759453469
136.70976,3520,.0660026431386537,56.1822265644288,11.08344688257533
128.66388,3521,.0950519125709313,52.8756926851344,16.19820893073219
334.46408,3522,.0600799743292477,137.4513181811104,10.05874160706625
134.52017,3523,.1066552457431168,55.2823929207796,18.28312102519953
179.22243,3524,.0389838743517343,73.65322832610839,6.457733769475391
190.72528,3525,.1287029807342854,78.38043818176639,22.31198461152711
98.151596,3526,.0586222410854507,40.33636811396848,9.807462516291992
149.50803,3527,.0768854963571479,61.4418020678364,12.9822287556243
160.14574,3528,.0906046561033481,65.81347409291119,15.40550731790201
82.941765,3529,.1004071570410898,34.0857377913882,17.1574452521938
170.57765,3530,.109372705074756,70.100570574682,18.77490622812947
156.66498,3531,.01294956435614,64.38302138100239,2.117252000247249
149.92557,3532,.0800783695258762,61.6133942561316,13.54323606414278
86.391075,3533,.0773770687033278,35.503265815071,13.06848440218607
163.69682,3534,.0869459226184576,67.2728255035816,14.75599404181019
301.25995,3535,.0033064225815578,123.805752900806,.537995859890706
149.89818,3536,.0367834228249898,61.60213806501839,6.086483352536963
106.26952,3537,.0597595224694992,43.6725091868576,10.00347179202992
101.40298,3538,.0922191850577341,41.6725564924424,15.69288164982489
290.28857,3539,.118838111745483,119.2969558925716,20.49835605625582
147.0708,3540,.0562797093643493,60.44019831950399,9.404431362128078
88.602501,3541,.0407394420591676,36.41207317865988,6.754511790488634
71.134407,3542,.0651993181248976,29.23338736459116,10.94410430413594
84.33068799999999,3543,.0543486411326857,34.65652942079743,9.072901445284668
170.27974,3544,.072898157105009,69.9781415168312,12.28413945834168
193.80139,3545,.0830063888797852,79.6445959782332,14.05928382786585
108.80096,3546,.0446129038656231,44.7128294654848,7.411164851155483
158.72758,3547,.0461696480045432,65.23066722949039,7.675791063507167
153.62669,3548,.0173902429659991,63.1344060871972,2.849638452031158
229.73849,3549,.0238264832962004,94.41330228178121,3.916935964532299
78.484764,3550,.0639281488981174,32.25408919526832,10.72383931603801
205.7998,3551,.087023677547555,84.575461112024,14.76977271328489
110.29411,3552,.0859382575528428,45.3264542103068,14.57752621290361
173.21147,3553,.025682633697164,71.1829649258236,4.226012752953761
194.05933,3554,.0514832923532077,79.7505989696804,8.58215049294213
141.42647,3555,.0641229957909657,58.1206051400236,10.7575837257128
387.99872,3556,.024564241853171,159.4519074113536,4.039715101008613
100.28113,3557,.0652748150920759,41.2115211510644,10.95719503821331
107.73829,3558,.0827999893453021,44.2761147298052,14.0228574902378
168.51221,3559,.0308241715732585,69.25175760013481,5.085157247733966
183.50288,3560,.0360233525925263,75.4123215444544,5.958437380362011
83.518288,3561,.0433297900324843,34.32266561428543,7.193361715891145
179.05135,3562,.0174867451826717,73.582921309838,2.865590378096227
90.423912,3563,.0381050693223053,37.16060002465056,6.309367698447931
86.555519,3564,.103634322779408,35.57084570157772,17.73798358297473
106.32072,3565,.0140208363912189,43.6935503327136,2.293635816104286
105.55314,3566,.0680540619378819,43.3781057480232,11.43978874683889
150.45389,3567,.0949940714999156,61.83051257993321,16.18787640051533
106.91696,3568,.0614285955266569,43.9385810515648,10.29153875859941
203.16698,3569,.0257149283619872,83.4934777207624,4.231395376627665
91.689041,3570,.024596331208462,37.68051728667508,4.045057526469273
122.61542,3571,.0784628678825946,50.3900182893496,13.2591586928928
128.48941,3572,.1013489953363985,52.80399251487079,17.32668000435187
123.17353,3573,.0600294476909803,50.6193791079764,10.05002586778571
200.11209,3574,.0510849288443026,82.2380404929492,8.514033674484232
185.54909,3575,.0441411640692416,76.25323176050919,7.331056532417352
171.92819,3576,.0681846025520266,70.6555883310172,11.46248906263074
201.30405,3577,.0243159218561254,82.72788823151399,3.998379116564841
107.43962,3578,.0934639050103849,44.1533733424456,15.91474963878646
324.64874,3579,.0747774368771912,133.4176072325512,12.61281035361413
154.61893,3580,.0462632481045246,63.5421769185284,7.691714993442831
188.00536,3581,.0688286597538103,77.2626601849568,11.57453055814817
116.73907,3582,.021623887199121,47.9750741985116,3.550914316131914
215.63278,3583,.0461440381920944,88.6164213928664,7.671434395594007
220.03081,3584,.073211104442105,90.4238352739028,12.33882857165542
173.95525,3585,.058402451156179,71.48862866537,9.76960764481194
151.26128,3586,.0955347992730737,62.16231747744639,16.28449347817452
146.1552,3587,.0446544089038029,60.063923453376,7.41821482271974
304.27011,3588,.1168998086178042,125.0428078931868,20.14410267806504
134.05685,3589,.0471884593061128,55.091986989178,7.849198862130839
236.99097,3590,.0989175754422473,97.3937805922836,16.8901141115239
261.47385,3591,.0882194547826145,107.455262019138,14.98180708446153
116.83367,3592,.0367227400749231,48.0139510031596,6.076256798637471
184.90274,3593,.0240511047355304,75.9876078420712,3.954308287191353
120.17776,3594,.0027515421180303,49.3882378282688,.4475856854829309
125.33457,3595,.1020268524714533,51.5074798470516,17.44857982908033
249.98737,3596,.0207044022887634,102.7347795767156,3.398355085488148
122.43105,3597,.0731117954572167,50.314249616274,12.32147197569622
136.10356,3598,.0531236236318574,55.93310268517279,8.862919467007892
108.08859,3599,.0615335357997129,44.4200739757692,10.30966657418855
106.17741,3600,.0371601392488793,43.6346556723108,6.149983333443466
68.77712200000001,3601,.0401119983833539,28.26463780386536,6.648382852706994
160.10294,3602,.0609503755455384,65.79588501004719,10.20895314974821
252.68616,3603,.0851316965877916,103.8438739912608,14.43480550967637
106.96054,3604,.040155576846122,43.9564906831352,6.655751778546771
122.52679,3605,.0813049135758837,50.3535949151852,13.75922400734723
171.49344,3606,.0724491969981906,70.4769235231872,12.20571131568391
101.55544,3607,.1334156876597803,41.7352114357472,23.18473806714527
75.605125,3608,.0161266270209489,31.070673097385,2.640903287258537
350.2211,3609,.032178146255989,143.926821229468,5.312140468085792
100.63428,3610,.0449773001016948,41.3566516326864,7.473070538118615
222.87492,3611,.0600058144739483,91.5926503782096,10.04594933850451
101.13897,3612,.0065739592161515,41.5640589745236,1.071414948693855
144.09225,3613,.0190901332728049,59.21613376893,3.130857646348221
79.52375000000001,3614,.0592683170994804,32.68107075715,9.918785703495089
144.87917,3615,.057541828329719,59.53952631769959,9.621460852868315
165.12492,3616,.0923700758961966,67.8597173082096,15.71976282913518
160.95712,3617,.0929395464489414,66.1469187203456,15.82125046776377
117.784,3618,.1165779793888486,48.40449850592,20.0853500982709
167.54819,3619,.0359502360277303,68.8555840566172,5.94612485772122
94.94219200000001,3620,.1201930170053978,39.01743183125696,20.74639296433232
107.83716,3621,.1333591039981732,44.3167463331408,23.1742348376543
122.58486,3622,.0483114418078378,50.3774593554168,8.040542025174458
377.45212,3623,.0316337222791659,155.1176779409456,5.220835119884649
238.59802,3624,.1253239836944536,98.05421366743759,21.68874984896937
778.18903,3625,.1063109275876965,319.8044703861164,18.22090427264938
184.92473,3626,.0103387329676367,75.99664484983241,1.688171937889423
145.46799,3627,.0639134981778183,59.78150771424119,10.72130230804774
77.49664300000001,3628,.1047853692167247,31.84801110768284,17.94550027074598
109.03714,3629,.1266358037743321,44.80988996994319,21.93045676379524
156.10495,3630,.1196786262868967,64.15287151940599,20.65218600404904
157.93422,3631,.0423181203187749,64.9046280990936,7.021831998700739
281.80069,3632,.0349353951768033,115.8087777463172,5.775322848357755
108.08749,3633,.1030537699609084,44.4196219199012,17.63340906055168
121.58246,3634,.0665638199749116,49.96551317170479,11.18085352656854
332.51431,3635,.1346601689183576,136.6500409358828,23.41589276180508
119.97618,3636,.0737895891382342,49.3053965356584,12.43996673720413
136.61824,3637,.0741889772785643,56.1446155162112,12.50982707829148
149.1256,3638,.011879886230373,61.284638680928,1.941319052584541
290.21436,3639,.0825534078200439,119.2664585598768,13.97934950559237
75.61573799999999,3640,.0973610982494481,31.07503461459143,16.61120251317557
130.29118,3641,.0959160298127415,53.54444769785839,16.35264304547167
347.82224,3642,.1045536827020682,142.9409860117312,17.90371140805092
91.294754,3643,.0918750910583021,37.51848114846951,15.63159652679294
115.22507,3644,.0831157053599536,47.3528809401916,14.07857954798392
183.80603,3645,.0134277114271856,75.53690403207639,2.195955066640136
145.3839,3646,.0514153916501851,59.746950097932,8.57053812379703
90.08470199999999,3647,.1015345714878876,37.02119832375576,17.36004416228272
131.63521,3648,.0775202826903738,54.09679010537479,13.09362197637295
113.93709,3649,.0768254617619347,46.8235728339492,12.97169745781513
95.454292,3650,.0848125248826105,39.22788438580496,14.37835996068261
122.89361,3651,.1328520645147886,50.5043432183668,23.08014316226015
81.146271,3652,.0579292119930088,33.34786179260747,9.68812892845726
164.64703,3653,.0536842313335039,67.66332369115641,8.958982101616893
90.24664300000001,3654,.0278918011253589,37.08774957768284,4.594620668672957
110.86279,3655,.0377124165480467,45.5601588748652,6.243119415301649
98.286507,3656,.0581139497682,40.39181112233916,9.719931084119342
88.08112300000001,3657,.0715505811058532,36.19780773834525,12.04883923351868
168.77097,3658,.0477386602950293,69.3580975786836,7.942919865855616
229.55321,3659,.054697291731306,94.33715963521479,9.132711174716805
80.752892,3660,.0601756819631307,33.18619880597296,10.07525218063187
113.24933,3661,.0852190337412362,46.5409310668804,14.45025423391648
101.44712,3662,.1016906247416579,41.6906962615456,17.3881052832713
298.6214,3663,.0646494541335351,122.721414709432,10.84879089901866
202.34653,3664,.033030390821935,83.15630568721639,5.455170259309944
89.952202,3665,.0409864857283873,36.96674613965576,6.796316257119791
102.55627,3666,.0736767075128518,42.1465124124476,12.42022671891255
159.61328,3667,.0380320093745433,65.5946543952064,6.297039071515629
315.6076,3668,.0814375302762639,129.702061423088,13.78259298363764
134.18091,3669,.0513101657844043,55.14297067189081,8.552543968007244
225.67856,3670,.0397645425847891,92.7448339361728,6.589641095566921
75.87314600000001,3671,.0580413334137043,31.18081897538248,9.707429655692358
164.08293,3672,.0539836905820713,67.4315012228484,9.010317852781025
98.543587,3673,.0324507063915979,40.49746068828956,5.357870205951544
173.21927,3674,.0349746066637038,71.18617041288759,5.78191908871022
176.96645,3675,.0607906573327991,72.726111056026,10.18137960705781
101.80541,3676,.1261742278563598,41.8379390769508,21.84537381295263
145.67873,3677,.0648032005318972,59.8681133993524,10.87543601622555
109.24284,3678,.0615916351520442,44.8944244172592,10.31970371412764
104.65038,3679,.0542895638679151,43.0071076067544,9.062769023428231
133.35222,3680,.0477081096953056,54.80241232893359,7.9377145373868
104.40002,3681,.0987065331011001,42.9042196911976,16.85227111450141
205.75235,3682,.0751343622740121,84.55596106571801,12.67530355652879
135.60448,3683,.018116588575738,55.7280008282624,2.969742026478737
104.75409,3684,.0238692131460281,43.0497282559092,3.924044673792074
165.49048,3685,.0503011431503055,68.0099478019424,8.380092085714676
226.41733,3686,.1196276164439798,93.04843876672039,20.64284655895153
80.426376,3687,.073641293580062,33.05201382979488,12.41403421552099
197.48843,3688,.0510837423590412,81.15982149418841,8.51383083598447
184.61473,3689,.0647188169156028,75.86924728703239,10.86081135282987
175.51262,3690,.0677973071276818,72.1286452536856,11.39514910137173
129.90637,3691,.0872503993825138,53.3863062264356,14.80995539160258
173.65134,3692,.0901642623085897,71.36373384823921,15.32720095309403
121.17036,3693,.0918157984624191,49.7961566051568,15.62103830377174
162.86287,3694,.0529365057028963,66.93010551165558,8.830867959272167
99.458832,3695,.0641327116399524,40.87358966366016,10.7592665296748
157.13979,3696,.0818018242546914,64.5781492416252,13.84680279106164
82.059639,3697,.0962681789657144,33.72321939628332,16.41561705099923
250.25919,3698,.0712622902213228,102.8464866912972,11.99854192684593
103.63729,3699,.0236238351518403,42.59076826192519,3.883226742112623
128.7854,3700,.0906138712082112,52.925632529752,15.40714622290781
95.007355,3701,.0183410889000657,39.0442112099174,3.006881526647846
126.35062,3702,.0379565445059089,51.9250356331256,6.284305567717192
112.0665,3703,.0594379018724504,46.05483539202,9.948018204930142
210.81863,3704,.1366982956939902,86.6379988865644,23.79508410017475
210.33151,3705,.0730847793829838,86.43781210981881,12.31675057542422
193.90053,3706,.0597334000560236,79.6853385407364,9.998967119193582
131.36772,3707,.0189341328094969,53.9868624470736,3.105029981035956
123.55421,3708,.1145187151224868,50.7758233150948,19.7098616621381
141.36095,3709,.0083109225849727,58.093679048686,1.355681212910931
151.65707,3710,.1002391496967032,62.32497128835161,17.1272735052539
145.09914,3711,.1050274192370927,59.62992516250321,17.98916872200957
256.65866,3712,.0767440898119469,105.4764121145608,12.95742416008555
288.40063,3713,.0733616972715504,118.5210882967244,12.36515152233123
101.40215,3714,.0931406624386079,41.672215395742,15.85710596932718
132.72743,3715,.0875750636009748,54.54564870550839,14.86751259616914
126.88867,3716,.0247505973362676,52.1461525965596,4.070743056101211
187.28133,3717,.0624280705746217,76.96511290304041,10.46426944731118
109.02851,3718,.1054468782000194,44.8063433861788,18.06486870672442
132.94972,3719,.0682471520414896,54.6370009772336,11.47336713503935
127.61089,3720,.0798641946851353,52.4429560410932,13.50554816431722
106.82832,3721,.0806317567263136,43.9021535678016,13.6406518353072
310.20221,3722,.1604290222700723,127.4806629973348,28.26751871499924
93.71210499999999,3723,.0986869476207993,38.5119154253474,16.84875955466628
258.23642,3724,.0751660186580331,106.1248081748296,12.68084727306481
133.1554,3725,.0786851786901499,54.72152720535199,13.2982236398346
185.4787,3726,.0629974535893962,76.22430429455601,10.56274824026888
415.35269,3727,.0456822279975362,170.6932916400772,7.592891711809972
165.62737,3728,.0861004393054991,68.06620409991561,14.60623812496245
277.36234,3729,.0530954114624119,113.9847939629192,8.858086608828639
108.6462,3730,.0869602652095177,44.64922931445599,14.75853556023
96.96244799999999,3731,.053746897638624,39.84767599458624,8.969723599795467
123.13344,3732,.1126073682816098,50.6029037263872,19.36203588156578
152.0287,3733,.0518918107036844,62.47769630855599,8.652031891481528
161.39568,3734,.0490745241850225,66.3271492853184,8.170685058595172
130.92657,3735,.0122522146862248,53.8055674960116,2.00253560222396
127.27367,3736,.0869824467423362,52.3043721503596,14.76246621707795
127.00697,3737,.1179071495656555,52.1947691503636,20.32812333913358
140.16878,3738,.1101727668716528,57.6037450085464,18.9199501837333
104.3555,3739,.0742658111681242,42.88592375734,12.52326994101574
125.68886,3740,.0359163421186733,51.6530788229368,5.940417571067967
199.36845,3741,.0010607657413486,81.93243428778599,.1724059479809878
213.58766,3742,.076908306084665,87.7759591230808,12.98623021483323
430.21811,3743,.0704969153122123,176.8023828594268,11.86507942900203
224.66452,3744,.0363948283004252,92.32810417945761,6.021006238100655
112.6161,3745,.0669820628862711,46.280698942068,11.25348587877414
214.9834,3746,.0889074002282279,88.34955226599199,15.10390802608315
167.23172,3747,.0468082499521739,68.7255275833936,7.78446428389732
132.47304,3748,.0275621350575055,54.4411046216352,4.539562936846855
203.18164,3749,.0785978394238937,83.49950239260319,13.28287515499692
79.806877,3750,.0511775195776492,32.79742459509476,8.529863492766324
94.04286999999999,3751,.1173794757066362,38.6478465700556,20.23170496071213
135.52357,3752,.0543109610906974,55.6947500643716,9.066438821006269
267.32153,3753,.0235349157094118,109.8584238902164,3.868437717883872
112.83902,3754,.0404860031988036,46.3723101185176,6.711635867084419
142.78609,3755,.0473532715231796,58.67935441206919,7.87726749596113
125.4117,3756,.0606279724846532,51.53917718259599,10.15329843541474
162.70366,3757,.0485614277327242,66.86467658916081,8.083165969056052
116.8746,3758,.0449428579014268,48.030771591048,7.467218337593279
153.07352,3759,.0830308006880758,62.90707541037759,14.06359263311582
327.38565,3760,.0552538828087806,134.542367437722,9.228235556722469
81.797737,3761,.0918762434481842,33.61558818179156,15.63180173887597
125.16463,3762,.0812702336201735,51.4376413250444,13.75311340987972
225.8815,3763,.0734103055000963,92.82823413422,12.37364886880188
207.03513,3764,.0704455293526755,85.0831321805844,11.85612264439324
137.50377,3765,.0349950949984134,56.5085328187476,5.785365783161216
125.23698,3766,.1172988161749222,51.4673742723624,20.21697105667686
153.53531,3767,.0719309440502989,63.0968525733628,12.11522228582695
325.74329,3768,.1759357324684901,133.8674233692052,31.24786753641708
166.70836,3769,.0139800594198208,68.51044762059679,2.286918470691425
96.156311,3770,.0344627252015195,39.51638602980268,5.695829639652444
88.509079,3771,.0539672891707678,36.37368048475052,9.007505790895861
302.38034,3772,.0785307073532374,124.2661882407592,13.27107867405599
120.46339,3773,.0946390411827836,49.5056202987932,16.1244680951116
116.09871,3774,.0747854732900421,47.7119119297548,12.61421718422558
132.62135,3775,.0612762467296158,54.502054081438,10.26522478439614
93.113235,3776,.0523632239451616,38.2658038820118,8.732707615427195
115.06237,3777,.135198965855706,47.2860177677156,23.51606022776636
281.30722,3778,.0280463515291741,115.6059813743336,4.620438476091667
287.53876,3779,.1169722036148724,118.1668943049488,20.15732158710014
165.18419,3780,.0640540472658203,67.88407490029719,10.74564217660397
265.04391,3781,.0803112158317542,108.9224134483308,13.58421870177193
186.01547,3782,-.0089084150032618,76.4448952293436,-1.440687658603035
211.97275,3783,.0518375050713243,87.11229590327,8.64274069152086
126.06794,3784,.0305110367053162,51.80886549424719,5.032706389422583
274.12509,3785,.033330406549795,112.6544140913892,5.505550064648158
90.126114,3786,.0882819239313724,37.03821699430632,14.99289103993324
288.53134,3787,.004753734120486,118.5748048626392,.7740516731904986
175.35991,3788,.0482564765565554,72.06588757041081,8.031171583285262
164.39378,3789,.0366854108186314,67.55924810154639,6.069966198038859
156.95033,3790,.1386478535421125,64.50028878276041,24.15852119192321
129.79852,3791,.0881139033461469,53.3419842033776,14.96308057443888
236.71133,3792,.0827086656657919,97.27885977144041,14.0067426670014
120.85396,3793,.0516157470693833,49.6661288991248,8.60480515016893
95.594452,3794,.0919512555247902,39.28548452258576,15.64516003970864
95.291702,3795,.0622329156681343,39.16106641891576,10.43052893587087
86.381569,3796,.058046369753613,35.49935923045172,9.708296668583548
235.6956,3797,.0559591781530231,96.861435492528,9.349357556398258
141.65854,3798,.1013483264327719,58.2159765993752,17.32655975545205
77.50705000000001,3799,.0473317008529657,31.852287967154,7.873593602005763
191.3007,3800,.0628999185613073,78.616912715916,10.54587489173123
173.55261,3801,.0882498352050226,71.3231597792868,14.98719742278337
133.24861,3802,.0881842635249117,54.7598327757668,14.97556337384721
86.159981,3803,.0407375225019714,35.40829545256228,6.754187005497116
138.04617,3804,.0444656213032037,56.7314374576596,7.386150059811373
93.577072,3805,.1134055396235507,38.45642227987136,19.50720579515567
306.18292,3806,.0066163726715491,125.8288960612496,1.078350329252414
170.55843,3807,.0763719161216411,70.09267192578838,12.89215668886083
162.48279,3808,.0885546171483391,66.77390788046519,15.04128334402441
174.1008,3809,.0626884663240885,71.548443875904,10.50929976383708
166.26233,3810,.0885567553990649,68.3271471853204,15.0416628514439
146.55022,3811,.0755542713098808,60.2262608251736,12.74885297466047
180.42245,3812,.0456395730060996,74.146388401306,7.585638964725467
100.30673,3813,.1092186562340617,41.2220417239924,18.7469918894976
188.47914,3814,.0431241474854578,77.4573647569032,7.158480741694102
188.27046,3815,.1168758781456284,77.3716056491448,20.13973332227491
128.2038,3816,.0481890544558586,52.686618263544,8.019678208789882
152.49178,3817,.0244571279029716,62.6680036097864,4.021883378876526
135.14348,3818,.0840348480545514,55.5385483235824,14.2409031358504
275.24829,3819,.0838325302349642,113.1160042286052,14.20516034403632
258.72418,3820,.065571734561802,106.3252579658984,11.0086887315125
247.55595,3821,.0892324759313245,101.735563505286,15.16163376382377
125.45898,3822,.0769601012925902,51.55860736572239,12.99531687064333
158.85184,3823,.0822768482700131,65.2817331041792,13.93056482189423
172.70847,3824,.0838344735446166,70.97625210618359,14.20550362745925
110.45985,3825,.0189587120241376,45.394566700818,3.109099084434717
231.76079,3826,.0435932061170424,95.24438644710519,7.238052685483984
187.29611,3827,.058476658426101,76.97118689006679,9.782387585180048
551.50977,3828,.0692186865372045,226.6483888980276,11.64241549703102
151.44669,3829,.1329735601391548,62.23851354879719,23.1026848451175
159.40733,3830,.0689839463410632,65.5100172079204,11.60155532587981
110.16892,3831,.0798772463720213,45.2750061429296,13.50784461147444
160.43167,3832,.0258340667671233,65.9309798513996,4.251253943389314
230.21091,3833,.0872452014120474,94.6074479482908,14.80903403565686
302.98288,3834,.0420230820533602,124.5138080068544,6.971840609673617
95.034462,3835,.1204641580548185,39.05535109938456,20.79607000454278
100.72316,3836,.0698793402773779,41.39317774682079,11.75746402214981
110.34789,3837,.0746415007781761,45.3485556326532,12.58901549601997
222.19153,3838,.0460608016430171,91.3118045058164,7.657275202970906
169.7112,3839,.0852781088197592,69.744494386656,14.46070455630839
145.48949,3840,.0878410220434173,59.79034335166119,14.91467623424999
272.41937,3841,.0641287492582442,111.9534316048756,10.75858023547358
170.09743,3842,.0537231791443863,69.9032194211084,8.965657983933994
206.8147,3843,.0317925853840039,84.99254429423598,5.24747291604447
236.07378,3844,.0230478390772793,97.01685229994639,3.787450773711976
199.77174,3845,.0830313666773427,82.09817029779119,14.06369253427647
101.86871,3846,.0760017285497174,41.8639528373548,12.82726161213147
148.89995,3847,.0612377394533274,61.19190558400599,10.25857436901381
151.64766,3848,.0683611811434804,62.3211041558808,11.49319985245442
119.26082,3849,.0090355828011235,49.01141227590159,1.474422997405633
102.63735,3850,.1511993221522075,42.179833039518,26.51541115231084
142.63078,3851,.0754116886549294,58.6155282331064,12.72387536144638
78.51106299999999,3852,.0577124649510557,32.26489702915244,9.650823945321857
124.72499,3853,.0633535267272681,51.2569669234012,10.62436209463431
103.48921,3854,.0812600185561201,42.5299133228948,13.75131355915637
208.12662,3855,.0069049699656237,85.53169078000559,1.125549109505966
130.30699,3856,.0564312355846858,53.55094497356121,9.430472805896576
376.08276,3857,.0388799201548599,154.5549259196688,6.44017668766827
228.51941,3858,.0255619474527131,93.9123093112708,4.20589924648258
86.458015,3859,.0447082631728911,35.5307754694382,7.427362848727448
99.608109,3860,.0009368456231348,40.93493652166691,.1522558115022033
155.34145,3861,.0599852077747291,63.83910365102601,10.0423949364736
141.02679,3862,.0062932856724729,57.9563526951852,1.025527071968636
199.30928,3863,.0806649206990772,81.90811779168641,13.64649158288467
128.66721,3864,.0769067526117796,52.87706118153481,12.98595768968166
138.64325,3865,.0321780760167415,56.97681338281,5.312128685054694
294.91931,3866,.051202173611062,121.2000042472828,8.534078728284729
204.10127,3867,.0628188973641009,83.87743342704759,10.53185965146876
205.91805,3868,.0873138296807553,84.62405711783398,14.8211989891231
210.83905,3869,.0388651349347295,86.646390687314,6.437679723466621
108.94975,3870,.1307303749034887,44.77397618603,22.68693680776942
153.06532,3871,.0524146214166796,62.90370553936161,8.741505866912719
129.23015,3872,.0105373363239491,53.108406936382,1.720772280333816
214.75755,3873,.0354187841104503,88.25673697709399,5.856657632946461
88.41757200000001,3874,.082772804330887,36.33607477901136,14.01806031437494
447.98553,3875,.0702067770140173,184.1040796505364,11.81451316399772
89.74155399999999,3876,.0436922834025399,36.88017826285351,7.254865108148429
113.93381,3877,.0376005934709721,46.82222488554279,6.224257410626458
169.56325,3878,.0688026119603289,69.68369287240999,11.56999783088852
130.85123,3879,.0384408196456198,53.77460577865239,6.366036048382781
217.73361,3880,.0974679402335558,89.47977823756679,16.63033409721081
96.317459,3881,.0876869957042897,39.58261139254492,14.88736050399482
82.68952899999999,3882,.0834828237737967,33.98207891509652,14.14339595881409
161.53882,3883,.0733540052159504,66.38597408254159,12.36380688946705
110.65764,3884,.1183337191419756,45.4758504554832,20.40610479350223
117.67058,3885,.0526304506456811,48.3578874363304,8.77845658686172
352.94113,3886,.1035146619333556,145.0446444318644,17.71642420151259
130.32735,3887,.0657432070733393,53.559312116718,11.03843356784731
112.13927,3888,.0254226000946103,46.08474094248759,4.182678707807812
134.29549,3889,.070331159907432,55.1900584549412,11.83618923064364
75.498543,3890,.0524809070645616,31.02687217145484,8.752853353472696
255.01859,3891,.1211458710362769,104.8024091441692,20.92102940147561
168.48846,3892,.0807960157988877,69.2419973029848,13.66957763398508
203.38023,3893,.0251015913127946,83.58111491517239,4.129198818333291
168.84016,3894,.0465391974705438,69.38653189278079,7.738670182543494
204.37138,3895,.0265055884115102,83.98843780023439,4.363230686601583
114.51728,3896,.0230749276722603,47.0620076467264,3.791953798195314
238.47644,3897,.1165336238218252,98.00424916522719,20.07725410620565
113.09692,3898,.1046893234921925,46.47829667156959,17.92817550840741
96.33432000000001,3899,.0616913426520565,39.5895405870816,10.33693036225115
117.0041,3900,.0093518499417459,48.08399089550799,1.526273055952669
74.140739,3901,.0756677959781433,30.46886920255132,12.76874275987489
154.18671,3902,.0655584171945855,63.3645518391948,11.00637882010938
103.00641,3903,.0691605315655804,42.33150189283079,11.63229182865246
176.28879,3904,.0899754101280194,72.4476199837452,15.29363173434258
160.07127,3905,.0875397326250413,65.78286991064761,14.86124813494035
194.87645,3906,.0526523544101591,80.086402506826,8.782207033827291
119.42358,3907,.0414835876845855,49.0783001059704,6.880466625681366
381.97452,3908,.0784361784425379,156.9762029022576,13.25446934930828
163.83337,3909,.036116673557537,67.3289420751956,5.974153547028676
115.38556,3910,.0654245265887943,47.4188358913328,10.98315706244351
106.02141,3911,.1196184493779034,43.5705459310308,20.64116820180654
99.90759300000001,3912,.0809472650171474,41.05801243036884,13.69621661713394
94.57008399999999,3913,-.0239669165401873,38.86451037222992,-3.846985992072976
125.84412,3914,.10188656367087,51.7168844539056,17.42334475202847
333.09357,3915,.1313675255981551,136.8880935559716,22.8049303940251
153.29892,3916,.0042057151877739,62.9997057673296,.6846298573571689
103.68421,3917,-.0174675799585918,42.6100504994948,-2.812856787591599
246.55318,3918,.0304686640217015,101.3234652664184,5.025610122531281
131.93365,3919,.0690802758715848,54.219436971962,11.61832181400413
219.5862,3920,.0211143899361073,90.241118401656,3.466362146558768
97.155579,3921,.0213369988585432,39.92704508717052,3.503299278193358
294.41925,3922,.0219748558339882,120.99449964969,3.609183381531858
113.55956,3923,.002702947373758,46.6684231504528,.4396702260896747
120.97527,3924,.0636067019855075,49.71598244216759,10.66818414796529
148.50768,3925,-.0096484561298034,61.0306983518784,-1.559792300863829
304.10925,3926,.1075246605081573,124.97670088689,18.44031576084634
124.99775,3927,.037306833455297,51.36906034027,6.174716837994355
95.36814099999999,3928,.1304748597653129,39.19247978118307,22.63963921590278
201.09789,3929,.0820205044251503,82.6431647426532,13.88535820482425
86.267296,3930,.0712758934887709,35.45239761208448,12.00091492503526
269.20239,3931,.0589721409409298,110.6313818901132,9.867743656428029
123.12148,3932,.0694449450310597,50.5979886462224,11.68180837535712
106.41196,3933,.0772887206527224,43.7310463121648,13.05297894351584
104.47878,3934,.116182159978888,42.9365868913464,20.01311592462416
118.8964,3935,.0348688928801488,48.861650276432,5.764136280808594
199.36432,3936,.1108578766902541,81.9307370234816,19.0442466527297
89.960823,3937,.0844601054269734,36.97028902478124,14.31605546861833
126.99395,3938,.0910607197457217,52.189418452726,15.48663629256292
196.39636,3939,.0455166156434567,80.7110245380368,7.564733912768698
118.71767,3940,.0257887798814586,48.7881994170796,4.243705027067394
255.30989,3941,.060507583278697,104.9221217572132,10.13252089197941
205.31052,3942,.0540781257511975,84.37438666193759,9.026509889676715
148.11366,3943,.0742619615789465,60.8687719399608,12.5225963920437
94.38593299999999,3944,.0644592089683616,38.78883169936803,10.81582601014272
96.464005,3945,.0885405895971747,39.6428359191194,15.03879368429923
138.15717,3946,.0512997344593679,56.7770540043396,8.550760261766973
101.8602,3947,.0603358458718064,41.860455568776,10.10288567470127
123.24558,3948,.0595456352716224,50.6489887673304,9.966591532005078
139.43207,3949,.0192670465988605,57.3009867553516,3.160152551804893
97.608261,3950,.0897320269707775,40.11307922756868,15.25037876845558
104.23411,3951,.0654442322961994,42.8360373375068,10.98657459150861
150.94177,3952,.1134535565786283,62.0310116861876,19.51594272483471
121.47659,3953,.0412658830844987,49.92200484920919,6.843608026752839
542.52209,3954,.0619431684959166,222.9548130037492,10.38044642446111
337.32224,3955,.0783249561539423,138.6259072717312,13.23492890330135
103.26364,3956,.0681674975385573,42.4372131027632,11.45951442341073
333.23322,3957,.0320345269893307,136.9454841032136,5.288049252894667
180.76941,3958,.1140394118699715,74.2889750412708,19.62257587276984
91.86541,3959,.1443924625176008,37.7529978697508,25.23356185148807
105.51875,3960,.1317612056754702,43.36397283775,22.87787337622266
338.14236,3961,.0655308004826509,138.9629436885168,11.00158877030782
134.13193,3962,.0447712233752767,55.12284185696841,7.438058290703678
375.64673,3963,.0501232367445827,154.3757350831924,8.349704173711725
173.80406,3964,.1036924963259719,71.42649564111279,17.74846568506421
87.85890999999999,3965,.0216008190718382,36.10648711053079,3.547085179513625
91.616158,3966,.1225207817096158,37.65056529774104,21.1733126739764
151.26416,3967,-.0150282795401758,62.16350104190079,-2.422994336768753
259.82123,3968,.126828259788113,106.7761015022524,21.9659440595451
117.14906,3969,.1013634572638319,48.1435636397128,17.32927984676651
119.4391,3970,.008620797750727,49.084678203308,1.406446383167176
135.90889,3971,.1105637768249936,55.8531011253332,18.99087897253646
215.60214,3972,.0869157844608075,88.60382958214319,14.75065365533688
247.79347,3973,.0770376421858385,101.8331746959836,13.00892108235028
122.4623,3974,-.0048653084075833,50.327092112524,-.7884183286906652
147.08311,3975,.0270666379977046,60.4452572356268,4.456843804486127
354.38724,3976,.0634274836434231,145.6389376239312,10.63716213494342
79.560699,3977,.0237017963637801,32.69625531375612,3.896194282494486
132.1044,3978,.1072715980643239,54.289608371472,18.39454664629219
162.77319,3979,.1391670309459741,66.8932506296172,24.25542590942864
370.06833,3980,.0492006122148312,152.0832364886004,8.192198824099563
95.417267,3981,.0593680583056696,39.21266859624796,9.935978185346928
194.37411,3982,.13728884274501,79.87996092070679,23.90509924112335
160.19907,3983,.0994026628043688,65.83539058331159,16.97712769486786
191.15475,3984,.0835615015492909,78.55693312143001,14.15728997126414
136.75906,3985,.0773611479883164,56.2024868865128,13.06569014779521
124.41974,3986,.0517275852613667,51.1315214200312,8.62393595557071
124.53877,3987,.1206716939070835,51.1804379745476,20.83410273586832
97.117706,3988,.0851352201008767,39.91148080363528,14.43542874387564
115.82723,3989,.0414590824087823,47.6003445415324,6.876317345481142
185.46111,3990,.0735474628812649,76.2170755102668,12.39762797855267
139.86084,3991,.0513475492444206,57.4771940230992,8.558936512087312
144.93469,3992,.1230033165422162,59.56234281023719,21.26193557263117
113.84042,3993,.0276273888117314,46.78384534234959,4.550459565546871
144.02628,3994,.1031514329564812,59.1890227456464,17.65099677188775
94.33506800000001,3995,.0567230349399597,38.76792822507184,9.480632844731472
351.72455,3996,.0948821630568234,144.544678861054,16.16788715734224
89.63857299999999,3997,-.0140313603089067,36.83785720345124,-2.263387250928138
141.01973,3998,.0590796855410419,57.95345131843241,9.886275799080252
145.67751,3999,.0490109718904589,59.86761202829881,8.159842478793863
176.91832,4000,.0416368278090383,72.7063315570016,6.90641584294299
159.82472,4001,.0934348694407545,65.6815477522336,15.90957097995566
123.10585,4002,.0635032739383237,50.591565343298,10.6502804681465
128.65494,4003,.0740679954007399,52.87201870380721,12.48866217390546
86.015266,4004,.015090024431845,35.34882339352808,2.469865009316296
286.41495,4005,.0421790404134456,117.705053482206,6.998264412244197
81.726974,4006,.0380212685264637,33.58650742780312,6.295226664518262
106.3912,4007,.0505151560057682,43.722514785056,8.416654447402486
77.588959,4008,.0688681509311815,31.88594927996492,11.58140287162246
126.10818,4009,.0699309319834885,51.8254025198184,11.76645158006187
148.89833,4010,.0555913654498446,61.19123982900039,9.28618157217819
96.353516,4011,.0338550764735287,39.59742937293808,5.593691011881882
177.43851,4012,.0291396830261534,72.92010877697881,4.803194654370439
117.48289,4013,.1012765624579687,48.2807543764532,17.31365920274137
361.2605,4014,.0562286242248428,148.46357172874,9.395652709690598
84.949738,4015,.0358193158587809,34.91093413451144,5.924080699756096
85.416878,4016,.0822618809707543,35.10290993285464,13.92792499791165
89.311172,4017,.0247591781594737,36.70330852777936,4.072171891700771
137.98051,4018,.0502953164484742,56.7044538319388,8.379096750349705
230.87904,4019,.0949396759812842,94.88202257291519,16.17815991722729
206.13223,4020,.0094647993966256,84.7120765049324,1.544794400883254
262.75745,4021,.0608169482685516,107.982770121106,10.18591813691471
125.7095,4022,.1165888524128092,51.66156103486,20.08733474985969
129.88625,4023,.0806035170468269,53.37803771365,13.63567934488797
335.17618,4024,.1337128185374381,137.7439627116584,23.23990215003176
315.72525,4025,.0600598141614214,129.75041085297,10.05526396753761
144.02162,4026,.0318098464831817,59.1871076726056,5.250367471919561
98.349648,4027,.0721412003906963,40.41775954012224,12.15192822726701
128.04639,4028,.0941685281867171,52.6219290688332,16.04046929792773
89.285774,4029,.064998736836649,36.69287096874712,10.90932947840231
138.653,4030,.1144428916396152,56.98082024164,19.69605068178092
131.12556,4031,.0726615189248308,53.8873444025328,12.24279711430134
148.67303,4032,.0138470970053646,61.0986505680364,2.26501696966949
394.21481,4033,.003242289780365,162.0064710118228,.5275437337767184
120.68225,4034,.0762205897566503,49.59556297813,12.86562578542284
147.30592,4035,.0464414591285574,60.53682320648959,7.722037670079437
138.42813,4036,.0843869067570667,56.8884076934244,14.30311737618957
267.55554,4037,.0588194883043332,109.9545926117352,9.841441894986021
114.06543,4038,.0844795742358236,46.8763154249484,14.31949680054268
98.381371,4039,.0281202737689982,40.43079642039547,4.632788674711628
120.22021,4040,.1118108389115011,49.40568307517479,19.21728007388577
226.48352,4041,.0591765398409995,93.07564020117759,9.902967489320741
147.80373,4042,.0814648141638455,60.7414031443524,13.78740118273925
82.891357,4043,.0249449984613968,34.06502212575716,4.103116763208505
306.20892,4044,.0999810473920901,125.8395810181296,17.08093184980767
165.37233,4045,.0626704128143014,67.9613928921204,10.50617738656265
213.91818,4046,.1205175299398182,87.9117895826184,20.80585010796078
132.23849,4047,.0615997428708601,54.3447139817812,10.32110443546139
138.41383,4048,.0649199622213857,56.8825309671404,10.8956742120777
259.23743,4049,.0897050821375086,106.5361831243084,15.24559090043232
123.63399,4050,.0715671122244407,50.8086096943212,12.05172381127653
133.59842,4051,.056012267115025,54.90359065138961,9.358478104148471
155.81593,4052,-.0239146269457681,64.03409589488841,-3.838692826710334
88.167252,4053,.0915430384139075,36.23320330184976,15.5724760289048
100.9768,4054,.066866780302727,41.497413610784,11.23346279313675
178.13916,4055,.0293530009234789,73.2080478169008,4.838875177802311
136.11815,4056,.0783646497151183,55.939098589822,13.24190234503697
105.42977,4057,.1152113502441665,43.3274056276276,19.83607119669124
181.36079,4058,.0479003746343201,74.5320084951052,7.970476024770502
82.008415,4059,.0728668493866772,33.70216838739019,12.27866921956442
142.66414,4060,.0430118127491015,58.6292378547032,7.139429615508202
99.33863100000001,4061,.0188411739046107,40.82419187512428,3.089641484203187
99.96792600000001,4062,.0007823851601307,41.08280687280888,.127143131895073
113.0191,4063,.0477237487883234,46.446315773708,7.940379166228809
138.76607,4064,.0608494051583304,57.02728747527161,10.1915212425533
92.77316999999999,4065,.0281056974744862,38.1260508104196,4.630353338951149
131.98363,4066,.0584158461533854,54.2399767467644,9.771914454651528
104.99914,4067,.0625570164480162,43.15043397450319,10.48656663102326
165.23631,4068,.0771517262452383,67.9054941292428,13.02893855109802
101.30605,4069,.1233776177551746,41.632722151274,21.33070961850938
117.62966,4070,.018976463176144,48.3410709580408,3.112037860258952
126.25224,4071,.0876650003597384,51.8846054001312,14.8834600930313
162.34656,4072,.0998334182502315,66.7179228160128,17.05443076496532
130.36255,4073,.0668503500584725,53.573777904494,11.23060926129829
116.1133,4074,.017437525456876,47.717907834404,2.857454109150167
105.64009,4075,.0895087431466402,43.4138387095892,15.2107070239721
193.23399,4076,.0983211372790236,79.4114173423212,16.78318457862579
149.94986,4077,.0764627541102636,61.6233764716168,12.90808455265851
115.826,4078,.0194145907891981,47.59983906087999,3.184588214501494
108.84985,4079,.0579288928972697,44.73292129401801,9.688074001989671
245.60713,4080,.0982892386395892,100.9346766719444,16.77746758172001
104.13969,4081,.110082281277348,42.7972345056372,18.90354014461962
168.68475,4082,.0826141149204066,69.32266461783,13.99005995165269
182.51447,4083,.0838121904083224,75.00612468946359,14.20156737700231
176.65837,4084,.0994522443295736,72.59950253619559,16.98602386487136
123.5484,4085,.0499662424642545,50.773435638192,8.322892718769545
116.39761,4086,.0785531081092434,47.83474783788679,13.27501485803776
126.68232,4087,.0691688971188096,52.0613510253216,11.63374807522967
77.343987,4088,.1091974285809524,31.78527561624156,18.7431456809463
105.7182,4089,.0296110875320303,43.445938785816,4.88205409605727
194.56268,4090,.0294492086083987,79.9574556252784,4.854969804158494
172.02834,4091,.0167041234658386,70.69674596299919,2.736266489242845
111.10001,4092,.0385206368826515,45.6576467775988,6.379510498626105
142.83687,4093,.077060720218031,58.7002229547756,13.01297022620169
159.45,4094,.0630444618814101,65.52755286599999,10.57088116069395
110.18867,4095,.0833501860976534,45.2831226005596,14.11997543364206
110.23516,4096,.0671570353190941,45.3022281253808,11.28388072586018
94.565521,4097,.0427042316992644,38.86263516229748,7.087277134200694
168.31537,4098,.0280280863194185,69.1708642573556,4.617387045679537
170.9287,4099,.0591856458627953,70.24483804055599,9.904536887355441
90.999931,4100,.0691613636026488,37.39732072376828,11.63243666624249
161.82092,4101,.0737449386900463,66.5019058646896,12.43215828538046
93.938301,4102,.1098724749641799,38.60487290636388,18.8654963771691
193.9901,4103,.0634066958331535,79.72214821718801,10.63356420391808
138.8233,4104,.0719499611580866,57.050806709204,12.11854191984612
158.04709,4105,.1317896781064164,64.9510131407492,22.88315000197267
163.90341,4106,.0014839560794563,67.3577257051908,.2412380009913164
216.327,4107,.0948473875534931,88.90171796076,16.16167596368942
91.323044,4108,.083640840634634,37.53010720347472,14.17130187399101
239.21802,4109,.0686236248347843,98.30900879303759,11.53885443839383
121.30024,4110,.0664975804032865,49.8495320743712,11.16935310320926
284.58835,4111,.0327961807783184,116.954394165398,5.415851303911981
222.36305,4112,.0913314290784327,91.38229234443399,15.53481016723374
178.98531,4113,.0972176883525906,73.5557815193628,16.58552613477625
123.46166,4114,.0143095577512353,50.7377889782008,2.341205819246503
109.17561,4115,.042044504878803,44.8667955845268,6.975470004288825
235.36844,4116,.0581793473118173,96.72698585818719,9.731190519213945
139.87468,4117,.0112954910180227,57.48288170783841,1.845281403225737
118.576,4118,.0800177831827585,48.72997873087999,13.53257399302896
175.9982,4119,.0948463788458574,72.328199152216,16.16149580335336
91.99840500000001,4120,.1316623730371107,37.8076534789914,22.85955847884808
105.63611,4121,.0880057900912364,43.4122030892668,14.94390160596671
172.14272,4122,-.0446453911992038,70.7437515540736,-7.092845074667869
117.14317,4123,.0484553274889777,48.1411430860196,8.065074005700668
140.29259,4124,.1202043497883801,57.6546259512892,20.74846902764632
115.43047,4125,.0717867480521169,47.4372920995436,12.09005342812876
126.35808,4126,.1112529451479481,51.9281013938304,19.1159609106487
91.41802199999999,4127,.0701115305476903,37.56913935095736,11.79791649232398
103.7459,4128,.0522652289922946,42.635402614492,8.71593403075601
203.90993,4129,.0573923032213932,83.79880036360841,9.595734741073793
102.32794,4130,.0842262945535391,42.0526779430472,14.27473198856259
99.971397,4131,.0465649719809455,41.08423331455236,7.743056601753399
118.55656,4132,.1038721112724536,48.7219896708128,17.78083376608776
99.585838,4133,.0036694680536051,40.92578403417944,.5971763039040755
164.50075,4134,.0668982677632122,67.60320847990999,11.23893152642876
107.28961,4135,.0950583598975845,44.09172525084679,16.19936069603798
100.32189,4136,.1184913307248227,41.2282718757732,20.43492628383652
157.41347,4137,.0914768597781389,64.69062074158359,15.56069556282563
72.71573600000001,4138,.0708034225056081,29.88325014067168,11.91851445788665
131.58447,4139,.0637886255720834,54.07593800106361,10.69968011525922
73.477592,4140,.0920770854881328,30.19634239100896,15.66757034194896
232.13118,4141,.0627734378381404,95.3966018770584,10.52399645134846
162.71002,4142,.1043468287801222,66.86729029399758,17.86640973365109
116.45473,4143,.0191212249567234,47.8582218662324,3.136005712654159
141.78311,4144,.0850677438789705,58.26716987162679,14.42349402320774
153.66158,4145,.04736657608316,63.14874447741039,7.879533554194586
153.31808,4146,.0631140499663479,63.00757975863041,10.58292132059388
100.90729,4147,.026636398031398,41.4688477895252,4.385052041698771
107.35296,4148,.0590269285385548,44.1177595592448,9.87718443533061
172.13504,4149,.0916206239548167,70.7405953821952,15.58628803219723
242.53786,4150,.0810032404762235,99.67332984105678,13.70607639581187
168.94402,4151,.0684738736352154,69.42921418591759,11.51280231954294
130.93988,4152,.0243852794340716,53.8110373720144,4.009923524032813
225.54456,4153,.0959054227374172,92.68976531225279,16.35074655114006
112.07769,4154,.1305754547618793,46.0594340330772,22.65825859235685
211.41089,4155,.1241773599215423,86.8813939850932,21.47774040610806
141.47517,4156,.0668808192402297,58.1406188861796,11.23590105058644
164.06464,4157,.1114761051852264,67.42398476664319,19.15648225281544
197.95123,4158,.0754845197515773,81.35001372665241,12.73663345967685
305.62427,4159,.092755330542682,125.5993133242876,15.7884142857256
126.03751,4160,.038741226641918,51.7963599850988,6.416755238465027
142.10858,4161,-.0041174749269054,58.40092498377039,-.6674820154063976
80.342209,4162,.1135099517184078,33.01742456957491,19.52620464363753
83.401222,4163,.0863942226813525,34.27455618497336,14.6582600423836
209.59557,4164,.0426161137521857,86.1353702957316,7.072339086383739
157.08075,4165,.060561807886155,64.55388617030999,10.14187901387694
251.40923,4166,.0640619815907937,103.3191069916924,10.74701632116541
168.56291,4167,.0913301081074159,69.27259326605079,15.53457506317067
107.45107,4168,.0415697678957532,44.1580788330716,6.895059631577482
132.5274,4169,.0577725410595259,54.463444400712,9.661163014475248
269.66672,4170,.0192902106311643,110.8222028911936,3.163988645100155
127.63926,4171,.0727391695920585,52.4546149728888,12.25636215019224
168.39574,4172,.0333886685248244,69.2038931029112,5.515335394341463
106.99794,4173,.075830983665114,43.9718605826472,12.79733757717892
181.79343,4174,.0708827119894206,74.7098061775884,11.93234008185574
278.80304,4175,.074627986952637,114.5768638620352,12.58665015282773
185.74306,4176,.0653711558647081,76.3329456484328,10.97390140200172
154.62427,4177,.0782070936362705,63.5443714442876,13.21422421896051
192.69276,4178,.0569834541767044,79.18899352646879,9.525411032198003
109.27516,4179,.0354200451202946,44.9077066405808,5.856869861263506
88.723778,4180,.0208968574767999,36.46191316002663,3.430275286622454
100.75278,4181,.116527153050275,41.4053503784664,20.07607305978179
113.84678,4182,.0404925353667678,46.7864590471864,6.712740820596127
92.420929,4183,.0777854227807664,37.98129389132852,13.14017008119176
95.17067,4184,.0308572993458387,39.1113271227196,5.090707191647158
391.36975,4185,.0978556138215938,160.83726549563,16.69976975982397
140.44072,4186,.0222663432286245,57.7155014383136,3.657592706991768
127.04595,4187,.0274904019850408,52.210788366486,4.527585156725121
75.59886899999999,4188,.0891351313061282,31.06810213237571,15.14434569797194
149.41652,4189,.0387928893235257,61.40419512921759,6.425479238552145
97.27726,4190,.0713300492393795,39.9770510963288,12.01036235026748
101.52859,4191,.0785053728471231,41.7241771629692,13.26662708782177
116.92162,4192,.0968086012474609,48.0500949246056,16.51230263817757
262.22922,4193,.0492730589504993,107.7656887836936,8.204561272861955
158.71227,4194,.0624612718483888,65.2243754337276,10.47001030153104
172.82901,4195,.1159382248927492,71.0257892101188,19.96861377698657
86.07547,4196,.0792044372891687,35.3735648221436,13.3895027491175
118.78253,4197,.0322807086702634,48.8148542748964,5.329346776176453
123.36062,4198,.0740254926167885,50.6962655919256,12.4812272270817
157.35905,4199,.0317280714373012,64.668256304914,5.236654857100924
134.28593,4200,.1065164122343734,55.1861296784884,18.25803185288146
153.97897,4201,.0915771411709394,63.2791790337236,15.5785469687489
133.27104,4202,.0826307810007826,54.7690506058752,13.99300043241273
293.90182,4203,.0535228678727786,120.7818566789816,8.93132623177004
183.60529,4204,.0228554713239771,75.4544079457652,3.755476370481031
121.64323,4205,.0694862536840523,49.9904872036124,11.68900140677084
86.146393,4206,.0775740010982748,35.40271132971284,13.10305180554742
127.79475,4207,.0375828558753829,52.51851512462999,6.221265676300445
210.30322,4208,.077388951906999,86.4261860548136,13.07057005949635
251.97835,4209,.0435346262057955,103.552992478598,7.228113045036267
123.88258,4210,.1489539104035291,50.91077021089041,26.09159654113323
177.23146,4211,.0237103929493291,72.83501953382481,3.897624242241617
276.73788,4212,.0951895990587127,113.7281659562544,16.22280717661217
189.22252,4213,.0391963095802186,77.7628641124976,6.493618157744009
222.46498,4214,.1125585480216599,91.42418148500239,19.35316030362804
85.30853999999999,4215,.0718559657114586,35.0583873613752,12.10213465180498
85.327026,4216,.1047322055405368,35.06598436571689,17.93591038210007
128.15501,4217,.0599873711630489,52.6665675309988,10.04276809089518
157.08173,4218,.1076583180145103,64.5542889109924,18.46449385929013
102.15414,4219,.0621431677703473,41.9812531159032,10.41501454942441
225.7494,4220,.0391691015186041,92.77394633407199,6.489021768156771
228.16658,4221,.0585742821674263,93.7673103368104,9.799201743538953
163.40817,4222,.0450799408979384,67.1542019342196,7.490511807543902
90.43926999999999,4223,.029873749046479,37.1669115464876,4.926009857757562
98.57955200000001,4224,.0779833239883044,40.51224086037377,13.17492174445282
102.82455,4225,.0385761508698052,42.256764729054,6.388882798425002
128.23389,4226,.0567951623919282,52.6989840463332,9.493033743165665
271.89764,4227,.0991681931428368,111.7390215066832,16.93506392740577
209.51498,4228,.0631384753238493,86.10225103900241,10.58714760494192
143.37801,4229,.0866791282283416,58.92260978423879,14.70872451091626
126.4744,4230,.0888820730443157,51.975904247072,15.09941130661591
113.18174,4231,.0268594070718055,46.5131542885912,4.422260470650445
115.9877,4232,.1008769215828832,47.666291273476,17.24183523841559
106.77707,4233,.0681457885322775,43.8810918739516,11.45573920228037
206.22098,4234,.0717400686893509,84.7485491942824,12.08190650219709
138.1147,4235,.0380557890905237,56.759600538236,6.301051721840683
138.4897,4236,.0787803594397229,56.913710493236,13.31495166699129
196.04932,4237,.0269611871458943,80.56840502128161,4.439244946673771
292.09253,4238,.0761009935139535,120.0383110776964,12.84466072373992
104.22854,4239,.0634745823409213,42.8337482909752,10.64531420170015
118.58687,4240,.088755514350358,48.7344458647756,15.07694312666363
120.73463,4241,.0363734655101253,49.6170890566444,6.017407404152742
99.55194899999999,4242,.0505413663081566,40.91185701480612,8.421132802981209
121.97552,4243,.0359067050515974,50.1270450621376,5.938794851567467
117.19015,4244,.094053193902706,48.160449981182,16.01988516164115
131.67343,4245,.0954387690880438,54.1124969919884,16.2673310178535
98.379715,4246,.0574982784856825,40.4301158708342,9.61396761286912
113.64678,4247,.0556571584063667,46.70426707118641,9.297480548787881
91.378525,4248,.0586213216988864,37.55290766857699,9.807304151124002
127.36211,4249,.0849843476760289,52.3407174421468,14.40874460068166
177.8844,4250,.0746994723679597,73.103351677872,12.59916270460148
136.95668,4251,.0924325725767811,56.2837007779984,15.73089779098117
169.19325,4252,.0464181439597824,69.53163771681,7.71807027758765
125.89589,4253,.0730066378577812,51.7381598468932,12.30309507472226
208.53352,4254,.0040672688497351,85.6989103551776,.6620469254069624
146.16136,4255,.0701405636421564,60.0664549662368,11.80297533390269
135.76448,4256,.0995747810967106,55.79375440906239,17.00801192848965
97.926079,4257,.0408229738996086,40.24368967471052,6.768645803957606
172.80344,4258,.0636599375993141,71.01528096598719,10.67740010120269
356.91077,4259,.0568193234603773,146.6760072099076,9.497187964241624
88.30192599999999,4260,.070825343443573,36.28854891272888,11.92233667916327
203.54143,4261,.0518535784383631,83.64736164782839,8.645490645915995
106.48015,4262,.0748678483365917,43.759069666382,12.62863816759185
123.61759,4263,.1045261714101068,50.8018699522892,17.89874989090882
105.25873,4264,.0754779910713075,43.2571150497524,12.73548976818597
282.3725,4265,.0693199055799574,116.0437687153,11.6600372007868
111.65678,4266,.0808866898391119,45.8864569099864,13.6855472442641
138.15466,4267,.0776367931516625,56.7760224950408,13.11407508146198
123.92865,4268,.0341962894380303,50.929703132562,5.651037270549305
164.62294,4269,.041508099873098,67.65342366764719,6.884617178078324
101.08749,4270,.0822449550581294,41.5429027599012,13.92493977547499
128.18166,4271,.1086478036849893,52.6775196118008,18.64358833970418
90.096222,4272,.0246666609427311,37.02593258157336,4.056767035781016
156.38171,4273,.1072027939990589,64.26660877579479,18.38210468005212
78.44001799999999,4274,.02715496812232,32.23570038447784,4.471586785706438
248.42287,4275,.0701865691586775,102.0918328444556,11.81099181841195
176.54686,4276,.0519901410998556,72.55367639997681,8.668856612250799
106.96216,4277,.0181963976531415,43.9571564381408,2.982944033279736
109.14586,4278,.0595419019717659,44.8545695280968,9.965947874554667
107.57207,4279,.1335956559618513,44.20780497855159,23.21814827621557
137.17619,4280,.03530655558826,56.37391058125719,5.837770612358861
148.73979,4281,.0742873047888702,61.12608624962519,12.52703065129925
208.21365,4282,.0597041593746886,85.567456618362,9.993924857042106
83.364479,4283,.0795696912233979,34.25945628610252,13.4537381835637
241.59842,4284,.0998134745765255,99.2872576913896,17.05085095206299
118.24873,4285,.0630599687342581,48.59548389095239,10.57356409038538
232.83293,4286,.0591908594866849,95.68499297284841,9.905435447654703
269.81232,4287,.0174402911037405,110.8820386497216,2.857911273908488
100.08041,4288,.0980718623038044,41.1290332839508,16.73851341373102
138.00665,4289,.031734612706285,56.715196323202,5.23775170182804
79.23062899999999,4290,.0686991990065475,32.56060978616451,11.55200350924939
146.56854,4291,.0449628142306485,60.23378961017521,7.470609166098842
119.6068,4292,.0503646620994122,49.15359617518401,8.390942966775281
139.78528,4293,.1409081004136504,57.4461418945664,24.58076488388275
138.67079,4294,.0047708304362811,56.9881312179052,.7768421162254899
125.51682,4295,.0451530642113037,51.58237728518159,7.502938401476906
109.00539,4296,.1599083338813713,44.7968419937532,28.16824353848808
173.63301,4297,.0761031790440083,71.3562009536388,12.84504382175005
100.96982,4298,.1026780089146215,41.4945451108216,17.56575587605578
192.80893,4299,.0967660044904606,79.2367347357284,16.5046798627578
76.35045599999999,4300,.1211046997196351,31.37697423570528,20.91348019687755
161.98,4301,.0726343381665575,66.5672813624,12.23804907221725
191.25105,4302,.0367468937203851,78.59650855787399,6.080327214784117
123.74843,4303,.0959297548318184,50.8556399429884,16.35509704308761
97.987236,4304,.10372979380154,40.26882274809168,17.75518651665471
201.93558,4305,.0667211646277912,82.98742172453039,11.20817454301048
99.057846,4306,.0302672749904807,40.70880050521848,4.991887072104572
153.23599,4307,.0900536252511435,62.97384406208119,15.30753401137855
161.31598,4308,.0990724711375128,66.2943957828824,16.91789427122373
152.31323,4309,.0956640575391835,62.5946267232124,16.30759704468496
181.34233,4310,.0396971645184312,74.52442217572039,6.57825235157081
137.45702,4311,.0792034109330609,56.4893204443576,13.38932228191126
157.40898,4312,.0444956711100662,64.6887755317224,7.391253485332824
185.21849,4313,.0307130884344718,76.11736842418119,5.066548669780955
115.30782,4314,.0670385960357846,47.3868878702616,11.2633057952604
197.50632,4315,.0034538165480218,81.16717356644159,.5620201227328007
140.66731,4316,.081350524284366,57.8086208375228,13.76726092271001
163.04805,4317,.0552510309215693,67.006207062234,9.227745968930845
140.19632,4318,.0482174083893408,57.61506284364159,8.024511579550483
172.4117,4319,.0519874498152514,70.85429154259599,8.668396100760505
143.01689,4320,.078678848949999,58.77420395237319,13.29711124377195
141.97758,4321,.0219722940110492,58.34708923949039,3.608757984447159
96.814545,4322,.0745744916779291,39.7868937954546,12.57728711613042
157.64954,4323,.050639433427131,64.7876360404552,8.437889829050329
185.7881,4324,.082818526324494,76.35145528142799,14.02612867416032
184.80573,4325,.0579643079198536,75.9477406241124,9.694170154294671
230.54987,4326,.0587721819757061,94.7467469092156,9.833291918643216
139.4633,4327,.0920372150625211,57.313821032404,15.66046911845857
116.47581,4328,.0165934937689731,47.8668849005028,2.717993710094483
89.85077699999999,4329,-.0217234745001174,36.92506453382676,-3.490784446538475
104.10037,4330,.0598519192732329,42.7810755631556,10.01940607919219
90.729546,4331,.099668480216911,37.28620333661448,17.02482716710661
129.78018,4332,.0854145295526435,53.3344471991784,14.48483960676155
167.82277,4333,.103892268074354,68.9684254204676,17.78446654933604
98.611389,4334,.0648518464280186,40.52532459007332,10.88386747732681
99.709335,4335,.0771095950942461,40.9765363464798,13.0215458501024
133.01311,4336,.059447571149733,54.6630517240268,9.949685114591942
154.99287,4337,.1023654071594132,63.6958512560556,17.50949345417853
98.206734,4338,.0430761822066912,40.35902761983192,7.150345929451572
124.82313,4339,.0643003096840007,51.29729852602441,10.78829741093873
240.07405,4340,.061591080971804,98.66080277911399,10.31960797218832
206.48155,4341,.0898267326616924,84.85563301021399,15.26720818900258
183.34563,4342,.0780966123523553,75.34769810332439,13.19481839764419
276.03104,4343,.0753531811853723,113.4376830746752,12.71362706008498
91.27847300000001,4344,.0555783181077161,37.51179031066324,9.283940970599755
180.35181,4345,.0869152073957224,74.11735819538281,14.75055140279437
106.04436,4346,.0869983328910159,43.5799774602768,14.76528136011369
81.755348,4347,.0535867176709392,33.59816800343824,8.942268830573679
218.6691,4348,.0268206700609365,89.86422709570799,4.415796714217362
148.80983,4349,.0897345450270093,61.1548698796204,15.25082621225296
165.19206,4350,.0488515632330072,67.8873091545528,8.132648993010061
155.86656,4351,.0806708860095565,64.0549027936128,13.64754201762077
166.88846,4352,.0453489529582193,68.58446149498481,7.536232261477161
116.24416,4353,.0342531457761852,47.7716860443008,5.660594783350223
100.91698,4354,.0598131999093383,41.4728299907624,10.01272855359923
413.66342,4355,.0438362948826937,169.9990694435896,7.279305383845859
144.09091,4356,.031333450535988,59.2155830826908,5.170497808933569
142.23042,4357,.084152590682322,58.4509963355496,14.2617076491108
246.74034,4358,.0742670948059722,101.4003805175592,12.52349453515611
144.49019,4359,.0861439644129385,59.37967114357721,14.61394440249879
161.23418,4360,.100293457825041,66.2607792646984,17.13702592387445
212.55376,4361,.0451439167067719,87.3510677031488,7.501383822570969
101.77641,4362,.0220589605619795,41.8260212404308,3.623149786457883
188.95882,4363,.0478056943320914,77.65449399214161,7.954341939740601
186.12526,4364,.1067836970469151,76.4900145145688,18.30633708915535
225.09625,4365,.0649472269339874,92.50552788845,10.90040031987131
188.75777,4366,.0688626631361939,77.57187050826759,11.58044786113276
114.27959,4367,.0750606765756891,46.9643265928492,12.6624002789814
373.07443,4368,.0752645976337764,153.3186229838684,12.69811170495124
128.13892,4369,.0501666455604392,52.65995518652961,8.357118266331266
82.56263,4370,.0160881364082031,33.9299285172844,2.634549208863452
204.91376,4371,.0457067959957387,84.2113342199488,7.597069217431343
158.50717,4372,.0938948518140749,65.1400875623396,15.99162913013384
417.28302,4373,.0921739012884999,171.4865798252376,15.68481514467445
117.00593,4374,.0198975908444257,48.0847429520884,3.264605923580192
121.13094,4375,.0767786702245331,49.7799565666872,12.9634897020438
90.945053,4376,.0597144516269229,37.37476806747364,9.995699635872469
115.70204,4377,.0936432119294439,47.54889647415519,15.94673337832044
155.72713,4378,.0599106336503414,63.99760265754438,10.02953242986386
120.99158,4379,.0241215155881013,49.7226851978104,3.966024912768074
107.12658,4380,.0154956341449461,44.0247264616104,2.536769048433085
197.96422,4381,.0323989154130548,81.3553520954936,5.349179832694463
250.59668,4382,.0067783122578293,102.9851815411984,1.104833137846297
180.10229,4383,.0936241200222593,74.0148154861252,15.94332760063462
197.54126,4384,.0469803228866506,81.1815325046488,7.813758433311024
115.6894,4385,.0719609679460571,47.543701941272,12.12046329804492
199.11194,4386,.0228074954488105,81.8270189689672,3.747503019350728
148.06906,4387,.0723874645985404,60.8504431293128,12.19493013219512
99.355385,4388,.1119498535583106,40.8310770969538,19.24253534150324
145.88878,4389,.0655612043664889,59.9544355221464,11.00686225547315
112.20545,4390,.1113959835869961,46.111938267346,19.14193275311269
92.70121,4391,.080199006214327,38.0964781374548,13.56446780447815
142.61325,4392,.0138848589896956,58.60832410641,2.271236808371234
137.32939,4393,.0944830339239894,56.43686963487319,16.0966123653812
99.315804,4394,.0692118429479119,40.81481089394352,11.64122412845015
185.60196,4395,.1099683261274833,76.27495920936479,18.88287589040286
103.19669,4396,.065690274250427,42.4096993387972,11.02925092125136
106.80721,4397,.0726334652690976,43.8934782047348,12.23789659318417
175.69443,4398,.0837175057227791,72.2033618694684,14.18484258407023
121.55968,4399,.0322592336787439,49.9561515056384,5.3257438939295
111.10727,4400,.0457361802923822,45.6606303463276,7.602065814013968
235.34959,4401,.0625414869226494,96.7192392644492,10.48388112967837
118.68182,4402,-.0124923933336137,48.7734665053816,-2.016685529322473
144.39417,4403,.058158778287763,59.3402107758996,9.727649089833667
91.64531700000001,4404,.0994317199046516,37.66254847688196,16.98234121442182
216.57758,4405,.0661758865683334,89.00469628749039,11.11351189400499
190.53082,4406,.0589744499491101,78.3005229235016,9.868141525009193
279.76767,4407,.0741170467467792,114.9732880910796,12.49724304345208
83.035439,4408,.1037603036522497,34.12423404718732,17.76068443621796
214.63995,4409,.0784727805058196,88.208408095206,13.26090037599793
137.39268,4410,.0939341973764428,56.4628792856784,15.99864989961636
112.17535,4411,.0352790137280772,46.099568374958,5.833135896352432
224.53893,4412,.0912987553814121,92.27649172812839,15.52899505213513
99.971397,4413,.0832184216305476,41.08423331455236,14.0967121711687
144.05276,4414,.0579317594602019,59.1999049632688,9.688567428749316
330.70557,4415,.1247295225185542,135.9067213625316,21.57932289041808
241.83488,4416,.1170266156189245,99.3844332646144,20.16725753525344
99.629845,4417,.0906154457907216,40.9438691456186,15.40742626367984
119.85608,4418,.0508805403086416,49.25604025407041,8.479095480635273
103.71878,4419,.101320919050595,42.6242573825464,17.32163279563668
136.02864,4420,.0634059038334377,55.90231357096319,10.6334271269693
75.377197,4421,.0974875300837485,30.97700383385635,16.63384216158525
392.48126,4422,.0796741618692737,161.2940515118488,13.47211524385234
100.71112,4423,.0801259783149444,41.3882297898656,13.55161478003244
83.509674,4424,.0346907485069809,34.31912560587912,5.734173701883204
117.35071,4425,.0750463472492195,48.22643369951481,12.65989114703218
274.479,4426,.0849639998176145,112.79985690252,14.40514607241294
469.94595,4427,.0923453515320344,193.128931218486,15.71535790965665
123.40507,4428,.0676211117465334,50.7145327585916,11.36452222870397
98.71801000000001,4429,.063350412846232,40.5691415434388,10.6238231826713
127.09152,4430,.0238299470351864,52.2295158082176,3.917512194734065
90.448944,4431,.0983213039179274,37.17088717236671,16.78321444477017
100.71299,4432,.0487929498725864,41.3889982848412,8.122651243427255
231.94737,4433,.069542324881777,95.32106334151561,11.69876549965776
130.23016,4434,.0797389464561866,53.5193709259808,13.48351223490994
333.81015,4435,.0644065718675193,137.182579186782,10.80670638038994
221.29616,4436,.0567629897872401,90.94384335806079,9.487502185310804
167.34161,4437,.1153365215268893,68.77068796460681,19.85888879520349
119.74059,4438,.0141265420472262,49.2085784975292,2.311050385827483
186.2906,4439,.100299079561372,76.557962621128,17.13803548120247
88.045158,4440,.0107697219306378,36.18302756626104,1.758926132475862
134.57584,4441,.0909940839546551,55.30527105729919,15.47478017073944
133.1698,4442,.0077784623036021,54.72744502762401,1.268487858666994
168.2757,4443,.0968679708754841,69.15456147891599,16.52292749430953
139.43344,4444,.0431254933997537,57.3015497703872,7.158709011607769
245.77019,4445,.0414469890065011,101.0016877899772,6.87426970493186
136.50264,4446,.1148914561613961,56.09710855408321,19.77777035897835
135.03149,4447,-.0069432262707979,55.49252492662119,-1.123975605212479
245.00247,4448,.0797190606052953,100.6861856709036,13.48001381092515
123.16515,4449,.0227939029051364,50.615935264182,3.745244075938057
162.9014,4450,.0773642928426281,66.94593979583199,13.06624209956552
90.70607800000001,4451,.0712359725425675,37.27655893015064,11.993951077058
295.50131,4452,.0418973522071802,121.4391828974428,6.950541381201238
190.98834,4453,.0222987549086625,78.4885452877992,3.662976410420883
83.12236799999999,4454,.0833313637188733,34.15995837859584,14.11665211989209
171.58501,4455,.0552313930369215,70.51455511939881,9.224374741476135
136.44218,4456,.0638324591892929,56.0722619197384,10.70726977444077
90.93944500000001,4457,.0519347036428581,37.3724634044666,8.659370840058662
116.00111,4458,.0666948274630549,47.6718022454668,11.20360110989916
96.735542,4459,.0629598892984083,39.75442673205495,10.5562495044538
218.54973,4460,.065170454247776,89.8151708148324,10.93909973722334
152.22914,4461,.152989122391863,62.5600691069032,26.85391273079804
102.44109,4462,.1072036002661591,42.0991780534692,18.38225047386456
171.42493,4463,.0355115563139931,70.4487686618084,5.872271935738199
143.0892,4464,.0741722795740939,58.803920461296,12.50690578336287
127.41573,4465,.041582120320202,52.36275311091239,6.897151386531795
125.68901,4466,.0615988303854328,51.6531404669188,10.32094679032939
113.45213,4467,.0997811452157073,46.6242737305444,17.0450481075183
120.05251,4468,.079925056406021,49.3367651032988,13.51625705338987
104.4556,4469,.0560844967465515,42.927060841328,9.370887747474296
97.65784499999999,4470,.0761369672189788,40.1334562622586,12.85096660253999
331.03574,4471,.0702634324544596,136.0424079861112,11.82438610940295
171.60327,4472,.1085649455651411,70.5220592468076,18.62858442382376
147.60602,4473,.0488829879890124,60.6601522664776,8.138009391786346
206.78954,4474,.0487512297743109,84.9822045436552,8.115535354358101
105.00644,4475,.041978460516636,43.1534339816272,6.964281204509032
139.52116,4476,.0589562151813574,57.3375991710608,9.864999490491932
108.11505,4477,.0507111862923741,44.430947974194,8.450151499861793
277.51981,4478,.0293981477273179,114.0495078152228,4.846427613853916
95.466095,4479,.053984658194413,39.2327349452686,9.0104837537127
196.87,4480,.0711661055281891,80.9056715756,11.9817640773617
116.90421,4481,.0017584788850298,48.0429401130948,.2859048084644875
219.08134,4482,.086004627571519,90.03364119663919,14.58927549307174
120.9251,4483,.1132556439505078,49.695364584988,19.47993421235725
79.28705600000001,4484,.009603993756647,32.58379901931328,1.567622238344565
90.683487,4485,.0628830570229004,37.26727493550156,10.54295804896375
145.12732,4486,.0257320861161566,59.6415060119216,4.234255168419039
168.35727,4487,.0384496951532064,69.18808347632761,6.367534325544458
81.47953800000001,4488,.0891479938195357,33.48482115893545,15.14662993899105
85.426323,4489,.0576617159095958,35.10679144892124,9.642090543834932
145.2935,4490,.1479825227301398,59.70979932478,25.90854477254231
86.72463999999999,4491,.059089469321673,35.6403476474432,9.887961844265535
227.26953,4492,.0450229399854673,93.3986587764564,7.480825688621423
216.69032,4493,.053668305281123,89.0510279043616,8.956252358096268
87.441956,4494,.0744568295276767,35.93513574472528,12.55669500287701
220.24968,4495,.0031181167629684,90.5137820628384,.507308381171139
83.96307400000001,4496,.0520279794387056,34.50545481547112,8.67533134290791
132.37068,4497,.0827114822228294,54.39903876831839,14.00723964993585
191.80746,4498,.0770455541887096,78.82517074470479,13.01030926807492
111.56146,4499,.0447595917755824,45.8472842142248,7.436082307658859
87.656288,4500,.0441930829076022,36.02321759772544,7.339871260138394
103.00334,4501,.0532190475958104,42.3302402459992,8.879266986658454
128.05408,4502,.0743427277189172,52.6250893503104,12.53672830072977
153.02727,4503,.0354877374657282,62.88806851592759,5.86826289512867
129.96153,4504,.0938672616849082,53.4089747734164,15.98670614918088
91.837509,4505,.0543881096615961,37.74153167813892,9.079671079792821
171.35948,4506,.0755872128966247,70.4218713376624,12.7546241845317
179.09546,4507,.0859282461738406,73.6010487501448,14.57575399697029
145.16306,4508,.0623485514262331,59.6561937180328,10.45052051364871
118.08401,4509,.1040807532639118,48.5277905795188,17.8184400575624
130.39632,4510,.0796981981011242,53.5876560196416,13.47634364371117
168.46042,4511,.036371481765462,69.23047398794959,6.017073221014649
356.53937,4512,.0692601302171438,146.5233767104756,11.64963040840959
160.40488,4513,.045095642808607,65.9199702362144,7.493180117510187
250.08255,4514,.0943675925676903,102.773894738094,16.07600263975257
303.21487,4515,.0266683354486727,124.6091465894156,4.390380200562969
209.03688,4516,.0877128474797041,85.9057711203744,14.89194488139888
112.95831,4517,.065961750852044,46.42133352260279,11.07635111311354
227.24759,4518,.0705026270150768,93.3896423166892,11.86607503078309
183.01967,4519,.0754093187077133,75.21374162083958,12.72346022445271
86.774208,4520,.0173418354479175,35.66071810677504,2.841637214041961
114.36045,4521,.0614086350337165,46.997556808746,10.28809091605009
118.47194,4522,.1078730520245817,48.6872142457672,18.50334513417406
350.25339,4523,.0462122533712867,143.9400911239932,7.683039213632088
134.13855,4524,.0213760774548625,55.12556241137401,3.509784373743912
81.2276,4525,.0413596966169796,33.381284748688,6.85949019538878
444.37659,4526,.0857949864087026,182.6209501012092,14.552166021532
127.6206,4527,.0352502693870867,52.446946461528,5.828298964236189
115.33572,4528,.051796648752137,47.3983536509136,8.635750879355916
135.65616,4529,.0702173605579571,55.7492392348608,11.81635744132869
368.14499,4530,.0723578050775106,151.2928209130012,12.1897505161659
95.949883,4531,.0849246429080545,39.43155240369404,14.3981859923444
271.05383,4532,.0287989657143968,111.3922494503404,4.746220509279764
111.69238,4533,.04088905503843,45.90108708171439,6.779827906163995
132.67877,4534,.0408828480210174,54.52565139774759,6.778777537144673
110.84743,4535,.0338483984563111,45.5538465311084,5.592568860227412
106.58151,4536,.0751990479951774,43.8007245598188,12.68663161042383
102.7025,4537,.082291357465437,42.2066070757,13.93312388655185
247.91888,4538,.0991855629350265,101.8847131745344,16.938179723226
221.64299,4539,.0881358098402807,91.0863765732412,14.96696697370486
212.22432,4540,.0285263565334133,87.2156810802816,4.700649262372222
91.154236,4541,.0378056709268662,37.46073388805168,6.258850916761341
129.54897,4542,.1221979901062253,53.2394291653236,21.11405226641506
88.241264,4543,.0216578456294215,36.26361926448832,3.55655132233745
127.20065,4544,.0944185276857764,52.274363859922,16.08509578439631
96.891724,4545,.0562435423571262,39.81861126803312,9.398216248351178
397.26785,4546,.0235603231488299,163.261147963858,3.872663332604354
123.06063,4547,.0582195903713974,50.5729817375244,9.738119495846595
124.37878,4548,.0353136823847819,51.1146885033464,5.83896992316296
95.813934,4549,.0153050524808917,39.37568281896792,2.505329826003779
129.82304,4550,.0559198405480351,53.35206093963519,9.342599768883039
164.04607,4551,.0277666319628819,67.41635324167159,4.573713952725386
78.926956,4552,.1089900547852746,32.43581236652528,18.7055762095506
107.06747,4553,.0421591558710693,44.00043462310359,6.994895173360981
160.0891,4554,.0809621556432096,65.790197325308,13.6988394676435
207.46098,4555,.0730215603632959,85.2581394454824,12.30570275153494
175.64549,4556,.0738768036431159,72.18324949294119,12.45521977921531
93.504364,4557,.1123626391620592,38.42654220891632,19.31754821140516
128.12219,4558,.1299295696387668,52.65307982773719,22.53874270696571
147.78511,4559,.1146038798713269,60.7337510713868,19.7253753699047
97.617935,4560,.0592954672223881,40.1170548534478,9.92346542485971
162.38104,4561,-.0044618986862574,66.7320927126752,-.7231919327924794
91.27256800000001,4562,.0057856663610974,37.50936359257184,.9425680834479969
78.288628,4563,.0311686182860283,32.17348516824464,5.142871889816119
195.51109,4564,.053956428860656,80.34721408506918,9.005643789676601
261.81613,4565,.0857259034891164,107.5959253668644,14.53993906499473
157.83711,4566,.1034331299511873,64.86471978514679,17.70173600278287
129.50018,4567,.0675183773979519,53.2193784327784,11.34666708969107
283.82251,4568,.0469155384800857,116.6396646508988,7.802728773717055
113.74378,4569,.0282276976152959,46.7441301795464,4.650737618678881
113.50011,4570,.0704953046670563,46.6439915855868,11.86479867992363
103.99831,4571,.1114392777770034,42.7391329978028,19.14979451847419
235.85728,4572,.0566580792682148,96.9278794859264,9.469465758454501
131.46796,4573,.0562796808516103,54.02805706544481,9.404426462272331
156.45738,4574,.0273032561592413,64.2977061099144,4.496340134780363
115.6964,4575,.0508570252319628,47.546578660432,8.475076269436535
154.10611,4576,.0734510608270142,63.3314284728668,12.38077374493667
148.93416,4577,.0758480287918063,61.2059645215008,12.80032460528822
168.47751,4578,.0687184666430966,69.2374972922988,11.55535602409246
163.10428,4579,.1215646715396563,67.02931533628639,20.99783865063582
111.88693,4580,.0709314946970688,45.9810393263684,11.94084681604308
131.84821,4581,.0750382592770784,54.1843245598148,12.65847492123246
137.12361,4582,.056677962473008,56.3523023107668,9.472883973578064
214.51961,4583,.0579351494740763,88.15895318324681,9.689150959909593
194.55673,4584,.0894363760192444,79.9550104139924,15.19785116292823
137.12138,4585,.0734406212501473,56.35138587023439,12.37894866279017
97.845451,4586,.0845853387041275,40.21055480150588,14.33819303591761
130.02721,4587,.0501032598100631,53.4359666183348,8.346292282696785
105.52187,4588,.0157877343709672,43.3652550325756,2.584966867676204
111.58968,4589,.0773385925715172,45.8588815020384,13.06173150900883
164.97641,4590,.0553173326466427,67.79868565643079,9.239128447474025
143.1266,4591,.0720166561978836,58.819290360808,12.13018473189742
81.165161,4592,.1238977433433378,33.35562482474068,21.42632016138124
113.15293,4593,.0494229316242642,46.5013145344484,8.230138673995855
92.583023,4594,.0783814215515384,38.04790802211723,13.24484893694441
143.71869,4595,.0597288640735483,59.0626155961572,9.998184924859165
101.95779,4596,.0300767176612541,41.9005611434652,4.959984067516114
177.13101,4597,.058033591655053,72.7937386138788,9.706096909732381
157.02306,4598,.0543642207456423,64.53017789483279,9.075573625592517
175.80246,4599,.080420031852917,72.24775786530481,13.60337438232718
87.683403,4600,.0360186128700452,36.03436077487164,5.957639203701113
148.60042,4601,.0532138894293677,61.06881077114961,8.87838327747688
94.501167,4602,.0393354462037955,38.83618825017995,6.517125136317851
98.265511,4603,.0882829577627243,40.38318260869868,14.9930744793548
274.9162,4604,.0606900005878354,112.979528562056,10.16400462083712
206.50993,4605,.0784672643999094,84.86729605160841,13.2599311744686
201.96948,4606,.0229932193170133,83.0013532644624,3.778371525788569
127.43602,4607,.0464425714344247,52.3710914868776,7.72222694633507
277.27332,4608,.0435375157104993,113.9482103144016,7.228603312731996
381.42148,4609,.0494504369413613,156.7489256502224,8.234833171712911
151.55034,4610,.0698199216758463,62.2811095403592,11.74711355068643
85.361847,4611,.030189556905283,35.08029439969836,4.978874818371561
125.26038,4612,.0754292350042628,51.4769907335544,12.72694893675633
184.07285,4613,.1025363070192941,75.646556347258,17.54025002736791
185.93336,4614,.046508353609901,76.41115131359679,7.733421187675614
124.47158,4615,.0769143375210542,51.1528255802104,12.98728831141511
100.62334,4616,.0654037343530053,41.3521557315992,10.97955117152882
142.04951,4617,.0885429655004911,58.3766495836588,15.03921536562249
95.872612,4618,.0600683920395508,39.39979712280656,10.05674364744691
209.71654,4619,.1082030769304471,86.1850841124152,18.56307196207755
309.02066,4620,.0591034384628972,126.9950933511208,9.89036918391421
128.42281,4621,.0659850892554614,52.7766225868628,11.08040083716881
146.06709,4622,.0862376905222103,60.0277137783492,14.63054008764962
279.40625,4623,.0332879626058085,114.82475897125,5.498421794920103
183.30911,4624,.0979598388162695,75.3326898485068,16.71844194148541
277.26352,4625,.0487982193558698,113.9441829075776,8.123550041393717
147.61896,4626,.0910067727506985,60.66547008732479,15.47703775411038
191.46487,4627,.0635762247900359,78.6843799994156,10.66290826905762
122.05431,4628,.0306777687966345,50.1594245910828,5.060632379233895
81.589523,4629,.0785326118682495,33.53002058133724,13.27141332546938
70.775795,4630,.0782093806875202,29.0860122201046,13.21462595768781
174.0322,4631,.0519240644198246,71.52025202813599,8.6575504479044
176.145,4632,.0149106648696255,72.3885280626,2.44028886888869
163.06192,4633,.0414551516840744,67.0119070757696,6.875651797113318
122.23531,4634,.0074323263393,50.23380832936279,1.211831050330148
88.17420199999999,4635,.0144799915460639,36.23605947301576,2.369293099172431
184.60208,4636,.0356117041957578,75.86404864455039,5.889129250061218
105.92719,4637,.0726431398989631,43.5318252911372,12.23958657942791
108.04597,4638,.0416248592961345,44.4025588656836,6.904388988156559
129.61902,4639,.0464137065120597,53.2682169049176,7.717315196093065
204.19319,4640,.0451641196464871,83.9152088592172,7.504817243939631
205.69356,4641,.0696340934297687,84.53180073437279,11.71474701780986
215.47137,4642,.0361620132490796,88.55008835863561,5.981789725595582
584.9267,4643,.0449936462125062,240.381406440796,7.475848036268676
149.04611,4644,.146307292552984,61.2519714800668,25.59327585417743
140.29407,4645,.0494423444565616,57.6552341719116,8.233451965307165
142.76602,4646,.1141209269516149,58.67110644727759,19.63741761050265
117.60127,4647,.0173202720838656,48.3294038070476,2.838073148409355
277.38773,4648,.0272259904444725,113.9952282342724,4.48344190531509
74.079887,4649,.0594756863182561,30.44386147193356,9.954532046796571
92.593636,4650,.0640197886837673,38.05226953932367,10.73970906304473
245.96521,4651,.120258245315916,101.0818331857748,20.7583425227065
98.05053700000001,4652,.0609672470824557,40.29483691945556,10.21186608692848
126.76852,4653,.0430829638552634,52.09677576697759,7.151496059363412
180.36064,4654,-.0086327673377183,74.12098697112319,-1.396301485994104
87.368477,4655,.0936933261797495,35.90493882370276,15.95567349623967
143.56056,4656,.0129302880581602,58.9976305103328,2.114079908306063
219.87466,4657,.0829787299481131,90.3596638886408,14.05440201633414
100.39316,4658,.0670569922990562,41.25756098642079,11.26650138118896
110.809,4659,.0568448410053038,45.53805334291999,9.501575525011138
218.30186,4660,.1076492677685971,89.71330618937679,18.46285660466823
183.9129,4661,.0393275250153813,75.580823314452,6.515786772498453
89.991722,4662,.0276597148228298,36.98298727411336,4.555857902099471
82.424278,4663,.0445561108288441,33.87307139596663,7.401518561604704
129.08806,4664,.0729748321703667,53.0500136470328,12.29753722683058
115.17195,4665,.0434164461989776,47.331050751366,7.208062434870042
237.47,4666,.0329779819786962,97.5906427036,5.446371113648648
256.4617,4667,.0610047953456475,105.395469456596,10.21834911859239
112.2263,4668,.0935316755186969,46.120506780844,15.92683747910838
84.348206,4669,.0292711531781464,34.66372861597528,4.825184051065395
212.03172,4670,.0280199769739556,87.13653020739359,4.616032296548237
135.17642,4671,.0599898816307264,55.5520853420296,10.04320111269467
142.7921,4672,.0301069841352987,58.681824280948,4.965050858062442
131.92737,4673,.0986969151713472,54.2168561439156,16.85054666845155
119.42004,4674,.0470609864742451,49.0768453079952,7.827492550274706
122.03674,4675,.060513484044469,50.1522040259912,10.13353922579054
221.18857,4676,.0380310471503478,90.8996281845716,6.296876705343163
150.57431,4677,.0286881238911286,61.8800003686828,4.727689920395268
141.39374,4678,.0082443260443482,58.1071544231512,1.344773115848233
130.34972,4679,.0970875511696453,53.56850528923359,16.56222931471763
232.38106,4680,.076882129780693,95.4992925318728,12.98163817241654
89.093521,4681,.0770195633408311,36.61386269893747,13.00574913349924
114.49363,4682,.112087150215948,47.0522884455644,19.26748194241159
138.33385,4683,.0801066475959067,56.849662395938,13.54821270037479
219.87177,4684,.0514857264349762,90.3584762145876,8.582566783920015
217.10352,4685,.0422645750830745,89.2208365267776,7.0127581793127
148.15404,4686,.0578121295058069,60.8853664999152,9.667976506417446
128.97859,4687,.0241821962205285,53.00502586896919,3.976123055691204
102.27962,4688,.0797468586980267,42.0328203616456,13.48490421765744
80.36039700000001,4689,.0337118985524444,33.02489910787236,5.56963351535784
238.89388,4690,.0040303857303342,98.17580025753439,.6560311941754207
200.55737,4691,.0699827046938221,82.42103270831559,11.77547113603993
244.35799,4692,.0722495557214718,100.4213302474412,12.17084760001148
171.75096,4693,.0871644024714162,70.58275391148479,14.7947127954876
113.95052,4694,.0994256922616034,46.8290920251376,16.98125970262454
177.43091,4695,.0663420614047468,72.9169854818908,11.14235510215327
132.95985,4696,.075891439279616,54.64116400081799,12.80793219127606
182.1842,4697,.1130092449270305,74.87039696989599,19.43511397247033
109.9903,4698,.0731504573563606,45.201600489164,12.32822885288117
254.93188,4699,.0487357641554441,104.7667748129744,8.112897573381106
105.56456,4700,.0469402010947969,43.3827989098528,7.806927543180688
68.452232,4701,.0394574116845023,28.13112104845216,6.537733759604714
108.21049,4702,.0756372932308192,44.47016998514119,12.7633983859459
161.16965,4703,.0629868788355774,66.23426002364199,10.56091875122575
88.221947,4704,.102989018519081,36.25568075248636,17.62174919712963
397.87619,4705,.1118569284709674,163.5111512972572,19.22565293317242
80.216675,4706,.067739069375126,32.965835131999,11.3850254226556
105.23245,4707,.0524621086546391,43.246315024106,8.749635164081042
84.75691999999999,4708,.0353778223848418,34.8316936723696,5.849763908361049
234.38141,4709,.0336148785955645,96.3213561278308,5.553333676977203
93.765564,4710,.0483381432106339,38.53388492957232,8.045094249612031
106.50962,4711,.0555289530304248,43.77118065404559,9.275463840358558
126.48893,4712,.0674322212106855,51.9818754941284,11.33169463461341
165.07188,4713,.0722945004896088,67.83791999617441,12.17869577873014
182.51428,4714,.0593136999332954,75.0060466070864,9.926608170960705
231.5914,4715,.0458257078153226,95.174773953032,7.617290255766298
130.7616,4716,.0976240863740142,53.73777144460799,16.65829797185788
98.159981,4717,.066578635982601,40.33981401256228,11.18342596570722
77.437263,4718,.0228409612848485,31.82360831000844,3.753064834008106
153.1485,4719,.0887681364529506,62.93788918217999,15.0791838223272
450.43277,4720,-.0120133812526852,185.1097971072676,-1.93982072845877
132.77353,4721,.0419050429934299,54.56459395597639,6.951844159743946
307.91589,4722,.1020348027376589,126.5410772044932,17.45001002486294
195.94315,4723,.0839960478613533,80.52477341082201,14.23404787901558
166.25658,4724,.0689706028614744,68.3247841660104,11.59923297443784
104.45891,4725,.0734449482781678,42.9284211185308,12.37970512615573
125.73669,4726,.0750869385065073,51.6727350339972,12.66699895898162
144.68507,4727,.0753186619729896,59.4597590049916,12.70758087761334
232.653,4728,.0658096735675108,95.61104896163999,11.04996468844473
117.27804,4729,.0569899568789696,48.1965692450352,9.526529298603913
177.36613,4730,.0420417153430143,72.8903635008644,6.974997404606634
229.63806,4731,.1378541368629606,94.37202958103279,24.01047080072472
154.00243,4732,.0870149907994438,63.2888201525084,14.76823331271843
75.850082,4733,.0728498865503862,31.17134059671016,12.27570546077619
143.37242,4734,.0607745601014873,58.9203125185096,10.17860084645255
119.2674,4735,.1256973433844709,49.014116391912,21.75751025227206
152.77034,4736,.0567878660696317,62.7824805939592,9.491779243217414
259.01782,4737,.0671670901963721,106.4459322250616,11.28562754235586
87.841644,4738,.0974836487960216,36.09939147724273,16.6331471121586
63.083035,4739,.0308617088953309,25.9245964936358,5.091445943750947
136.77509,4740,.0243300492212004,56.2090745733892,4.000730518674438
79.640411,4741,.113257379192413,32.72901374771067,19.4802498938358
288.0368,4742,.0572643138401013,118.371568763584,9.573716952103986
96.138222,4743,.0349529537298737,39.50895217653336,5.778276553802836
105.1935,4744,.0452892701744542,43.23030813678,7.52608769929313
114.95229,4745,.1215885984277207,47.2407793041252,21.00222788404735
142.0247,4746,.0568491239093798,58.366453669036,9.502311950946945
137.1937,4747,.0797238878091202,56.381106488756,13.48086303173953
125.90965,4748,.0608760164678696,51.743814654842,10.19611534825224
79.286224,4749,.0538342815438607,32.58345710069312,8.984703013070909
180.06226,4750,.1028074544472408,73.9983647621288,17.58905878109597
97.786034,4751,.0560156537753094,40.18613679831592,9.359059940144087
89.49762,4752,.106013972578173,36.77993117548559,18.16726303115258
81.592377,4753,.1071439515809224,33.53119346083476,18.37146477596225
103.57857,4754,.0271274326739562,42.56663669777159,4.466990766625796
254.96504,4755,.0772170222051093,104.7804022425952,13.04039656791421
92.792503,4756,.0505670464456904,38.13399589777963,8.425520687155329
160.35968,4757,.0596166992596372,65.90139484963841,9.978844117596648
99.125381,4758,-.0499764017247266,40.73655468071428,-7.918817578013337
111.8913,4759,.0079888225810657,45.982835221044,1.302929984974521
85.344398,4760,.0959029284461172,35.07312356075224,16.35030058670783
217.56163,4761,.0832701214844046,89.4091013574044,14.10583951141155
141.78429,4762,.0603973073569662,58.26765480428519,10.11349095907762
98.478058,4763,.1075524436684993,40.47053089831304,18.44534135532579
114.00734,4764,.0728372436630905,46.8524427655192,12.2734965192394
96.92620100000001,4765,.0421575216191872,39.83277993181588,6.994618268535185
103.91258,4766,-.0316619985762841,42.7039014072904,-5.062715777630172
105.44293,4767,.0608078416461888,43.3328138596484,10.18434607295328
144.01544,4768,.0373616194417625,59.1845679405472,6.183955007601087
129.80995,4769,.0317922126238188,53.34668147480599,5.247410407529845
146.04121,4770,.1115954572203612,60.0170781366548,19.17815787638637
123.47925,4771,.0597214496005027,50.74501776248999,9.996906365211542
106.56467,4772,.0508895049957842,43.7938039954396,8.480627755294309
232.72586,4773,.0625367516721493,95.6409914984968,10.48306227704522
278.25784,4774,.0557592594655897,114.3528085354592,9.315016382253084
127.62171,4775,.0876664500011787,52.44740262699479,14.88371715375929
237.84091,4776,.1253438937225164,97.7430718326908,21.69241596416423
248.34888,4777,.0444149752836311,102.0614259229344,7.377549080723407
107.36526,4778,.0405914871148514,44.1228143657688,6.729479956666032
81.36056499999999,4779,.0691365405243924,33.43592802913219,11.62811561873034
141.2529,4780,.0724770097343846,58.04927483365201,12.21056885628559
115.19092,4781,.0810357372015079,47.3388466602896,13.71180077392945
181.63678,4782,.0285858709208916,74.6454293123864,4.710597041357388
161.67999,4783,.0396315768877385,66.44398928880121,6.56716697739476
79.263336,4784,.056201112178774,32.57405105095967,9.390925127434066
173.54889,4785,.0368228276368826,71.3216310085332,6.09312437653737
205.55537,4786,.0459559372296822,84.4750101885556,7.63943861789782
372.42224,4787,.0328131358802701,153.0505990597312,5.418697400826836
179.26462,4788,.0992860067906446,73.6705667234456,16.95619841788756
86.828934,4789,.0273493776150901,35.68320829716792,4.504039821817818
136.06044,4790,.0438196105131034,55.91538209514719,7.276473689089365
155.59676,4791,.0840559238989796,63.9440258179888,14.24462694854743
115.98985,4792,.0779604631628232,47.667174837218,13.17090700775059
274.93341,4793,.1095813608801196,112.9866011815908,18.81272245035711
133.02586,4794,.1186976697852231,54.6682914624968,20.47266514437861
103.84093,4795,.0879980983273865,42.6744561318884,14.94253718904216
171.17903,4796,.0390078392289188,70.34771362731639,6.461781515826611
171.38786,4797,.0845379446411113,70.43353437905679,14.32981483071774
92.450211,4798,.0633677842517617,37.99332761853468,10.62682963182053
183.76305,4799,.1293127760701922,75.51924097643399,22.42468201539316
111.34338,4800,.0296636069311894,45.7576620835944,4.89084216554506
145.34879,4801,.0312500352436996,59.7325212965452,5.156516819606226
169.29436,4802,.042657748600637,69.57318987027681,7.079397000494555
152.80257,4803,.076169943651372,62.79572583089159,12.85674728470315
83.675545,4804,.0794985384750505,34.3872919321346,13.4412230553268
95.017792,4805,.0044196049342947,39.04850039818496,.7195250281236454
138.41861,4806,.0588259028084093,56.8844953553668,9.84254702113323
200.59201,4807,.0686534971390127,82.4352683585588,11.54405177049936
83.041534,4808,.0596604256458423,34.12673884765592,9.986383689403501
143.70889,4809,.0814316156601573,59.05858818933319,13.78155067690231
349.85623,4810,.0716589968636757,143.7768742980524,12.06775798061694
267.18277,4811,.0704522118291599,109.8013990972676,11.85728740156117
168.06047,4812,.0460022584467574,69.0661105839436,7.647317250107442
110.11618,4813,.1009148395943093,45.2533321188584,17.24864867901772
75.294876,4814,.0861955842770183,30.94317320557488,14.6230843207447
141.88458,4815,.0465426195846784,58.3088699706504,7.739252566425129
122.59528,4816,.0580793212359431,50.3817415573664,9.713969419655008
142.49025,4817,.1099570083505965,58.55777604117,18.88082369030164
206.76524,4818,.0779751056397806,84.9722182185712,13.17347845680609
181.75734,4819,.0374425065749969,74.6949746355192,6.197595352453283
78.82203699999999,4820,.0969253936064304,32.39269486687556,16.5332045316492
359.57867,4821,.0405797491347669,147.7724070737596,6.727494218993138
385.44794,4822,.0575755063901582,158.4036391686472,9.627255765338674
130.13188,4823,.0500561311217228,53.4789817889744,8.33824337243904
101.80206,4824,.0188581898098962,41.8365623613528,3.092458204798191
145.89476,4825,.0296183267080299,59.95689306222879,4.883265399735889
67.688919,4826,.0623684580386189,27.81743002956972,10.45396228259266
103.3196,4827,.0556570890232624,42.460210417648,9.297468632864403
112.00162,4828,.085642759871087,46.0281723150056,14.52522463142892
118.60569,4829,.0929815072753344,48.7421801297172,15.8287307618696
249.83138,4830,.0259157764407009,102.6706739450344,4.264875075596018
137.98114,4831,.085943832408172,56.7047127366632,14.57851308238815
75.40881299999999,4832,.0596459188976697,30.98999674142243,9.9838823103285
94.59065200000001,4833,.1068027864283042,38.87296299504176,18.30978752508376
115.29314,4834,.0761550042235672,47.38085497922319,12.85412841854902
124.5249,4835,.0398340914455998,51.174737961012,6.60139756831567
99.536095,4836,.059579839705857,40.9053416568686,9.972488823249154
126.59866,4837,.1023039990001517,52.0269701217608,17.49844321004018
266.79248,4838,.03864539159534,109.6410055657024,6.40057328134743
86.235641,4839,.0570177569385614,35.43938867708308,9.531310142730106
121.37935,4840,.0917828294643162,49.882043110478,15.61516779039566
104.81542,4841,.0575103059275776,43.07493242534959,9.616037036772338
84.43704200000001,4842,.0499103434320229,34.70023664787496,8.313347308244158
200.14296,4843,.1068129891200169,82.2507268244448,18.31163170478417
118.4342,4844,.0026489906499974,48.671704619896,.4308818197832783
164.25609,4845,.0117845110570577,67.5026630356692,1.925641567517103
172.95236,4846,.0767833063764781,71.0764811113168,12.96430291748712
125.03802,4847,.0871773105598703,51.3856096946376,14.79700061706478
118.38926,4848,.0547018053042197,48.6532360828888,9.133485598302983
229.0677,4849,.1114519720618751,94.137634503876,19.15209973039568
133.74127,4850,.0680369420627967,54.96229627024759,11.43681191176198
168.717,4851,.0679154458987045,69.33591807396,11.41568740148653
93.711197,4852,.0385726642084361,38.51154227377636,6.388294138027748
121.05981,4853,.0500337815775474,49.7507249904228,8.3344265204833
177.37598,4854,.0617278607283282,72.89441145568239,10.34324008719567
104.54073,4855,.02866218372102,42.96204585591239,4.723353526965798
136.98053,4856,.1341857580867038,56.2935021711364,23.32773995427898
126.09295,4857,.0498335703007009,51.819143600846,8.300238271913976
71.097252,4858,.0545776085098545,29.21811815024976,9.11217760719852
200.04233,4859,.0772918132412222,82.2093719317204,13.0535216828155
221.71454,4860,.0806140466563133,91.1157807526552,13.63753339987748
141.45631,4861,.0638696566975401,58.1328681828428,10.71371067223576
111.29449,4862,.1130542235596573,45.7375702550612,19.44329480879805
93.970917,4863,.0688168871635512,38.61827677380996,11.57248192697723
76.10410299999999,4864,.1033092494657734,31.27573303638763,17.67942090301427
113.13432,4865,.0501163565985888,46.4936665710816,8.348529095423604
260.40427,4866,.0555507705054166,107.0157075506876,9.279210355906235
313.63959,4867,.0420447834467281,128.8932882696492,6.975517198992461
113.77928,4868,.0315592774022259,46.75871925528639,5.208353832045299
119.48806,4869,.0285633734636428,49.1047987990328,4.706836541012493
88.92325599999999,4870,.0875980240680656,36.54389061496928,14.87158378708063
252.93396,4871,.0333945292348998,103.9457098495248,5.516319755393458
333.16748,4872,.0610262991549738,136.9184676007024,10.22206204646662
93.772598,4873,.0817455838292122,38.53677562136824,13.83688842698713
121.68964,4874,.0506487847892529,50.0095598516432,8.43948781048338
120.47567,4875,.1500694290570282,49.51066688611959,26.30202833111874
259.53497,4876,.0594987411034871,106.6584601270036,9.958506692722755
187.21104,4877,.0920211527118728,76.9362265330752,15.65760837267742
162.22649,4878,.0462760332217765,66.6685788632212,7.693890206300917
84.559708,4879,.0227729341906647,34.75064745251504,3.741759347690152
137.05461,4880,.119997996320656,56.3239460790468,20.71067062509921
182.55835,4881,.043632348539752,75.024157608998,7.244694563393059
241.63075,4882,.0734328611079359,99.30054402431,12.37759202082035
113.16025,4883,.0300967545123073,46.50432276077,4.963338340236298
95.485039,4884,-.0021745192620935,39.24052016923532,-.3528527858471589
110.00038,4885,.0827254166082435,45.2057429647544,14.00969839998509
116.37733,4886,.1052495632300047,47.8264135715204,18.02925521268842
104.43736,4887,.0571690185869058,42.9195649331168,9.55732530680449
126.4753,4888,.0439101684951908,51.976274110964,7.291843885350525
213.28867,4889,.0714959374703335,87.6530862285596,12.03930459703932
194.08145,4890,.1522109422163437,79.75968940222599,26.70666252088282
322.6438,4891,.0819639887666145,132.593657330744,13.87539314363724
140.63721,4892,.0644992685024259,57.7962509451348,10.82276683791643
73.766808,4893,.0405603753771433,30.31519856366304,6.724216772477324
107.25223,4894,.0595722742834425,44.0763635705324,9.971184428230812
148.88484,4895,.063903826659498,61.18569598021919,10.71962754937625
109.7007,4896,.0425449357964573,45.082586507916,7.060273723330843
87.10264599999999,4897,.0931992947966002,35.79569294784248,15.86756046205621
142.0851,4898,.124079294143922,58.391275645788,21.45970490884145
124.12058,4899,.0583414042231432,51.0085786623304,9.759094882311059
107.32738,4900,.0406865572588265,44.1072472055144,6.745564022858844
341.73004,4901,.0822548012253913,140.4373362307952,13.92667633739805
116.9715,4902,.0563471448968586,48.07059360342,9.4160204111226
138.96996,4903,.0534922455259657,57.1110780852048,8.92607841208476
222.05223,4904,.0692463473909978,91.2545577945324,11.64723092929329
132.17853,4905,.0478133277081341,54.3200728273764,7.955642655676933
176.86464,4906,.1018896125794769,72.6842712306432,17.42389315050245
212.08066,4907,.0895882223551373,87.15664258392079,15.22482740260774
113.83619,4908,.0726344395881627,46.7821069820572,12.23806678870347
163.46521,4909,.0773253628122508,67.1776430857748,13.05940963211459
89.27282700000001,4910,.0527234591094892,36.68755027118076,8.794382420662528
103.96347,4911,.1100396075826221,42.7248151555836,18.8958015605706
93.562431,4912,.0626613210788293,38.45040541626828,10.50460498079428
181.3461,4913,.1008954308828817,74.52597149446801,17.24516111937683
185.87399,4914,.0304744314713981,76.3867526255212,5.026575995111539
152.37444,4915,.0832609662478126,62.61978157746719,14.10422316763622
137.36888,4916,.05779637442004,56.45309844053439,9.665264896358698
111.16573,4917,.0295705774781635,45.6846550609124,4.875275865252669
102.08151,4918,.1226389903190981,41.9514050998188,21.19501904758936
262.556,4919,.0332392399065478,107.89998225328,5.490239409437469
81.022255,4920,.0883053815326827,33.2968961921294,14.99705332138539
141.4677,4921,.0937476677163151,58.137549015876,15.96536824605356
123.37749,4922,.0876214371597156,50.7031984851012,14.87573533050214
100.14391,4923,.017414181039515,41.1551292363308,2.85359529921593
393.30945,4924,.1000903742038596,161.634404374866,17.10055975888479
180.28899,4925,.0696052088703814,74.0915416957212,11.70971660559811
120.49945,4926,.0768201697428921,49.520439512066,12.97076915958998
124.04088,4927,.077003803366946,50.9758251598944,13.00298407935749
215.67369,4928,.0858879519539985,88.63323376155719,14.56862128705358
123.67046,4929,.0440133194462442,50.8235974011448,7.309353152796848
204.88524,4930,.0621502535274497,84.19961364417121,10.41623938736655
106.02484,4931,.0260661738237736,43.5719555234192,4.289949467758682
128.36517,4932,.0521652174037429,52.7529348593796,8.698816957635108
251.59277,4933,.0906241009186048,103.3945345680676,15.40896559304231
193.62547,4934,.0683959660675685,79.57229991614361,11.49925033335052
90.40817300000001,4935,.0640623680146652,37.15413192709924,10.74708324613666
101.00322,4936,.0213373498756769,41.50827117081359,3.503357528381131
168.78299,4937,.0498769667595522,69.36303731644119,8.307648107257627
88.721565,4938,.0418469624856503,36.4610037058122,6.94200587657395
290.47144,4939,.0690738216796924,119.3721081258272,11.61719838908877
293.08524,4940,.0971886076764377,120.4462750601712,16.58031992470743
158.9156,4941,.1128538869245501,65.30793590612801,19.40685986570763
146.23006,4942,-.0073070881017155,60.0946879099928,-1.182662953016886
201.521,4943,.0579029855615049,82.81704597747999,9.683614588703701
95.551025,4944,.094806969319447,39.267637767877,16.15445720288416
109.87672,4945,.0586353749364605,45.1549236659936,9.809724849914772
168.88649,4946,.0822672599860644,69.40557166402121,13.92887370517654
120.44605,4947,.1066343699320872,49.498494254474,18.27934824933284
109.21236,4948,.0810443583986356,44.8818983601168,13.71331945023811
131.19597,4949,.0968796790159195,53.91628008768359,16.52502287089929
477.79913,4950,.0553533596401781,196.3562731289044,9.24531376862854
216.8606,4951,.0284527460976569,89.121006152728,4.688346159919264
114.06497,4952,.0310101499180583,46.8761263834036,5.116316851613147
150.51349,4953,.0817230493222059,61.85500578878119,13.83291607960209
174.94267,4954,.0799039605775209,71.89441867007959,13.5125450752229
117.95707,4955,.0146472961172466,48.4756233323516,2.396869343270725
120.46226,4956,.0530063662575033,49.5051559141288,8.842833701102785
114.91265,4957,.0581903111022425,47.224488854482,9.733078217026083
77.808205,4958,.0568730943337211,31.9760505898154,9.50643361494804
177.12982,4959,.0388307062962097,72.7932495716216,6.431865473710451
113.34724,4960,.0433982481931234,46.58116814873119,7.204975142435631
256.80307,4961,.0672304918404735,105.5357588308316,11.2966426052447
198.45685,4962,.0568908914593287,81.55780326117799,9.509493857137052
137.49246,4963,.0634117723110133,56.5038848625048,10.63444282814412
115.04302,4964,-.0142507666161831,47.2780656940376,-2.298527927596878
117.4211,4965,.112979584957935,48.255361165468,19.42971953774963
226.84309,4966,.0541841640949917,93.22340904522919,9.044693251912822
232.10861,4967,.0276549280427571,95.3873265125668,4.555058514709131
104.1273,4968,.0824279018514113,42.792142712724,13.95720877164793
123.27826,4969,.074370017142813,50.6624189362088,12.54150347610782
119.59388,4970,.0313119416353134,49.1482865735344,5.166892654402558
185.1234,4971,.0190247245926033,76.07829024919199,3.120027998884166
209.73268,4972,.0315014391959669,86.19171700487838,5.198657428688236
86.440575,4973,.0726919899931268,35.52360832913099,12.24812007415756
170.26587,4974,.0239275936916239,69.9724415032956,3.93375758662069
294.13193,4975,.0942893041599282,120.8764226569684,16.06202717748366
242.1105,4976,.0906690828078756,99.49770202674,15.41696591387681
96.20899199999999,4977,.0899291284531685,39.53803580724095,15.28540595153992
115.95049,4978,.0713188318513594,47.6509994563412,12.00840544433139
254.62683,4979,.0835829610690332,104.6414115015804,14.16107978053761
95.88556699999999,4980,.0972137086300634,39.40512110805195,16.58481365025833
166.07184,4981,.0269008083080346,68.24886343777919,4.429169063338014
201.99936,4982,.1061056152115735,83.0136327456768,18.18381543755
110.43547,4983,.0341616029686976,45.3845474989436,5.645206764896424
85.604271,4984,.1078213916343464,35.17992093764748,18.49399758985977
238.36276,4985,.0200162656482456,97.95753124606881,3.284272470085327
81.27254499999999,4986,.0829219106089762,33.39975534049459,14.04437380583633
118.66184,4987,.0284859500228365,48.7652555269792,4.693895686095536
127.10502,4988,.0862737127245384,52.2350637665976,14.63691880022624
136.57002,4989,.0895186028872743,56.1247990307976,15.21245865722765
91.706459,4990,.0321558052047546,37.68767538586491,5.308392672101909
169.28151,4991,.048045189623902,69.5679090358188,7.995156313106132
525.09271,4992,.0847684238049056,215.7920370904748,14.37056209707704
105.07915,4993,.0957382914330217,43.183314874502,16.32086692880715
297.23993,4994,.1340046596669432,122.1536859640084,23.29410011846417
335.19339,4995,.045292520371288,137.7510353311932,7.526640134878009
87.573364,4996,.0416094415662906,35.98913916063632,6.901778047943571
119.41949,4997,.087691921229698,49.07661928006119,14.88823395391312
134.2897,4998,.0532703156092551,55.18767899723601,8.888050590861978
86.07199900000001,4999,.0161403570621015,35.37213838040012,2.643169918771085
105.11206,5000,.0528100676036858,43.1968395641528,8.809213719958215
234.33186,5001,-.0003319584268084,96.30099306577679,-.053915546635698
160.0105,5002,.0368515872834281,65.75789587874,6.097971500616072
114.86551,5003,.0983647851968333,47.2051162057388,16.79100762191009
120.89955,5004,.0876231080351369,49.684864560054,14.87603160913837
133.4184,5005,.1110795450591824,54.829609653792,19.08448120957524
352.06067,5006,.1147548481538371,144.6828106959196,19.75287917150807
205.67647,5007,.040204048260083,84.52477743002359,6.663948458094754
105.80312,5008,.120119403426888,43.4808374988256,20.73290819548589
125.47017,5009,.0457209684489797,51.5632060067796,7.599479126835861
122.475,5010,.067556134553107,50.33231130299999,11.35322903670244
226.81145,5011,.0884178095116672,93.210406274626,15.01700372812364
81.48814400000001,5012,.0649611086635321,33.48835787966272,10.90280665002038
184.3503,5013,.0721548955999297,75.76057716596399,12.15431936486185
112.13319,5014,.1017645318637276,46.0822423064172,17.40139661245292
235.95795,5015,.0625138134728141,96.969250817046,10.47909569807918
139.83728,5016,.0776180589401558,57.4675118083264,13.11078617911526
159.58633,5017,.1025053597555066,65.5835790264404,17.53468010828648
373.81448,5018,.0718166900158188,153.6227538430624,12.09527938434474
199.38669,5019,.0565654447379976,81.93993019599719,9.453541417183461
142.16074,5020,.0346744211607227,58.42236065111121,5.731427828829884
278.61716,5021,.0600785474916115,114.5004746395408,10.05849547451989
92.855476,5022,.0770159380135212,38.15987527430288,13.00511307361825
120.38196,5023,.0633678210432582,49.4721558357648,10.62683599933789
100.23592,5024,.0641174092830783,41.1929416548896,10.75661613907258
124.69668,5025,.0271717588175323,51.2453326491984,4.474389429952597
191.46152,5026,.0364567192777373,78.6830032838176,6.031432995050234
106.15103,5027,.0110158575468991,43.6238145506764,1.799347177550911
187.64563,5028,.0603235236909522,77.1148255873244,10.10075953976014
177.24358,5029,-.0050911641738317,72.8400003675704,-.824924943216522
232.63054,5030,.0790403695432884,95.6018188027352,13.36065658753131
88.522499,5031,.0459077576115159,36.37919556634012,7.631244283202722
116.53464,5032,.0221832935964955,47.8910616702432,3.643798643327403
129.68617,5033,.0468300816282135,53.2958128608596,7.788180686713115
165.07959,5034,.0332565112665639,67.84108849684921,5.493139878936188
93.153893,5035,.0213039640913073,38.28251268881284,3.497817354128173
155.93742,5036,.0647353115083853,64.08402341070959,10.86366996081084
168.64313,5037,.0957730442609032,69.3055604676244,16.32707960479851
107.92574,5038,.0893079721642913,44.3531491593112,15.17504279019454
204.33476,5039,.0119256860052952,83.9733884494288,1.948848013714024
136.22855,5040,.0753635147737488,55.984468560574,12.71543707131595
112.46024,5041,.0809151962589924,46.2166467351712,13.69056812502697
129.15671,5042,.0201804562298647,53.0782260427948,3.311485647053705
210.74678,5043,.0980410442354033,86.6084714191864,16.7329914545975
128.20952,5044,.0907658462110057,52.6889689540576,15.43417713265924
134.99382,5045,.0652237549518543,55.4770440679416,10.94834139932543
139.97415,5046,.1117918428480613,57.523759887102,19.21382926654203
118.49448,5047,.0756654801309303,48.69647728146239,12.76833699550981
201.48749,5048,.0878595340479934,82.8032747119012,14.91795952041637
126.57473,5049,.0051555792512561,52.0171358518324,.8396530403181759
149.06181,5050,.0636104892684318,61.2584235501828,10.66883977221532
152.15941,5051,.0374856444673624,62.5314128744708,6.204870331732239
114.48328,5052,.0280849843264471,47.04803501080639,4.626892748878831
141.4622,5053,.0488877001010821,58.135288736536,8.138813192972851
86.65876,5054,.0743528696737766,35.6132736105488,12.53850295152829
132.24956,5055,.080857891689405,54.3492633076528,13.68047512599598
133.69293,5056,.0310492066162481,54.94243046964839,5.122861313467511
358.06152,5057,.1493500500081089,147.1489192918176,26.16629756346047
130.84595,5058,.1053082627730129,53.772435910486,18.03984919316098
110.66261,5059,.0582413923309583,45.4778929260868,9.741873433951916
133.34973,5060,.0751682615905387,54.8013890388324,12.68124006564554
101.78803,5061,.0691813136038963,41.8307965942364,11.63590951647557
154.58791,5062,.049580465367849,63.52942894305079,8.257027652589951
148.08698,5063,.0851476949595212,60.8578075303624,14.43763529754587
141.58044,5064,.0669072988304789,58.1838806327472,11.24050007143198
159.49162,5065,.0924654445091384,65.5446570162056,15.73675482472007
262.93045,5066,.0604592779876416,108.053866180346,10.1241847573422
76.584236,5067,.0786512998832207,31.47304843645168,13.29226982002119
181.2731,5068,.0785565560837667,74.495971423228,13.27562073212047
103.40899,5069,.0349853441728339,42.4969461213212,5.78372542061701
121.04756,5070,.0493172647685158,49.7456907318928,8.212105077712456
161.42731,5071,.0596582948511013,66.3401479463228,9.986016277058848
228.30452,5072,.0503018086110069,93.82399814265759,8.380205762154503
165.91576,5073,.085350102612952,68.1847208197088,14.47344102107393
137.96252,5074,.0759751898351818,56.69706066369761,12.82261021256149
205.74139,5075,.0567503486001128,84.55145694543319,9.485328786798942
112.83545,5076,.0877347735657674,46.370842991746,14.89583319673426
392.02133,5077,.0358782669767355,161.1050387342404,5.934006450723684
116.85637,5078,.0551876266653667,48.02327979243559,9.216861624937781
205.76938,5079,.1142709472579331,84.5629597124744,19.66473549789749
99.637337,5080,.0639252080094741,40.94694805703956,10.72333005086071
123.08073,5081,.1000135596224992,50.5812420311124,17.08676868509736
162.61182,5082,.0037355707439653,66.8269340337816,.6079540889130602
174.45157,5083,.0461491065026518,71.6925962730116,7.672296593208118
185.9025,5084,.065958914843307,76.39846909169999,11.07585900993531
152.97609,5085,.0901661798633671,62.8670355892692,15.3275418385198
169.43907,5086,.0794720187380313,69.63265987451159,13.43655869999262
117.53915,5087,.0807710235458076,48.303874979302,13.66517622583041
135.72337,5088,.0308498476018776,55.77685984839559,5.089458774118342
126.65538,5089,.0491862239655651,52.0502797661544,8.189743692477981
146.42879,5090,.1165263665379454,60.1763579669452,20.07592950592636
278.82407,5091,.0690295848330116,114.5855063483116,11.60949866199716
176.03609,5092,.0572069921311783,72.3437704220692,9.56385691260593
136.17316,5093,.0163282708140852,55.9617054928208,2.674194893360617
135.69162,5094,.0791348315509794,55.7638118722056,13.37726418757745
151.88998,5095,.0859093350866672,62.4206879540024,14.57240640166498
211.59546,5096,.064464879624215,86.95724485014479,10.81680850706407
189.85831,5097,.0187100547036222,78.0241482946028,3.067938330958116
77.891228,5098,.0641084307884846,32.01016971193264,10.75506106955024
155.20811,5099,.0681913886018355,63.7843062606268,11.46366920148777
186.9301,5100,.0783508765928593,76.820771464388,13.23948262487263
142.62915,5101,.0506099733537233,58.61485836850201,8.432855724268297
167.62459,5102,.0484548323498897,68.8869813914492,8.064989580250865
221.68211,5103,.0695265817774956,91.1024533237468,11.69602398104674
197.61414,5104,.0704102923912578,81.21148326070319,11.8499809627494
89.50303599999999,5105,.0330809253426796,36.78215693419568,5.463655153642496
310.86652,5106,.0562035608861022,127.7536677552176,9.391345900219029
142.05757,5107,.0649876244450565,58.3799619202916,10.9074031243368
263.9473,5108,.0967873298230177,108.471750734324,16.50849603336232
101.67145,5109,.0733156166646676,41.782886891426,12.35709641816287
150.82237,5110,.1185714392717974,61.9819430765156,20.44957699741315
188.8896,5111,.0535994167626555,77.626047349248,8.944445288269156
113.44041,5112,.0643989259149633,46.6194572807508,10.80538172242798
74.166702,5113,.0534503715420818,30.47953895391576,8.918902634441364
80.734848,5114,.0517373290715622,33.17878344589823,8.62560281253189
118.67729,5115,.0819422628993185,48.7716048571252,13.87156250389832
82.27471199999999,5116,.0907163448831418,33.81160577055456,15.42537216828793
92.11261,5117,.1066150951869163,37.8545871520868,18.27586489563372
99.096306,5118,.0113631596272347,40.72460602220328,1.856398974208624
86.353905,5119,.0413343877693261,35.4879904363314,6.855205385469224
115.47942,5120,.1154636102465068,47.4574085856696,19.88205884746288
89.941925,5121,.0644862910483283,36.962522704969,10.82051829719724
91.53956599999999,5122,.092243298923782,37.61908905861208,15.69717725899111
193.2261,5123,.1027332324481709,79.408174868868,17.57569689893554
170.53923,5124,.0253425842503743,70.0847814960924,4.169346505091426
86.06950399999999,5125,.049946163576567,35.37111303549951,8.319463953531667
204.70926,5126,.0764851844620838,84.1272929244888,12.91201779499638
272.87341,5127,.0966716538640199,112.1400238287908,16.48779678429363
195.55739,5128,.0281060354525038,80.3662415275132,4.630409806257855
93.011803,5129,.036874401129625,38.22411939946364,6.101816624186242
85.94892900000001,5130,.1020691180969967,35.32156154796852,17.4561832419726
90.59996,5131,.0946051320634173,37.2329486896048,16.11841311448235
234.23122,5132,.0698190631737465,96.2596340634536,11.74696400772426
271.12259,5133,.0342047676484616,111.4205070516892,5.652462417636069
100.62971,5134,.083147164091588,41.3547735460348,14.08413279675103
127.32262,5135,.0563278995363248,52.3244886364856,9.412712944095517
189.90652,5136,.0350282093208944,78.0439606704176,5.790936661037552
315.84091,5137,.1075864621213345,129.7979424726908,18.45149501925891
145.32019,5138,.1410970404760435,59.7207678439772,24.61610460274487
179.30946,5139,.0741080621983664,73.6889941644648,12.49567128674042
137.38367,5140,.064496057454981,56.4591765371596,10.82221047253578
290.03577,5141,.0769736929777935,119.1930652349076,12.99770139631781
172.72559,5142,.0251492649841842,70.9832877393292,4.137140140780044
200.16273,5143,.0727990547207368,82.2588515012724,12.26682438849462
88.89022799999999,5144,.1040637610910254,36.53031743205263,17.8153770411629
95.47923299999999,5145,.0357457098454488,39.23813413617204,5.911688287834606
169.00407,5146,.0516603051852736,69.4538923267116,8.612426911154969
74.540085,5147,.1304372360627069,30.6329843867898,22.63267583308476
195.73398,5148,.067883621154365,80.4388129327224,11.41015446464054
240.9429,5149,.0861725232600345,99.017865270852,14.61900103181286
123.55164,5150,.0644087672757205,50.7747671482032,10.80708673577961
112.95031,5151,.0966140117882193,46.4180458435628,16.47748310890992
307.26138,5152,-.0103411398387716,126.2720998534344,-1.671195251469071
174.28142,5153,.0312155804870246,71.6226714494296,5.150742300532187
122.15985,5154,.0760213755366394,50.202797296818,12.83070518875171
148.40747,5155,.0254184991400249,60.98951606230359,4.181995382727321
148.36484,5156,.023655963376706,60.97199684261919,3.888570611139757
76.48052199999999,5157,.0743137542572173,31.43042614345736,12.53165859059487
128.01778,5158,.0092925061898677,52.61017150666639,1.516542761841426
183.80687,5159,.0747901696485328,75.53724923837561,12.61503932005564
158.94304,5160,.0581073003391331,65.3192126452352,9.718786299256573
191.52771,5161,.0896568865861908,78.71020471827481,15.23702728204128
146.30965,5162,.0979081781487247,60.127396206842,16.7091865539041
127.67609,5163,.0920076942704665,52.4697506252692,15.65521142518025
247.20628,5164,.0952720044149686,101.5918631640464,16.2375308457608
215.06964,5165,.0922725913202107,88.3849934460432,15.70239550339943
153.16809,5166,.0571199907496306,62.9459398862292,9.548892683972426
108.28965,5167,.0058846543766333,44.502701569242,.9587421487723955
71.816154,5168,.0371182191284549,29.51355802990152,6.14291602153166
145.83591,5169,.0075041619456334,59.9327080732908,1.223587754112372
257.70209,5170,.0802123473910744,105.9052199821492,13.56681597384203
85.47176399999999,5171,.1094063421070146,35.12546587682832,18.7810019807648
103.26635,5172,.0510089497461616,42.438326804038,8.501044967029108
124.64029,5173,.1049428653240082,51.2221586215652,17.97391307693647
124.39184,5174,.053514448258846,51.1200556393792,8.92988332778496
134.72743,5175,.0291499338616775,55.3675684655084,4.804909081741406
223.28418,5176,.0211996979213267,91.76083981869839,3.480516188216608
172.83765,5177,-.0376061941833313,71.029339903482,-5.995443170888048
200.09,5178,.0445589312183999,82.22896238920001,7.401997591458567
137.64531,5179,.0635985550871098,56.5667000801628,10.66677383022916
138.03395,5180,.0245052057677511,56.726415527926,4.029886872518147
125.64879,5181,.0196394690195639,51.6366116605452,3.22183855905232
156.35901,5182,.0616748191987562,64.25727998651881,10.33407545610276
140.72334,5183,.0530453598222646,57.8316469195992,8.8495128969265
87.74271400000001,5184,-.0114795483468893,36.05873521631433,-1.85411569719855
233.52835,5185,.0842662981822997,95.97078269259799,14.28180150139038
274.99557,5186,.0384586149448682,113.0121464477316,6.369040091712155
162.95732,5187,.0776091675760459,66.9689206723216,13.10922526877995
147.28481,5188,.0256602438995127,60.52814784342279,4.222281097572834
84.319016,5189,.0300137237549931,34.65173269707807,4.949438998891464
130.43127,5190,.0435112128901255,53.60201906744761,7.224140515991159
145.57188,5191,.0858465685914018,59.82420233617439,14.56129608091794
141.43039,5192,.078421463505005,58.12221610275319,13.25188398336353
330.30716,5193,.0600610665937395,135.7429908367408,10.05548001072721
133.927,5194,.0915473948818744,55.03862384876,15.57325155158684
123.02151,5195,.0535510737573103,50.5569049870188,8.936160079120553
145.90842,5196,.0721201776405385,59.9625067741896,12.14825778932076
128.50908,5197,.0472762615984642,52.8120760957104,7.864151609821809
151.43398,5198,.0419925209370045,62.23329024872239,6.966663166180711
187.61765,5199,.0767003700294705,77.10332692988199,12.94975583650549
98.41802199999999,5200,.0148403724775148,40.44585851095736,2.428699198743684
173.6255,5201,.0279647903586877,71.35311464493999,4.606813099591861
140.61687,5202,.1108206287528695,57.7878920211756,19.03748673358612
143.76064,5203,.0923692149077697,59.0798553631232,15.71960943267492
124.33943,5204,.0803442728354109,51.0985172320684,13.59003774761782
92.699394,5205,.0637661111368041,38.09573183431272,10.69578193772515
110.83611,5206,.0403500786687894,45.5491944652668,6.688645094299402
303.02722,5207,.0834997856933156,124.5320299679336,14.14639123730647
104.54498,5208,.0548616757054323,42.9637924354024,9.160917876084346
167.94383,5209,.0616411320597405,69.01817622354039,10.32825517119514
95.04988899999999,5210,.0549887304825704,39.06169097745332,9.18272242509871
158.47141,5211,.1418396603943716,65.12539163703079,24.75507040033407
115.05626,5212,-.0285632001089229,47.2835068028488,-4.574267966878081
152.55879,5213,.1096342844033653,62.69554203134519,18.82231542326562
133.90651,5214,.0720548607232009,55.0302032808188,12.1368543648982
129.43907,5215,.0570974975691883,53.19426467451159,9.545024071064297
189.74596,5216,.0033406796564441,77.9779769520848,.5435792255856543
135.96573,5217,.0380260292444839,55.8764600849124,6.296029984031694
110.19633,5218,.0409469527311286,45.2862705532404,6.789625831307163
153.31857,5219,.1024681326615903,63.00778112897159,17.5279801675661
105.16246,5220,.0121153146441346,43.2175519421048,1.980024470946461
143.13243,5221,.0739170892627271,58.82168625690839,12.46226582532122
117.294,5222,.0731940128642043,48.20312816472,12.33584129102462
133.2677,5223,.0830094385080044,54.76767799987599,14.05982209662387
174.14003,5224,.0607295033945471,71.5645658319964,10.17082323727251
197.97559,5225,.0910521794119629,81.36002470932921,15.48511671611464
179.17827,5226,.0559355394508601,73.63508033780759,9.345296643683461
140.26256,5227,.1050407178472437,57.6422848260928,17.9915682419764
110.20677,5228,.0663055009010176,45.2905609743876,11.13600883106022
94.67160800000001,5229,.0665978964571624,38.90623266308705,11.18677013532574
114.20985,5230,.02732085295762,46.935666250818,4.499277767721194
125.62184,5231,.0528589909724512,51.62553629177921,8.817592185647028
81.470985,5232,.1281499587968734,33.4813062190818,22.20983901032487
108.83465,5233,.0575450253934767,44.72667470384199,9.622010956468143
135.21367,5234,.044860935925399,55.56739359755961,7.45329948413857
151.14648,5235,.0771296773829489,62.1151392832224,13.02506962563379
165.32442,5236,.0587627637722152,67.94170380426959,9.831669388194152
119.68549,5237,.0393690636056538,49.1859346081412,6.522805249763891
442.56573,5238,.1330827422041282,181.8767592929124,23.12294426908585
231.49838,5239,.0999801341438521,95.1365464649944,17.08076789949144
193.20616,5240,.116248519573823,79.39998032886081,20.02522407494805
107.31355,5241,.0499489777724302,44.101563630374,8.319944514696401
109.54039,5242,.0512410443006398,45.0167055295532,8.540724874694622
240.84227,5243,.0917142727092117,98.9765103781276,15.60296108284
145.22166,5244,.0183688771142188,59.6802759670008,3.011479161771034
269.75104,5245,.0477637705379702,110.8568550282752,7.94719836452024
87.641136,5246,.0654864348808156,36.01699073362368,10.9938939442795
156.33609,5247,.1339688108405606,64.2478607860692,23.28744176204585
326.79349,5248,.0413530738307347,134.2990134351812,6.858368941441666
187.50958,5249,.0597499894769662,77.0589144956504,10.00182786396207
250.26035,5250,.0368234097356508,102.846963404758,6.093222481540161
145.28624,5251,.0712353253638667,59.70681575605119,11.99383818487739
99.680313,5252,.0159840706457607,40.96460946884244,2.617371127366634
242.27786,5253,.0537433188837121,99.56648027225681,8.96911015489866
95.651627,5254,.0325493920620158,39.30898115372477,5.37443061595739
104.01072,5255,.0655841816882166,42.74423300991361,11.01084772654231
89.449516,5256,.0722916631485099,36.76016236141808,12.17820031663791
90.206284,5257,.046828589449037,37.07116364788592,7.787926670700752
124.48109,5258,.0415147398985056,51.1567338086692,6.885741524957169
186.70143,5259,-.0007832246554103,76.72679726862839,-.1271799597592337
68.176849,5260,.0669617308850308,28.01794968381812,11.24995430689765
168.25078,5261,.1115808353303316,69.14432035870639,19.17550224357224
107.37486,5262,.0431528078695888,44.1267595806168,7.163341669898262
102.08969,5263,.0201262806622478,41.9547667516372,3.302506018672377
146.87502,5264,.1030161065301744,60.3597405941976,17.6266268732549
92.872467,5265,.0652501478389652,38.16685789362396,10.95291777159225
215.18704,5266,.0623844486192051,88.43324013595519,10.45672703585235
156.1683,5267,.0567027114636264,64.178905827804,9.477138783746272
122.71507,5268,.0547803297708425,50.43097044139159,9.146959120298874
123.71357,5269,.1152313564835235,50.8413138815716,19.83971796234044
121.47013,5270,-.0112222841870517,49.9193500483844,-1.812796483772325
86.76103999999999,5271,.0623606231765703,35.6553065870752,10.45260765996183
281.13086,5272,.0827296033543767,115.5335044898968,14.0104371663696
115.37607,5273,.056600927486286,47.4149358820716,9.459640905627014
110.08108,5274,.0469148590128749,45.2389074270704,7.802613097011209
115.33952,5275,.1138324412075247,47.3999152984576,19.58489743119543
87.94227600000001,5276,.0009877725400574,36.14074719188688,.1605365240218558
91.986588,5277,.0224316287594778,37.80279716608944,3.6850490869114
175.31961,5278,.07776557693725,72.04932588724681,13.13668550929298
99.383995,5279,.0510001768605538,40.8428346591206,8.499545296476516
117.4339,5280,.1317209433648158,48.260621451932,22.87041205883916
121.94362,5281,.0172328614304059,50.11393544196559,2.823626407585896
150.95433,5282,.0788389362359755,62.0361733422804,13.32524733683058
161.15184,5283,.0772848082212796,66.2269408281792,13.05229232683083
104.25734,5284,.0495679093853008,42.8455839355192,8.254884352923888
257.62213,5285,.0319866389684944,105.8723596301444,5.28001711224133
180.59148,5286,.0729562789622997,74.21585294982239,12.29429524967651
102.05829,5287,.0685889709477828,41.9418626114052,11.53282537724813
144.19241,5288,.0677681004627319,59.25729551051079,11.39007192769508
177.57858,5289,.0517500368660498,72.97767192737039,8.627776737625378
142.12007,5290,.0617671286454891,58.4056469127916,10.35002519667142
101.46688,5291,.073938443129618,41.6988168287744,12.46600078010947
107.96402,5292,.0918276036957966,44.3688807035176,15.62314040986969
114.95905,5293,.0701880075817885,47.243557392914,11.81124247031201
162.7383,5294,.048091936011535,66.878912239404,8.003123891854063
251.24989,5295,.0300928934229854,103.2536246444132,4.962691968643509
282.79703,5296,.0905108170408522,116.2182335131564,15.38881891475425
184.95128,5297,-.0331182278108946,76.0075558346464,-5.29173151836156
106.62996,5298,.0986040312048391,43.8206355660048,16.83389389758685
196.24673,5299,.068643028042934,80.6495326111924,11.54223028740828
117.41904,5300,.0860135636000059,48.25451458811519,14.59085747026106
147.8916,5301,.0417336115878947,60.777514189008,6.922806963055891
203.55215,5302,.0995973985722104,83.651767137742,17.01207071506006
147.59288,5303,.0876446977143027,60.6547522536544,14.87985992273538
240.02795,5304,.0974563471798382,98.641857528646,16.62825809641185
110.77361,5305,.0960631410553514,45.5235094727668,16.37894790630055
204.23865,5306,.0664726699892381,83.933891095362,11.16502838847306
186.60294,5307,.0987179437389071,76.68632183004719,16.8543170055288
198.56017,5308,.0771825438711113,81.6002636359796,13.03434627906294
126.51939,5309,.0415371419618075,51.9943933320732,6.889534892325799
134.06947,5310,.0581031237774561,55.0971733028636,9.718067254259289
81.399841,5311,.007556797199141,33.45206888937908,1.232202640643723
182.66714,5312,.0648515662840796,75.06886593434319,10.88381892071599
171.55214,5313,.0863222560487674,70.50104686814321,14.64551508212044
87.73127700000001,5314,.0107080575032491,36.05403506816676,1.748800994722813
220.43124,5315,.0705615930683,90.5883959386512,11.87635368279862
99.7071,5316,.0999627533860035,40.97561785114799,17.07764765839784
91.465324,5317,-.0065723253200903,37.58857857520112,-1.064130934569943
147.55772,5318,.0625113298396774,60.6403029042736,10.47866622226923
210.84819,5319,.0755039327592165,86.65014686061718,12.74003426638182
113.68183,5320,.0742466051461396,46.7186712149804,12.51990955723407
402.73184,5321,.04690139875692,165.5066286385792,7.800321555880579
95.307976,5322,.0591072845370946,39.16775438000288,9.8910319941208
289.77655,5323,.0296575823602357,119.086536214814,4.889834050832214
91.304878,5324,.0735645732426701,37.52264170629464,12.4006195994102
73.64099899999999,5325,.0978691039141475,30.26349611212012,16.70218643571
151.27567,5326,.0791307739711857,62.16823119011959,13.37655078215568
144.73413,5327,.1106126156140683,59.47992069670439,18.99974022535858
173.38983,5328,.0797475025146548,71.25626373002039,13.48501748334006
111.20985,5329,.0176534080640814,45.70278661081799,2.893143567062801
209.12129,5330,.0912360337600377,85.94046024384519,15.51783267737365
233.4726,5331,.0230453435513286,95.947871679288,3.787035940523355
150.81046,5332,.0951192611379807,61.9770485443448,16.21024060047537
93.402496,5333,.0641198322779777,38.38467854786048,10.75703580263216
161.22495,5334,.0096022677224602,66.25698610500599,1.56733914974699
336.09656,5335,.0448788499810593,138.1222019660128,7.456343052515479
105.97887,5336,.0707051842249186,43.5530636977356,11.90138627254818
157.88339,5337,.0086497542417123,64.88373900839319,1.411190971991055
213.1373,5338,.0749571000992098,87.590879231524,12.64426436378986
111.82935,5339,.0540318118420612,45.95737625647801,9.018568626099547
339.92554,5340,-.0138881064150851,139.6957591273352,-2.240439179258971
301.65457,5341,.0279195833466655,123.9679258886516,4.599261423782711
136.1877,5342,.0806423013143829,55.967680849476,13.64250858017453
147.94804,5343,.1076338541285755,60.8007087646352,18.46006820036139
106.44787,5344,.0013442242302405,43.74580388145559,.2185073467796773
88.685287,5345,.0992834988833376,36.44609490328556,16.95574850058212
122.5676,5346,.1022436382558742,50.370366187888,17.48758210689199
117.58471,5347,.0574597029525507,48.3225983114348,9.607330531495341
250.21861,5348,.0505499601070904,102.8298099393668,8.422601185778497
124.42699,5349,.0898751232851658,51.1345008791612,15.27580793010351
100.68484,5350,.0745926257588569,41.37742976421919,12.58046098642355
155.30638,5351,-.0185764485224342,63.82469128803439,-2.989768110182921
90.449348,5352,.0343547353042246,37.17105320015824,5.677673268713301
203.64923,5353,.0862438696878381,83.69166312289239,14.63163426098785
110.15953,5354,.034000639788799,45.2711472296564,5.618152846018639
199.0083,5355,.0574517687259779,81.78442708700399,9.605965446465161
100.87926,5356,.1286169109896606,41.4573285840888,22.29608343657443
720.51007,5357,.0751391655301954,296.1007319059916,12.67614469913032
113.08389,5358,.0440077141801704,46.47294186433319,7.308401645431816
141.11864,5359,.099945990278792,57.9940993601632,17.07463835100772
92.678741,5360,.0671248802727936,38.08724427991108,11.27829460299504
137.57631,5361,-.0161941424278145,56.53834384844281,-2.609447620568734
86.785713,5362,.0757224378411115,35.66544620019444,12.77831694600663
139.63231,5363,.082888893903762,57.3832773617228,14.0385468532023
148.95891,5364,.0926924210033164,61.2161357785308,15.77720214939578
132.0844,5365,.099801124324607,54.28138917387199,17.04863416502866
102.19695,5366,.1576397078977447,41.998846308366,27.73630687114834
223.47682,5367,.0941566550482216,91.84000712998159,16.03835014536093
98.62513,5368,.1131618035813989,40.5309715897844,19.46286324906696
209.53935,5369,.0679557467506381,86.11226613127801,11.42269421692915
213.19215,5370,.0353271369424802,87.61342038094199,5.841234104891193
105.0425,5371,.1257545764310086,43.1682531949,21.76805294021243
83.47305299999999,5372,.0382966074196601,34.30407584411364,6.341693401556785
115.78671,5373,.0488761772040037,47.5836924471948,8.136847601606298
263.83084,5374,.0649403562386476,108.4238903466992,10.89920933068386
183.83611,5375,.0884541556805446,75.54926570526681,15.02345385557693
313.32675,5376,.0624583755857861,128.76472358079,10.46950949925932
150.94756,5377,.0617879857030598,62.03339114389281,10.35362919921637
160.76706,5378,.0554904828278543,66.0688116855528,9.268857903256807
118.65811,5379,.068763751285043,48.7637226466268,11.56323567939279
103.23925,5380,.066691584863426,42.42718979129,11.20303804271528
107.37904,5381,.0487961672124664,44.1284773929152,8.123200013661249
107.77921,5382,.0804114091597567,44.29293120809481,13.6018563905029
121.13824,5383,.0594601460356945,49.7829565738112,9.951852953141422
137.03473,5384,.0922065646996374,56.3157761966324,15.69063351880756
104.92903,5385,.0658776499890303,43.1216215773164,11.06175855567105
108.6495,5386,.085508585780269,44.65058548206,14.50148160363873
163.76871,5387,.0943175871405762,67.3023694093548,16.0670759178715
123.0574,5388,.0776012386327321,50.571654337112,13.10783332651702
401.03967,5389,.0306136883033444,164.8112146584396,5.049898974301157
127.76263,5390,.1509594496540122,52.5053150932844,26.47009053677385
249.49942,5391,.0887251210111524,102.5342517032696,15.07154776894461
182.19164,5392,.0446593566185284,74.8734545114032,7.419055252215145
261.50259,5393,.0448302184710076,107.4670730060892,7.44808076642828
216.38844,5394,.0275412522815529,88.9269673357872,4.53607590290695
222.45857,5395,.1116909410029237,91.4215472321716,19.19550062933394
291.39157,5396,.0649378786821975,119.7502446402116,10.89877986481393
170.37788,5397,.0547621496269927,70.0184731194544,9.143839609026465
122.0107,5398,.0651906080354265,50.141502630716,10.94259408897519
140.92607,5399,.0451667662158353,57.9149608160716,7.505267024600101
175.69701,5400,-.0414032413176192,72.2044221459588,-6.588357525829491
309.43524,5401,.1191989330889527,127.1654690981712,20.5643773006747
521.49988,5402,.071238208067664,214.3155281048144,11.9943410368426
129.78014,5403,.0342381762050372,53.33443076078319,5.658078355649517
226.82928,5404,.064676111285449,93.2177336892864,10.85341044009936
196.75226,5405,.0579070062741946,80.8572851593288,9.68430666385713
168.12395,5406,.1316710601463256,69.09219831712601,22.86116823393767
80.662148,5407,.0756602805826298,33.14890666262224,12.76742597535487
80.888397,5408,.0479957478937772,33.24188592451236,7.986729738286718
120.51656,5409,.0737113495507438,49.5274710356128,12.42628446044542
88.578621,5410,.0426087423991452,36.40225945672548,7.071089529731569
125.33023,5411,.0443153197340019,51.5056962811724,7.360626311789447
93.088646,5412,.0523149485009914,38.25569878952248,8.724444206375185
170.08675,5413,.0099636366460245,69.89883036959,1.626618288248615
180.35213,5414,-.0142117322640919,74.11748970254439,-2.292276649508172
128.92041,5415,.0597170189822776,52.9811162231508,9.996142349199694
379.69049,5416,.0526920196356551,156.0375582075412,8.788998875677107
139.16957,5417,-.0114901991093615,57.19310978685159,-1.855826087711572
111.69848,5418,.0071310527616363,45.9035939369824,1.162533443034905
183.85052,5419,.0323243926964625,75.55518763713759,5.336675930651619
137.37137,5420,.0538774589382622,56.45412173063561,8.992104996949642
91.41658,5421,.069260751128403,37.5685467468104,11.64973850484159
163.24278,5422,.0930562134146755,67.0862332796664,15.84204929110291
156.65228,5423,.0612784190296821,64.3778021905264,10.26559996002559
216.52422,5424,.0547375032590713,88.9827674682936,9.139610655897274
113.09209,5425,.1094480397519315,46.4763117353492,18.78855877416294
116.11258,5426,.0897545149850956,47.7176119432904,15.25437479637028
134.26471,5427,.0740092101284787,55.17740910983481,12.47837904008603
119.49252,5428,.0595455166448229,49.1066316800976,9.966571079546343
174.83603,5429,.0028917829915011,71.8505939084764,.4704312786034908
117.77816,5430,.1031922856751264,48.4020985002208,17.65835427287646
138.57979,5431,-.016728465229338,56.9507338688252,-2.694827798622584
112.67599,5432,.1195789786094416,46.3053113292812,20.63394185100852
117.42452,5433,.0436367408740101,48.2567666482576,7.245439892396519
88.72204600000001,5434,-.0049597097022898,36.46120137751448,-.8036780594876718
147.31796,5435,.0688842470431557,60.5417711634448,11.58420401884236
179.3521,5436,.058629349194191,73.70651749374801,9.808686899371709
153.19983,5437,.0452546070631041,62.95898375282039,7.520196125898535
93.338905,5438,.0521635684244858,38.3585451981314,8.698534747700913
106.89496,5439,.0377992470156953,43.9295399342048,6.25776719118461
402.12622,5440,.1198149323807162,165.2577431160536,20.677144765772
201.7318,5441,.1143977185354537,82.90367632018399,19.68782305772967
182.66763,5442,.0737403439749296,75.0690673046844,12.43135478329486
108.93391,5443,.0892868758195874,44.7674665815308,15.17129572725186
135.60167,5444,.0711676767462649,55.7268460309996,11.98203813773929
164.09142,5445,.077807438377146,67.4349902722296,13.14403570343815
113.07851,5446,.0307903008712557,46.47073090017879,5.07948302985946
137.63969,5447,.015883700238061,56.5643904856372,2.600804729635408
130.62909,5448,.0572599654209658,53.68331515090919,9.572968950677057
172.10571,5449,.1029281297783563,70.72854192891478,17.61078558330509
75.64044199999999,5450,.0473539360257973,31.08518696746695,7.877380674609163
140.24071,5451,.092889916705066,57.6333053527148,15.81240345230618
161.8911,5452,.0460462503755451,66.530747029068,7.654800038782818
128.46924,5453,.0407523896421623,52.7957034540912,6.756702510255231
142.15408,5454,.0915805082178858,58.41962365831039,15.57914637842152
190.04951,5455,.0965884088234624,78.10272382365881,16.47290225936511
176.65202,5456,.081181635853575,72.59689294095759,13.73750347301788
109.80042,5457,.0322120163153237,45.1235674271496,5.317822458549642
103.91033,5458,.0976484181724903,42.7029767475604,16.66265589426468
144.27693,5459,.0502118378900381,59.29202983956839,8.364837319579228
237.30991,5460,.0456994366673716,97.5248521364108,7.595817837489898
99.005928,5461,.0370879902685454,40.68746429016864,6.13781992274067
114.1018,5462,.0261302012489201,46.891262035784,4.300625324389282
110.02512,5463,.0514299727032713,45.2159101121856,8.573031707064869
242.4583,5464,.0748642360174974,99.64063387300401,12.62800575222723
93.024719,5465,.069341048001112,38.22942735727372,11.66371821047141
115.78702,5466,.0208184922324495,47.5838198447576,3.417277055282333
94.066154,5467,.0669084848298071,38.65741535990151,11.24070606068754
153.65134,5468,.0852151560444249,63.14453624823921,14.44956829481461
87.142914,5469,.1046073537332092,35.81224148029032,17.91339108978545
98.459717,5470,.120519360096123,40.46299348315396,20.80618548326132
87.802048,5471,.0390657192676906,36.08311910983424,6.471558044270014
214.0231,5472,.0615875580949214,87.95490749322799,10.31899935002377
102.71923,5473,.0774693853003172,42.2134824344924,13.08468782125374
248.03888,5474,.0732421419240257,101.9340283601344,12.3442534598867
92.38603999999999,5475,.0610145788332166,37.9669559120752,10.22003836212497
170.06259,5476,.0783480180394795,69.88890157888919,13.23898042634393
168.14574,5477,.0899349687968603,69.10115313291119,15.28644395259396
156.36345,5478,.0322384833193365,64.259104648386,5.322262657484345
175.65527,5479,.0875126249222115,72.1872686805676,14.85644187506626
120.74481,5480,.099408137743852,49.6212726282228,16.97811001475574
374.19452,5481,.0694538986339987,153.7789350358576,11.68336743140603
352.48221,5482,.1067096695417903,144.8560467237348,18.29295712328807
115.29431,5483,.0368577689596953,47.3813358022828,6.099013372786412
122.16924,5484,.0304342115190775,50.2066562100912,5.019840491208932
217.50786,5485,.0818424213023601,89.38700404465681,13.85395980305436
94.28373000000001,5486,.0565169516171429,38.74683036675241,9.445205794227004
126.86231,5487,.0317668797849724,52.1353196941228,5.243162373972101
421.30865,5488,.0686469311701536,173.140952246962,11.54290937725894
109.22781,5489,.1001102166993411,44.8882476902628,17.10412239686048
161.72952,5490,.0522615915448603,66.46434413165761,8.715311448364313
284.5574,5491,.0487915309311112,116.941674957112,8.122409220181563
93.48949399999999,5492,.0958874846011324,38.42043123550072,16.34753934395052
145.22192,5493,.0960914450023389,59.6803828165696,16.38400935963669
97.442284,5494,.0888921510186098,40.04486933956592,15.10120058874954
66.944962,5495,.0777617070544869,27.51169355012456,13.13600603578937
99.24185900000001,5496,-.0031668791410061,40.78442246561693,-.5136252773901367
169.58841,5497,.0131590965648475,69.6940326229908,2.151736395348649
101.41145,5498,.0511913864072832,41.676037322626,8.532234368012372
149.18469,5499,.1282950887002837,61.30892230023719,22.23663967950725
173.20801,5500,.0923120557785594,71.1815430046388,15.70942607426657
322.4342,5501,.0661862173885468,132.507520139896,11.11530488977988
131.8118,5502,.0145337096306356,54.169361510584,2.378146765708455
242.39081,5503,.142197297780486,99.61289819070279,24.82203158878405
114.22729,5504,.0737145643792706,46.9428333911252,12.42684663779115
98.07756000000001,5505,.0509620974734403,40.3059422882928,8.493036013180102
163.37325,5506,.1175548187145625,67.13985121521,20.26373859282642
104.47677,5507,.0821693137893185,42.9357608619876,13.91159954579436
173.44153,5508,.069162554168521,71.2775103558164,11.63264391526134
131.08769,5509,.0315256785212612,53.8717813518772,5.202721011256245
118.7962,5510,.0918022086977902,48.82047209645599,15.61861846475176
140.36443,5511,.0820686998392506,57.6841493090684,13.89385665301248
198.63208,5512,.0891732171563515,81.62981576095041,15.15110941170063
93.99498,5513,.0929173471509238,38.6281657014024,15.81729315887978
168.40941,5514,.0830570969491566,69.20951092447081,14.06823417131072
119.49593,5515,.0544115327589187,49.1080330532884,9.083688731288921
120.21492,5516,.0670938347064108,49.4035090974096,11.27290139452523
117.00661,5517,.0929920273622682,48.0850224048068,15.83060621133092
126.58687,5518,.1337855618568516,52.0221249047756,23.25340986995291
283.83041,5519,.0460627917865621,116.6429112339508,7.65761372831123
205.07683,5520,.0991643010632672,84.2783494475804,16.9343657730351
195.53766,5521,.1275426915462837,80.3581332890808,22.09773911224744
109.7446,5522,.0732082714924099,45.100627646648,12.33833342275018
101.9817,5523,.0899372717642953,41.91038719419601,15.28685325938898
131.57535,5524,.0497979476874005,54.07219004695799,8.294156041303356
199.40839,5525,.1049093044586991,81.9488480253932,17.967858213304
96.342911,5526,-.0142969045530361,39.59307114341068,-2.305916516769846
91.965042,5527,.0685461915613255,37.79394262451495,11.52538293504418
127.44535,5528,.0834866829702014,52.374925742558,14.14407744372778
71.151695,5529,.0119815576140461,29.2404920389966,1.958033136481522
111.3583,5530,.0906050224605353,45.763793605004,15.40557247418404
92.70584100000001,5531,.0560380312948131,38.09838129265908,9.362904498786744
172.59196,5532,.0871040528672599,70.92837117056479,14.78401686093046
181.7988,5533,.0895207177163714,74.712013032144,15.21283436966197
149.82051,5534,.0783280251290725,61.5702188111388,13.23546805692526
201.48448,5535,.050115288240574,82.80203772266239,8.34834662846448
142.85631,5536,.0304056124991198,58.7082120148428,5.015051271648179
128.28914,5537,.0765342895957822,52.7216895797032,12.92062886364227
309.82263,5538,.0817766462047212,127.3246708460844,13.84236420033388
134.96059,5539,.0517022266362622,55.4633878711292,8.619597975040991
338.55365,5540,.1157168438537611,139.131967377562,19.9282356584957
107.58106,5541,.0703031595371666,44.21149950787279,11.83130940251972
142.28117,5542,.0507043672127427,58.4718525494596,8.44898616626732
195.51443,5543,.023549671766804,80.34858669106839,3.870891844812279
79.23297100000001,5544,.0899214791476507,32.56157225420348,15.28404645387068
112.75774,5545,.0902418525799042,46.3389072994712,15.34099476684156
98.090508,5546,.0686775140718458,40.31126339681904,11.54823046855068
229.46008,5547,.0213666827885913,94.2988869415904,3.508225305137871
66.43813299999999,5548,.1457560596959804,27.30340716510404,25.48965235586595
189.14008,5549,.087044982878187,77.72898457999041,14.77354834134037
105.14922,5550,.0485938234288807,43.2121108332936,8.088690389307601
97.122894,5551,.0040452552349305,39.91361286349272,.6584564217614586
84.091354,5552,.0683637256057408,34.55817274887752,11.4936424284418
93.82032,5553,.0825027353844093,38.5563874487616,13.97040995549049
64.83303100000001,5554,.0626150855414694,26.64377463979628,10.4966088160653
129.73535,5555,.0486009569640834,53.31602386775801,8.089906891186459
88.982437,5556,.1148832190451459,36.56821163162756,19.77626938719219
74.75400500000001,5557,.1067002450748764,30.7208969243194,18.29125378634748
242.52872,5558,.1041989653460262,99.6695736677536,17.83975045896567
141.55896,5559,-.0118590789545122,58.1750532145248,-1.915052727664865
191.70973,5560,.0291006120877242,78.7850076356324,4.7966602958562
96.34672500000001,5561,.0508571339278828,39.594638544393,8.475094847591812
172.8929,5562,.0322687339294096,71.052045436852,5.32733775158
274.41443,5563,.0752983012870296,112.7733212230684,12.70401471731805
206.5907,5564,.084316506405836,84.90048928111599,14.29067478868878
111.67336,5565,.0306536661167645,45.8932706247968,5.056595128879765
99.570549,5566,.0323700345041051,40.91950086857412,5.344333896929755
172.18378,5567,.0719105612085163,70.7606255667464,12.11166431882235
100.40238,5568,.0221608237919757,41.26135003651439,3.640066735628303
165.83972,5569,.0539971188019425,68.1534714304336,9.01262018809774
123.68851,5570,.1205011920471564,50.8310152269788,20.80285622384675
181.21573,5571,.0905102875034422,74.47239465491241,15.38872474590199
186.08519,5572,.0390297936938685,76.47354735217719,6.465489782097666
201.47638,5573,.0841402585288974,82.7987089476344,14.25952850654528
132.21016,5574,.0453573296040274,54.3330714883808,7.537656127636303
123.57137,5575,.1085007717921264,50.7828753866356,18.61696471641444
216.88951,5576,.1209414811176819,89.13288700285879,20.88355536554027
129.66986,5577,.0030295899530677,53.2891101052168,.492883502495172
132.89163,5578,.0159037868690794,54.6131283178044,2.604119947422735
116.04353,5579,.0344941138946738,47.6892351635764,5.701107396997089
138.37433,5580,.1181118563169249,56.86629805188039,20.36554175863518
330.47852,5581,.1116303839539006,135.8134129217776,19.18450143918189
81.460419,5582,.0934625868017413,33.47696401698972,15.91451452552615
101.76118,5583,.1358165151587833,41.8197623214584,23.63093490487671
87.201561,5584,.0816293165349416,35.83634304437268,13.81639397208052
217.51714,5585,.0745107492924396,89.3908177523432,12.56613122780568
207.12497,5586,.0584751444384002,85.12005281620358,9.78212683746866
88.28435500000001,5587,.0102108058201849,36.2813279366774,1.667176381463707
149.40372,5588,.0112973530367532,61.3989348427536,1.845587312339583
119.76933,5589,.1099368590966896,49.22038948448039,18.87717017682981
197.32681,5590,.1381655065426992,81.09340215838279,24.06853596012856
77.39400500000001,5591,.0455536907198089,31.8058310075194,7.571037098680034
264.62506,5592,.0460866166398731,108.7502829025928,7.661666411193805
177.7469,5593,.0962873527821196,73.04684469437201,16.41904649617047
237.56192,5594,.0354347551572031,97.62841813576959,5.859345584447696
130.39757,5595,.0352304060852191,53.5881697194916,5.824956563457272
244.33797,5596,.0913811861775631,100.4131028306436,15.54366607306807
136.39603,5597,.0841743373547862,56.0532961212764,14.26555044164538
148.49605,5598,.040175732577564,61.025918888474,6.659160132443831
102.36216,5599,.021816272449158,42.0667409901408,3.582852269354243
130.29758,5600,.0278651061245789,53.54707784109041,4.590161644842623
265.87881,5601,.0988670737817416,109.2655238521428,16.88105769380238
426.21945,5602,.0552927937999262,175.159094025666,9.234915604921456
135.51178,5603,.0476187150389853,55.68990484738639,7.922484046080236
102.91743,5604,.1015371837692914,42.2949346827084,17.3605138604083
193.60283,5605,-.025403922758236,79.5629957844604,-4.074726528927656
127.67479,5606,.0769178100189796,52.4692163774252,12.98789749559746
126.47166,5607,.0877000088793167,51.9747782170008,14.88966815682077
145.78018,5608,.0251250005577046,59.9098052791784,4.133098205589702
169.29059,5609,.0281305135684396,69.5716405515292,4.634499511383091
89.36142,5610,.051715323936792,36.7239584398296,8.621838454804269
190.61455,5611,.0783119481228294,78.334932594254,13.23264368740995
81.634186,5612,.0601960040651607,33.54837528245768,10.07875816038609
161.96799,5613,.0489580385704631,66.56234573424119,8.150812115318017
292.25497,5614,.1184009972925279,120.1050674006036,20.41840699204845
120.17583,5615,.0861758476390598,49.3874446757004,14.61958965572885
132.26022,5616,.0069468972878825,54.3536441399736,1.132407266430808
124.41473,5617,.0642377894494842,51.1294625110324,10.77746725552219
179.54933,5618,.0443727036449605,73.78757111088039,7.370370617494058
244.54578,5619,.0543944110553975,100.4985044033064,9.080751918383552
128.59612,5620,.0391830441595616,52.84784604366561,6.491377150379918
243.4306,5621,.0529402617663224,100.040210164328,8.83151127795206
122.64786,5622,.0239071120225224,50.40334982785679,3.930349937132558
123.30602,5623,.0418349918817416,50.6738271824776,6.939978241648546
287.8316,5624,.0322436259991625,118.287239796208,5.323125425418787
136.72533,5625,.0423347523153116,56.1886252097604,7.024650569319813
207.64946,5626,.032047649216527,85.3355971636648,5.290250279121094
104.09028,5627,.1300875902648181,42.7769289779664,22.56797602990791
92.254936,5628,.0519346271659126,37.91307742796769,8.659357754632552
170.40065,5629,.0654837312581169,70.02783067592199,10.99342503557897
121.04039,5630,.0348699053246178,49.7427441495532,5.764306581808016
97.063446,5631,.0368800711981602,39.88918212054648,6.102772290516578
115.3493,5632,.0763310086705085,47.403934486084,12.8849842998583
305.61758,5633,.0681038771857677,125.5965640026904,11.44845100281873
243.23857,5634,.0496209837721832,99.9612935385716,8.263944306603683
129.8325,5635,.0830812926342455,53.3559486201,14.07250504584445
199.4579,5636,.1062254699080357,81.969194649052,18.20546576966607
104.76044,5637,.1004596629313458,43.0523378511472,17.16687560843993
177.40111,5638,.0253591275684854,72.90473887746678,4.172102857575164
116.67026,5639,.0426925522390272,47.9467960491688,7.085297117536629
123.87965,5640,.0005628905832151,50.90956609844199,.0914636684122461
198.4967,5641,.0857317466880885,81.574180012396,14.54097321759358
156.23537,5642,.049112157551593,64.20646890695559,8.177105966408961
126.40533,5643,.0451954699941417,51.9475192481604,7.510145266973859
76.340836,5644,.0654305416797603,31.37302080165968,10.98420024283109
246.68242,5645,.0696742852236878,101.3765777213096,11.72174689173323
104.57395,5646,.0700771306883509,42.975697943126,11.79192271444374
144.33884,5647,.0382328489977204,59.3174723657392,6.330932265639563
147.1814,5648,.0561997080346966,60.485650482232,9.390683847282315
109.30261,5649,.0809456760107237,44.9189874892868,13.69593673018025
143.6349,5650,.1004368279483809,59.02818126781199,17.16277425489874
88.60305,5651,.088051867370492,36.41229879563399,14.95207532412807
122.13625,5652,.0815026920060399,50.19309864365,13.79407655625889
160.05759,5653,.1091277065947997,65.77724797948919,18.73051342699289
232.76428,5654,.0211617737070305,95.65678057708641,3.474223768755773
204.81578,5655,.0462858271957059,84.1710683709064,7.69555653583994
229.44185,5656,.1004549633498552,94.29139514297799,17.16603151672348
122.09888,5657,.081468140788178,50.1777410729344,13.7879874377914
133.00394,5658,.055031923807483,54.6592832219272,9.190135693336103
172.8746,5659,.0998776932601019,71.04452487104798,17.06237821452876
115.95097,5660,.0948327339519125,47.6511967170836,16.15905877345466
192.42213,5661,.0633342194878836,79.0777754541444,10.62102066382433
204.36259,5662,.0774763759077711,83.98482546288919,13.08591487435426
344.73624,5663,.0343582654152859,141.6727638220512,5.678266756251718
172.14571,5664,.0689271894801981,70.74498032411481,11.59167735396878
107.01695,5665,.0959414735549836,43.97967292996599,16.357192346883
126.0248,5666,-.010121339051932,51.791136685024,-1.635853483627401
119.77266,5667,.0678396370017738,49.2217579808808,11.40250782617539
140.93977,5668,.0730161591362413,57.9205909664276,12.30475889384371
122.06469,5669,.0412156566299537,50.1636903546372,6.835105547940621
243.64192,5670,.1027962351298411,100.1270542061696,17.58703894976106
181.11058,5671,.0875110130452229,74.4291822235304,14.85615608956481
195.11694,5672,.0541175778243413,80.18523424836719,9.033274871360124
158.75302,5673,.0548924635297232,65.2411220488376,9.16620128475706
125.55618,5674,.0413483333795558,51.5985526660584,6.857566375995699
93.565544,5675,.0526253292216132,38.45168473437472,8.777579688745369
187.2339,5676,.0560608544546991,76.94562107593201,9.366825709073987
180.24026,5677,.055101672891435,74.07151562076881,9.202107401234839
82.18332700000001,5678,.0403001396818668,33.77405020192077,6.680199016117377
77.056313,5679,.069165638079717,31.66705314372244,11.633180751526
309.7554,5680,.0613926676370914,127.297042013352,10.2853328638973
219.41574,5681,.0622373012117718,90.17106618051119,10.43128708422726
98.782906,5682,.071926027262805,40.59581119581128,12.11436401968632
166.29459,5683,.1250189315528857,68.34040475104919,21.63258847163588
113.80761,5684,.0763112987193767,46.7703617486868,12.88152861762392
103.30647,5685,.0644331317570798,42.4548145144236,10.81130794842896
156.18906,5686,.1497052525473287,64.1874373549128,26.23330415002282
111.98521,5687,.074274296185283,46.0214284633748,12.52475454354557
316.07861,5688,.0969927786197981,129.8956276361668,16.54526528710801
96.876762,5689,.1132590883108872,39.81246248630855,19.48056082338087
118.94376,5690,.0889025720064542,48.8811133363488,15.10305078978533
107.75054,5691,.0563381689649968,44.2811489883352,9.4144778185037
335.29694,5692,.0544411056435525,137.7935902267672,9.088761360707654
210.33235,5693,.0982618642289649,86.43815731611799,16.77256157990991
92.324074,5694,.0749941984949434,37.94149037215112,12.65075996026189
230.04878,5695,.1377185704786808,94.54081902294639,23.98519562036446
260.41556,5696,.0932014511048758,107.0203472877328,15.8679449561334
113.11193,5697,.060574485468995,46.4844651793684,10.14406699346373
105.05816,5698,.1027802973544376,43.1746888266208,17.58416968598063
147.2262,5699,.0744086215457971,60.504061484856,12.54825879893717
332.77155,5700,.0721805041567551,136.755756255414,12.15879062085369
186.79958,5701,.0855070223991341,76.76713298085039,14.50120497137451
98.06263,5702,.0734494981432721,40.29980665728439,12.38050055006552
168.04558,5703,.0263641291579114,69.0599913913304,4.339635996761714
97.09064499999999,5704,.0193078139888089,39.90035981832259,3.166903918996986
112.07397,5705,.0426257933535091,46.0579052623236,7.073979940277942
129.0307,5706,.0451117922695372,53.026440988316,7.495924525801104
68.746521,5707,.0465897602106623,28.25206202057748,7.747275278043707
133.36945,5708,.0522508673727255,54.809493167666,8.71347592141486
87.37661,5709,.0523578713355805,35.9082811604068,8.731791378352918
85.472275,5710,.0690994537865241,35.12567587732699,11.62165998924746
163.80499,5711,.0741787975881883,67.3172790338012,12.50804611643299
216.72813,5712,.0721596342685936,89.0665662974244,12.15514672814158
79.086868,5713,.0422009750141282,32.50152978285584,7.001981090928691
130.13963,5714,.0178872312183471,53.4821667280444,2.931807627809302
154.00807,5715,.0770017708328333,63.2911379662316,13.00262747871145
157.55678,5716,-.0002108429244238,64.7495154019864,-.0342464567826523
154.80237,5717,.0901936041432319,63.61756339891559,15.33241714877555
121.36951,5718,.1305639228202897,49.8779992652588,22.65612402174342
126.25545,5719,.0050707498480469,51.885924581346,.8258024135083766
89.576241,5720,.0775450144574098,36.81224125221108,13.09796337380761
141.63586,5721,.0691902391629893,58.2066560292968,11.63746327966203
148.99062,5722,.0332848947010378,61.2291673163256,5.497906565820039
171.41267,5723,.103616437123049,70.44373029367959,17.73476094730412
157.92639,5724,.0225764556414957,64.9014102832332,3.709110712211409
149.13316,5725,.0591072492911027,61.28774553762081,9.891025920018642
250.86209,5726,.0722852452185044,103.0942544029492,12.17707961024331
218.63623,5727,.083717857615146,89.8507188444524,14.18490473825444
97.296318,5728,.1057201675374233,39.98488316972183,18.11420646663686
86.643349,5729,.0461620366511592,35.60694030783812,7.674496230226095
146.39146,5730,.1136684512980514,60.1610168346248,19.55504905466316
99.995689,5731,.0398267021718517,41.09421635195732,6.600148453744695
168.28946,5732,.0822137221020186,69.1602162868648,13.91943135307329
72.386246,5733,.0331419994212288,29.74784296981048,5.473910242922611
95.60939,5734,.0785110356945124,39.2916234412732,13.26762211039785
96.397446,5735,.065797807955675,39.61548284046648,11.04790609428951
165.26514,5736,.036580315370221,67.91734210258321,6.052257128026686
92.85987900000001,5737,.0892970165864447,38.16168473065452,15.17309688684085
174.35298,5738,.0319117541188387,71.6520797384424,5.267457630498429
164.78772,5739,.1383313979896119,67.72114163667359,24.09947928182675
80.937538,5740,.0660123669432217,33.26208090397544,11.08513423311124
117.74072,5741,.0267681749743263,48.38671216231359,4.407037649738437
120.76814,5742,.0538239997102557,49.6308603222232,8.982940425648003
83.279945,5743,.015014081237759,34.2247162036066,2.457341435509383
228.58086,5744,.0551489108957565,93.9375627958968,9.210215789726325
194.42728,5745,.0975723266799547,79.90181165752639,16.64902795636202
138.17174,5746,.1296987541594077,56.7830416897912,22.49605086403522
106.50372,5747,.080065559439611,43.7687559907536,13.54098167303064
123.27126,5748,.0410252717680224,50.6595422170488,6.802880527492409
311.83536,5749,.0833046785172437,128.1518221253568,14.11194063891102
162.28937,5750,.0371997757900004,66.6944200204756,6.156665929284896
175.9713,5751,.1036094360347423,72.31714433144401,17.73349950765034
168.96101,5752,.0707351870925028,69.43619639427878,11.9066171982145
144.13681,5753,.0754369358706616,59.23444614118279,12.72829790634373
107.2214,5754,.0438971429882794,44.063693677432,7.289633010568702
145.37686,5755,.1085417204391817,59.74405694037679,18.6243790501809
112.54036,5756,.0229721162049844,46.24957284075681,3.774863763561448
100.01917,5757,.0557831923627118,41.10386610089959,9.319127110871419
126.90266,5758,.1110010905375378,52.1519019252808,19.07024007557044
121.71838,5759,-.0101474333955139,50.02137083859439,-1.640049599431208
220.15584,5760,.0544582005539532,90.47521758769921,9.091693714785706
202.20863,5761,.0727675929716335,83.09963431976439,12.26132778187934
140.87228,5762,.0437463901010226,57.8928552841264,7.264047176013247
178.8868,5763,.095189297207047,73.515297861584,16.22275324589124
123.05067,5764,.0877181081425518,50.56888857711959,14.89287778595463
119.66254,5765,.0853647463866845,49.1765030788952,14.4760317720182
156.11186,5766,.0967690085029495,64.1557112521768,16.50521742619834
117.74129,5767,.1207100860350574,48.3869464094452,20.84113928896317
105.87568,5768,.056299472411592,43.5106567477184,9.407827634908132
123.0144,5769,.0743067098984678,50.553983062272,12.53042600699227
276.41519,5770,.0388434395244705,113.5955533125772,6.434015816256482
106.02754,5771,.0317086390260946,43.5730651150952,5.233396458613435
115.29903,5772,.0267101307237203,47.3832755329164,4.397353215109029
224.47235,5773,.0648256283034687,92.249130019318,10.87932321781424
100.29389,5774,.060645967135833,41.2167649991332,10.15640428293652
94.70285800000001,5775,.1390030010578422,38.91907515933704,24.22480421340271
111.82081,5776,.0496065642185565,45.95386665910279,8.261482798886531
161.36513,5777,.0651538075437587,66.3145944609844,10.93621351206157
110.7185,5778,-.0376507060380995,45.50086147378001,-6.002406810065898
154.71843,5779,.107167253087972,63.5830674265884,18.37567808673811
102.70409,5780,.0870085984808105,42.2072605019092,14.7671005223338
98.545441,5781,.1567198383362935,40.49822260790707,27.56144667203363
198.2289,5782,.0869291002559019,81.464124956532,14.75301315238038
315.12573,5783,.0319165532134763,129.5040321857124,5.268262493292501
243.33858,5784,.0408028669368682,100.0023936361704,6.765243495410603
269.45895,5785,.0379271032711332,110.736817756926,6.279338085258916
318.4043,5786,.06227511122569,130.851392919484,10.43782360673507
141.27917,5787,.0346062873466842,58.0600707496996,5.719969818419338
241.73355,5788,.0546311860533604,99.342790699974,9.121369386389366
78.577141,5789,.0894186551512337,32.29205243610308,15.19470323149425
102.4771,5790,.1079289641184625,42.113976718748,18.51346253523369
238.55414,5791,.0822683317889052,98.03618074790319,13.92906274171258
227.68103,5792,.0899403321169965,93.5677687670764,15.28739717785511
198.22267,5793,.0602247688653902,81.4615646764796,10.08372080068288
104.83695,5794,.0992813773459723,43.08378039156599,16.9553678987303
115.55645,5795,.0173444019285555,47.489064825226,2.842061415747045
144.29675,5796,.0976566241272772,59.30017506439,16.66412563749242
436.18027,5797,.0918491939182109,179.2525914175676,15.62698495021664
142.27914,5798,.0606130746686889,58.4710183009032,10.15072713890207
106.10583,5799,.0848669783716125,43.6052391641004,14.38798879124374
79.88690200000001,5800,.0147754826277541,32.83031165949176,2.418001012189457
116.48809,5801,.1282150878688218,47.8719314878292,22.22186570399564
174.23512,5802,.0721505237752209,71.6036440069856,12.15355605537366
115.2315,5803,.0506069901048794,47.35552341221999,8.432345958272519
167.51118,5804,.0987493065902843,68.8403744314584,16.85994038518629
130.63724,5805,.0728972462172085,53.6866644739312,12.28398030111898
274.4241,5806,.0806796867033707,112.777295205108,13.64909174797748
114.10273,5807,.0647324412814827,46.89164422847239,10.86317253056004
88.881241,5808,.0759212857965258,36.52662413561108,12.81316291482451
87.844444,5809,.0576544775219052,36.10054216490672,9.640844925963854
376.91617,5810,.1514710264926417,154.8974239932596,26.56675909001067
217.63495,5811,.0401666104772894,89.43923293580599,6.657617567856938
124.12042,5812,.0756066677120182,51.00851290874959,12.75803266527759
109.36152,5813,.0448600099087396,44.9431971358176,7.45314215692439
117.67681,5814,.0927046880189677,48.3604477163828,15.779388399217
328.12024,5815,.0935371622326328,134.8442544559712,15.92781614893005
198.92305,5816,.0371400658343872,81.74939275723401,6.14659912009776
135.64595,5817,.0237847622229937,55.745043334486,3.909995372474528
176.72794,5818,.074158600757205,72.6280930150472,12.50451268486474
86.70935799999999,5819,.0439693481512639,35.63406735855703,7.301889063156115
158.57556,5820,.031851785281786,65.16819310853279,5.257400499652441
265.45129,5821,.0470527197188418,109.0898302842452,7.82608496726366
192.46117,5822,.0592211980120856,79.09381932785961,9.910664340194449
107.59409,5823,.0621234468955577,44.2168543151092,10.41160566148308
185.3073,5824,.053939671709818,76.153865771124,9.002770814216813
76.791206,5825,.055654806155138,31.55810480281528,9.297076571278859
93.703384,5826,.0747912626663308,38.50833144423392,12.61523066228339
111.16698,5827,.0803153757610636,45.6851687607624,13.58495096625257
278.39401,5828,.0568442078595245,114.4087689423188,9.50146665873284
127.86648,5829,.1091084702572174,52.5479932768224,18.72702833560762
146.6237,5830,.1146170373979629,60.256458157156,19.72777227779207
149.75642,5831,.0048620979819354,61.5438803924296,.7917395180686886
82.018959,5832,.0520957157161496,33.70650154836492,8.68692268960319
166.85843,5833,.0499939588939551,68.57212036978841,8.327625819688894
173.4563,5834,.0599123149729073,71.283580233244,10.02982241294597
239.58878,5835,.0533831435218272,98.4613762781464,8.907382665127427
146.2851,5836,.0845511627697931,60.117307141788,14.33215145887368
97.890747,5837,.0538173922064425,40.22916964023036,8.981807728386384
125.57903,5838,.0880666301361849,51.6079430993164,14.95469419309636
115.06913,5839,.0519262500723756,47.2887958565044,8.657924415808443
97.61573,5840,.0957016916205727,40.1161486869124,16.31432430543185
219.62285,5841,.0213901475559119,90.25618008125799,3.512119369960088
530.27948,5842,.0913540789853745,217.9235914672624,15.53884140554718
98.100037,5843,.1016108532507226,40.31517943351555,17.37376041841304
135.2558,5844,.0508296216370751,55.584707337304,8.470392549587919
202.8963,5845,.0851200701514869,83.382239100444,14.43274905702313
198.69336,5846,.0207516700966756,81.6549993823968,3.406194252744207
146.83763,5847,.0682524705997322,60.34437480428439,11.47429212460312
132.77083,5848,.0627163889267808,54.56348436430039,10.51412912418608
100.10975,5849,.1014429626975769,41.14109084683,17.34357332954592
201.85159,5850,.0746428938962828,82.95290520420919,12.58925933718697
88.282219,5851,.0881661699531942,36.28045012637372,14.97235325794425
99.872131,5852,.0772017815035808,41.04343897110427,13.03772209026959
90.536903,5853,.0326275172474765,37.20703479245164,5.387541936780541
112.4646,5854,.1075830256037103,46.218438520248,18.45087337141314
121.82082,5855,.0715435674129402,50.0634695687016,12.04761540197347
137.21222,5856,.1160924524615531,56.3887174657336,19.99674892675172
249.91734,5857,.0652879736485024,102.7060000563192,10.95947675634418
159.53893,5858,.0722044402381561,65.56409952812839,12.16296996603848
194.62697,5859,.1283559060182055,79.98387623596359,22.24787177316022
141.45515,5860,.0595028606691329,58.132391469382,9.959216915660118
101.45029,5861,.0580760477553642,41.69199900436519,9.713405866372923
161.00414,5862,.0681626753299948,66.16624205390319,11.45867582872165
93.242828,5863,.106821760359896,38.31906140574064,18.3132171585494
154.73009,5864,.0488331715296111,63.5878592187892,8.12951183551664
179.33128,5865,.022976658491858,73.69796130904641,3.775618776867765
117.287,5866,.0592481968046803,48.20025144556,9.915317757940894
109.26652,5867,.0838897106228273,44.9041559472176,14.21526147299572
222.46764,5868,.0533620262739594,91.4252746382832,8.903764243808029
77.827568,5869,.0666814087452716,31.98400800597184,11.20127100379453
139.68634,5870,.0385636548962082,57.4054815240392,6.386773086334458
105.96597,5871,.0175630499268469,43.5477623152836,2.878204728883346
201.71321,5872,.0489799823582201,82.89603657601479,8.154555642250658
98.461365,5873,.1026320503176451,40.4636707450362,17.5574830923085
85.12898300000001,5874,.0794495058045075,34.98459663820204,13.43259916799938
78.186584,5875,.1061403805028664,32.13154917824992,18.19009510870627
104.21015,5876,.0692918773883287,42.826190738782,11.65515746125323
110.58155,5877,.0717862874129439,45.444580518214,12.08997303114547
184.73283,5878,.0110134849650034,75.91778164886041,1.798957498355383
131.25189,5879,.1469515366400562,53.9392609641732,25.71445648007249
118.79591,5880,.0801637792326722,48.8203529180908,13.55826768345851
302.40851,5881,.1317564217971953,124.2777649805788,22.87698682334627
87.846413,5882,.0412153262236594,36.10135134491044,6.835049617225859
118.87885,5883,.094067933962301,48.854437930538,16.02251574228484
151.7318,5884,.0729032758759247,62.35568232018399,12.28503385150213
293.63943,5885,.063125090522564,120.6740249160684,10.5848316393131
458.84741,5886,.0465270243507792,188.5678765519108,7.73659854694604
113.30427,5887,.0194358382585897,46.56350920268761,3.188107430089617
106.47367,5888,.0695411845582979,43.75640664635959,11.69856692123192
92.26599899999999,5889,.0853132865707406,37.91762387712011,14.46692775859438
86.819878,5890,.0786685722292064,35.67948664449465,13.29530521563277
122.98394,5891,.0893965457691767,50.5414652243272,15.19077580352249
117.30983,5892,.0722201225724976,48.2096336596204,12.16570822489396
116.05907,5893,.065127483166418,47.6956214801116,10.93164945855529
113.04814,5894,.0382649106670244,46.4582500486232,6.336343543124359
246.91429,5895,.1068528181509943,101.4718669886852,18.31883115077078
85.82442500000001,5896,.0878590981216073,35.270395399069,14.91788220388357
127.66679,5897,.0262144178183976,52.46592869838521,4.314668535780203
219.76494,5898,.0533924474243996,90.31457337060719,8.908976904665957
185.17819,5899,.1347661735660168,76.10080674101719,23.43559576786211
106.88543,5900,.0564991286500716,43.9256234865484,9.442142254393284
102.2062,5901,.1102317046627909,42.00264768725599,18.93063966117784
148.05635,5902,.0551493281243642,60.845219829238,9.210287408591258
120.00201,5903,.0114170636912014,49.3160116293588,1.865255646358866
81.769424,5904,.0892295266087232,33.60395267470912,15.16110994969637
200.55948,5905,.0655889020961351,82.42189983366241,11.01166650385492
151.31718,5906,.1339248043984888,62.18529013473839,23.27926858298801
165.36223,5907,.0492489539669968,67.95724219733239,8.200447853208326
89.15815000000001,5908,.140950542892237,36.640422625022,24.58870282662354
165.40082,5909,.0292635993475114,67.9731011391016,4.823920536361949
79.40662399999999,5910,.0830958636479124,32.63293667024512,14.07507708202473
339.06326,5911,.0682541532237218,139.3413966420088,11.47458476313549
109.0759,5912,.0786188310642589,44.825818774892,13.28656397904463
125.26978,5913,.0332767970633125,51.4808537564264,5.49654664247897
124.9553,5914,.098926519894694,51.351615093364,16.89171815987737
134.90622,5915,.0477431196972902,55.44104398245359,7.943679689233649
110.66856,5916,.0689007970507063,45.4803381373728,11.58708420285458
186.53041,5917,.0940084637600196,76.65651490995079,16.01190264650771
109.04493,5918,.0744199158927335,44.8130913474084,12.55023522798118
109.92151,5919,.0026051899507112,45.1733305590188,.4237479632375735
192.56479,5920,.0123101250767459,79.13640299062519,2.01205901338587
143.54437,5921,.1178648574086175,58.99097706987559,20.32039369546185
194.63521,5922,.0815305173054435,79.98726254537479,13.79898048842982
131.9696,5923,.0756772627204217,54.234210979648,12.77040145708008
161.6897,5924,.0952925829466686,66.44797970923599,16.24120787730375
240.59196,5925,.0365468806709231,98.87364301056479,6.046623616498223
220.03224,5926,.0568934993696823,90.42442294653121,9.509942295772072
108.50166,5927,.0167397016474307,44.5898291734008,2.742143390295289
102.10243,5928,.0738962926620036,41.9600023805084,12.45862841731165
125.97105,5929,.0445437728502276,51.76904759147401,7.399423030054107
117.4864,5930,.1075129688271279,48.282196845632,18.43820093707543
102.89964,5931,.0500273774177181,42.2876237064432,8.333332834708068
95.45631400000001,5932,.1074086230764156,39.22871534668232,18.4193276826
107.21711,5933,.0849219249453479,44.0619306595468,14.39770534383045
237.00403,5934,.0828690803873548,97.39914772831641,14.03505015747756
128.52269,5935,.1194467552825081,52.8176692596772,20.60973633996045
122.86146,5936,.0820778583550312,50.4911308582248,13.89547164907258
89.6735,5937,.0609760190385775,36.85221079918,10.21338061905922
81.337189,5938,-.0062394711908638,33.42632143097732,-1.010406197144987
114.26894,5939,.0746976565020994,46.9599498701272,12.59884485085491
104.44814,5940,.0577807210368739,42.92399508062319,9.66257083265765
80.709991,5941,.0133906674265566,33.16856821616108,2.189856274712593
202.09869,5942,.0498615908687256,83.0544533905572,8.305022676092541
80.534981,5943,.0757835845548678,33.09664612756228,12.78903151321025
137.71584,5944,.0822509708488877,56.59568508049919,13.92600077442844
80.05424499999999,5945,.0801157345513966,32.8990829186906,13.5498119367002
158.08391,5946,.0376588451409929,64.9661446835308,6.234082876624871
102.07861,5947,.0774036382653043,41.9502133161668,13.07314774126752
137.46512,5948,.1029587229552819,56.4926492193856,17.61629410085267
139.58821,5949,.0457205377584963,57.3651540310148,7.59940589094927
114.9453,5950,.071032389227244,47.237906694564,11.95844213262002
85.363258,5951,.0901267748041723,35.08087426408904,15.32053689724418
123.98856,5952,.0945918108851175,50.9543237389728,16.116034474951
180.15671,5953,.0602211183090792,74.03717992279479,10.08309098141761
97.702095,5954,.0895715170704831,40.1516412369486,15.22185942704832
168.35765,5955,.0976435591113494,69.18823964108201,16.66178560851023
153.44768,5956,.0915312558532146,63.0608401590784,15.57037855696116
101.43356,5957,.0611283997296634,41.68512364557279,10.23969220183071
89.20277400000001,5958,.0844310347089759,36.65876129870712,14.31091701547955
104.76624,5959,.049290870947979,43.0547214184512,8.20760088316084
209.86896,5960,.056909933789899,86.24772261732478,9.512768274482749
123.39674,5961,.1083394788522531,50.7111094627912,18.58776329328057
150.38414,5962,.0784735030449101,61.80184812830321,13.26102732935729
107.16604,5963,-.0078967994083367,44.0409429384752,-1.277732270400431
82.850098,5964,.0572946190684654,34.04806633206824,9.578930052803107
132.04388,5965,.0636884154533042,54.2647370795344,10.6823302837436
102.19535,5966,.0944641164259665,41.998188772558,16.09323486469037
281.06473,5967,.0952893606441765,115.5063277130324,16.24063210198118
383.77029,5968,.0541234559048802,157.7141923259652,9.034282828744805
125.43993,5969,.0728902569369362,51.5507785800084,12.2827590859022
120.75764,5970,.1162247342715511,49.6265452434832,20.02088405228332
250.69324,5971,.1098010066171455,103.0248638272112,18.85253898435427
93.231117,5972,.1061182662811757,38.31424865458596,18.18610058102201
120.84328,5973,.1540880312529486,49.66173984760639,27.06204769888154
225.59512,5974,.0737027788642338,92.71054344378561,12.4247857125773
121.12823,5975,.0583347125889949,49.7788428654124,9.757942569255276
95.34163700000001,5976,.0686931043630436,39.18158770052356,11.55094307178194
135.11328,5977,.0931101822796079,55.5261373352064,15.85167142066185
181.43863,5978,.0828754633413312,74.5639976121644,14.03617661567622
83.449074,5979,.0475599582083133,34.29422143715112,7.912474173590891
204.17078,5980,.0074088817641208,83.9059992483064,1.207994265079421
108.4932,5981,.0673703562439527,44.586352452816,11.32094436915643
160.34743,5982,.052460881481192,65.8963605911084,8.749425080513216
155.37991,5983,.0450207954438745,63.8549091680108,7.480461279181035
163.65456,5984,.0518662801540623,67.25545833905281,8.64766378371446
101.98071,5985,.0492884834000003,41.9099803439148,8.207193445903858
249.25504,5986,.0726229491122736,102.4338213277952,12.23605962565149
100.48374,5987,.0784870820942686,41.2947857323512,13.26341324630362
99.942329,5988,.0317316886865817,41.07228753276052,5.237261399196852
200.8149,5989,.0480966148972287,82.526867206212,8.003921394092549
99.382988,5990,.0830710168471395,40.84242082252143,14.07069121404955
229.6833,5991,.170512738041572,94.390621406004,30.20032319153382
220.7505,5992,.0633463753818172,90.71959898993998,10.62312443083453
101.06487,5993,.0452940046467715,41.5336068474156,7.526892417609735
172.69162,5994,.084282957894543,70.96932743220559,14.28474571894998
109.8642,5995,.0643981905855859,45.149778448296,10.80525432746635
102.46966,5996,.0889119501998492,42.1109191772408,15.10471586368877
120.48177,5997,.0751634625418992,49.5131737413876,12.68039963541129
174.5049,5998,.0467663892527769,71.71451276341199,7.777338570481458
137.76862,5999,.0354428635895317,56.6173755429656,5.860710262392448
164.27484,6000,.1576146572651752,67.51036853341921,27.73154280580615
186.63684,6001,.0627470038098844,76.70025336997919,10.51942428351044
195.774,6002,.0495519790147146,80.45525954711999,8.252165085712567
146.53603,6003,.0327253628283886,60.2204293044764,5.403964268134545
99.971397,6004,.0240792509038347,41.08423331455236,3.958991814437975
157.58209,6005,.0556888968634286,64.75991679654919,9.302931429722195
208.1046,6006,.0533619743065473,85.52264144344799,8.903755339333225
165.47266,6007,.1174535235652271,68.0026244968808,20.24523217090659
163.07809,6008,.1138078484443766,67.0185522970292,19.58042090443673
207.81279,6009,.0527588056427025,85.4027192408652,8.800435193908305
212.18587,6010,.0176998005579062,87.19987967289561,2.900814125223505
116.31436,6011,.0492157510665246,47.8005354278768,8.194782072523576
152.11617,6012,.0614048589354012,62.51364296925961,10.2874386657292
128.18515,6013,.102033489099749,52.678953861782,17.44977371005481
121.17133,6014,.0971819502404467,49.7965552362404,16.57912808890662
134.32019,6015,.1006741665825495,55.2002091639772,17.20540682690556
148.18385,6016,.0844998292368364,60.897617213938,14.32307717192654
173.59586,6017,.0234922852626983,71.3409337940968,3.861347915871343
194.34651,6018,.0358736329790397,79.86861842801879,5.93322619145294
85.424736,6019,.0771662595171504,35.10613925559168,13.03148875861092
174.63708,6020,.0652904997107538,71.76883344035041,10.95991478366671
114.46676,6021,.09625363157916,47.0412459535888,16.41301513689099
165.37988,6022,.0764609062442214,67.96449563921441,12.90776052667875
109.32585,6023,.0796682176943094,44.928538196898,13.47106957363372
148.89128,6024,.0637166405295971,61.1883425618464,10.68721684309251
117.34081,6025,.0576779929651725,48.2223651967028,9.644891613709914
79.483131,6026,.0361887408378788,32.66437797778428,5.986291388228369
141.69336,6027,.097546016427029,58.23028622239681,16.64431604806295
149.82138,6028,.0792751797844193,61.5705763462344,13.4019420560206
192.73329,6029,.0933582362337056,79.20564973040521,15.89590373414669
139.82425,6030,.0690235808925236,57.46215700109,11.60845366115676
274.98077,6031,.0998953945413755,113.0060642415076,17.06555572708077
136.80264,6032,.077603601926324,56.22039651808319,13.10824820640022
205.81587,6033,.089845153768725,84.58206523729559,15.27048184753537
82.59245300000001,6034,.0630218745117835,33.94218457378565,10.56697326455494
78.57111399999999,6035,.0690876587574439,32.28957558090632,11.61960689747283
105.95014,6036,.0401985397280496,43.5412568203832,6.663016926742641
171.56229,6037,.0779032196614541,70.5052181109252,13.16085451066906
130.007,6038,.0600708792090279,53.42766111916,10.05717268537583
102.24597,6039,.0059714027550721,42.0189915616836,.9729176450577344
158.76093,6040,.1391770285626709,65.24437274148841,24.25729246327752
301.49994,6041,.0745632833764806,123.9043791624072,12.57532544113622
80.83957700000001,6042,.0480438836543761,33.22182286317076,7.994933725531645
147.24985,6043,.0475296090095198,60.513780686018,7.907304084053393
182.83189,6044,.0401298728507082,75.1365715745732,6.651405307451522
138.25008,6045,.0562650375842185,56.81523628679039,9.401910065237189
224.61522,6046,.0397820821847499,92.3078438573736,6.592605895627408
178.51489,6047,.015173230532908,73.3624577726132,2.483587380142601
276.87531,6048,.0949546832582464,113.7846441725628,16.18084056239303
141.18726,6049,.0650826085647071,58.0222994271288,10.92386949135466
114.99751,6050,.0550609555201999,47.2593629098988,9.195118584707878
94.239761,6051,.0545304803550085,38.72876087178868,9.104092694140228
130.96123,6052,.0608402920927028,53.8198113654524,10.18994801524356
184.4796,6053,.08547927925026,75.813714278448,14.49629603556808
254.6245,6054,.0667317246481498,104.64045396506,11.21000831814304
187.88573,6055,.1273345271915619,77.2134970545124,22.05932819774976
152.66769,6056,.0582721883754517,62.7402955622772,9.747176144700022
343.53537,6057,.0751043046397494,141.1792544309556,12.67003997802507
136.21208,6058,.1291392597485137,55.9777000513504,22.39260714748326
145.4324,6059,.0513151224841947,59.766881652112,8.553391546271953
149.64407,6060,.0383702758838364,61.49770904991161,6.354128007160733
109.35609,6061,.0524462293264066,44.9409656236692,8.74691675333144
270.45544,6062,.0618869714051315,111.1463351677472,10.37073449311437
120.46483,6063,.0910882138000785,49.5062120810204,15.49152838125666
140.66017,6064,.0600569796587798,57.8056865839796,10.0547750199662
146.70703,6065,.0447564165396229,60.2907034439564,7.435542900687017
200.92291,6066,.1058616536106615,82.5712549828508,18.13975467793837
105.5739,6067,.0900212476395041,43.386637275132,15.30177894988832
106.54241,6068,.0428392113300755,43.7846560285108,7.11016188332457
217.73869,6069,.0927344388419308,89.4818659137572,15.78469075634505
123.47891,6070,.0285425071999837,50.7448780361308,4.703348773950008
238.70024,6071,.1013278876614428,98.09622198637121,17.32288551340892
242.90826,6072,.0211183505363912,99.82554938060881,3.467019250594057
168.18907,6073,.0451996145232561,69.11896002451159,7.510849646355381
80.23822,6074,.0905636068003133,32.97468926261359,15.39820688904502
130.14085,6075,.0490910364590961,53.482668099098,8.173502310401673
88.026779,6076,.0750487901234387,36.17547453462652,12.66031890316821
230.58408,6077,.0889383711528199,94.7608058467104,15.10940691930083
107.0207,6078,.0624949011577929,43.981214029516,10.47582536198487
120.41074,6079,.1015728221612462,49.4839832611112,17.36692190129693
85.000168,6080,.1017258092115233,34.93165884125984,17.39443267505273
122.56857,6081,.0854994039771189,50.37076481897159,14.49985693690641
110.34821,6082,.0637690472890034,45.3486871398148,10.69629030181933
256.15515,6083,.0833674905836586,105.269489705382,14.12303080064722
164.28557,6084,.0411563493383668,67.5147781329316,6.825066388720968
163.86678,6085,.0737335383014659,67.3426722447864,12.43016464603667
200.91382,6086,.0492822617576395,82.56751935754158,8.20613172148691
223.59253,6087,.0541229893111093,91.8875592976964,9.034202818287923
116.51942,6088,.0435595577864157,47.8848068608696,7.232343279816023
159.62105,6089,.0746074850577017,65.597847553474,12.5830617394136
130.89314,6090,.0233226258813401,53.79182910722319,3.833135127883255
78.53887899999999,6091,.0680220745070258,32.27632828917451,11.43422675541841
95.176491,6092,.0930510029916151,39.11371932018108,15.84112035027129
223.82925,6093,.0863729560364985,91.98484172049,14.65449372173167
199.94672,6094,.0968729476925454,82.17008005759359,16.5238181798049
151.28029,6095,.0166728883573268,62.1701298247652,2.731107161203585
105.08696,6096,.0381326354028941,43.18652447116479,6.314019618320807
150.04973,6097,.0329816863285199,61.6644190348324,5.446993037696329
156.91287,6098,.0323853176262001,64.48489422565559,5.346898238812226
123.76421,6099,.070611319931587,50.8621248898948,11.88502227895152
404.746,6100,.0652813545018212,166.33436759048,10.95832898025944
169.93796,6101,.1743602409254594,69.83768364904481,30.94294865196136
145.64311,6102,.1011820453413284,59.8534750084268,17.29666987518745
72.717163,6103,.0758469359063985,29.88383658042044,12.80013308395021
115.54172,6104,.0558872426831873,47.4830113861936,9.336999999375388
171.98201,6105,-.0013625477242748,70.67770619175879,-.2211863284681229
163.72032,6106,.0752939947543018,67.28248306076159,12.70326044034337
84.434105,6107,.0774630584085155,34.6990296587074,13.08357727677554
99.358688,6108,.0876671975771229,40.83243449743744,14.88384971938702
176.96245,6109,.0062181182862107,72.72446721650599,1.013239992618676
128.03575,6110,.0785598720185176,52.61755645571,13.27620340629814
259.44702,6111,.0367912520260537,106.6223162055576,6.087802812998908
202.57924,6112,.0493727196618209,83.25194016089119,8.221569029709814
152.4912,6113,.1260884374133706,62.66776525305599,21.82956426511114
161.31892,6114,.0269112297962761,66.2956040049296,4.43090813418705
112.19373,6115,.1372183843482918,46.1071218175524,23.89196987858613
109.19703,6116,.0872977980617525,44.8755983451564,14.81835717143395
223.22165,6117,.0713553003869745,91.73514249740199,12.01476756666653
107.35847,6118,.0023676377393004,44.12002394818359,.3850630781258077
90.932922,6119,.0704949736079602,37.36978271316936,11.86474097357814
239.89729,6120,.0891498351832324,98.5881615107252,15.14695694735069
129.53714,6121,.0696654061354713,53.2345675099432,11.72020046981234
126.3103,6122,.0564456492768673,51.908465730764,9.43295016260482
127.43481,6123,.0552241441825937,52.37059422542279,9.223130350410479
148.96918,6124,.0596687607211148,61.2203563364984,9.987820911635893
128.37791,6125,.0843491002075989,52.7581704882508,14.29643532194021
162.86493,6126,.1049613529328438,66.9309520890084,17.9772485947351
138.16362,6127,.0754109247071329,56.77970469556561,12.7237415427503
399.07538,6128,.0482078398047452,164.0039702757544,8.022880449554657
151.02608,6129,.035668869333284,62.0656597136704,5.898752284265447
115.05835,6130,.0807521977556101,47.284365708998,13.66186087163383
117.99135,6131,.0535271165804092,48.489711037038,8.932054354941974
117.81115,6132,.0629548259856383,48.415656066662,10.55537355471939
143.728,6133,.0773390026227642,59.06644163264,13.06180347517163
194.8479,6134,.024242658473007,80.074669602252,3.986185466479719
78.00501300000001,6135,.0398252330033865,32.05693078187844,6.599900100297304
214.18785,6136,.0534599249697259,88.02261313345799,8.920539740785534
156.8168,6137,.0320134706215981,64.445413309984,5.284517472434451
75.659042,6138,.097358866527889,31.09283082123496,16.61080291333266
199.77011,6139,.0988866901370332,82.0975004331868,16.88457542297156
117.49646,6140,.0633211186486805,48.2863311020248,10.61875338793147
268.41382,6141,.0563912950205588,110.3073112575416,9.423608198676412
150.52844,6142,.084253386814737,61.86114963898719,14.279519750512
125.92384,6143,.0368982497647735,51.7496461755392,6.105836248402898
145.97369,6144,.0574907170891383,59.9893301255572,9.612666622880811
245.16493,6145,.0560462841635526,100.7529502130084,9.364322400523667
110.84148,6146,.0646135837470173,45.5514013198224,10.84257494826126
126.08768,6147,.1011954122320841,51.8169778422784,17.29907245875347
279.57581,6148,.0607431521485701,114.8944413285028,10.17317922408885
193.46208,6149,.072518653765387,79.50515318135038,12.21784230810458
113.65705,6150,.0789894152821872,46.708487629154,13.35169884373511
182.46375,6151,.0624087667309631,74.98528080435,10.46093169455457
81.93512,6152,.0635450978770976,33.6720470829856,10.65752008413444
147.76662,6153,.0334894096004932,60.72615242320559,5.532256602614198
130.02464,6154,.0975947200076637,53.4349104514432,16.65303847942655
173.75955,6155,.128724068260531,71.408203816854,22.31588068919985
277.96851,6156,.0755197075981199,114.2339055133788,12.74279778055655
88.799881,6157,.0314106741161215,36.49318843977428,5.183442063414089
175.78481,6158,.0793434887377026,72.24050442342279,13.41395428587303
231.26537,6159,.0597651543650292,95.04078870335559,10.00444299821801
85.99443100000001,6160,.0240825833178867,35.34026104442828,3.959546337437073
115.82029,6161,.089506918742876,47.5974924799652,15.2103829112237
230.45584,6162,.0678726797980239,94.70810435169919,11.40825228002197
95.02192700000001,6163,.1275548034506246,39.05019971728876,22.0999742718843
140.33331,6164,.0983079360875869,57.6713602376028,16.78081858817934
156.65704,6165,.0472096873944838,64.3797583595552,7.852813889427055
192.09483,6166,.0573737788550349,78.9432682854204,9.592547852372546
117.14349,6167,.0788745935513949,48.14127459318119,13.33151489101924
108.03141,6168,.1102240287301368,44.3965752898308,18.92924745067142
162.90619,6169,.0776411779508706,66.94790829365719,13.11484486796211
206.31123,6170,.0812539297475035,84.78563832345239,13.75024074578981
78.02780199999999,6171,.0910994642377207,32.06629614658376,15.4935302397056
336.44608,6172,-.0002105398509456,138.2658406632704,-.0341972348311804
85.383156,6173,.0467422861850141,35.08905154378128,7.773235774990907
216.12886,6174,.0507715672032918,88.8202903701368,8.460470527067594
132.8007,6175,.0403220451995113,54.575759735916,6.683903799348494
172.53569,6176,.0908100537378949,70.90524645811719,15.44204083964055
113.24214,6177,.0292731036220749,46.5379762653432,4.8255102996156
110.48112,6178,.1005494348693961,45.4033078174656,17.18300030568432
121.9875,6179,.0938570680521629,50.1319683615,15.98488730623535
211.00732,6180,.0831789534100656,86.71554290632159,14.0897445797847
114.39037,6181,.0283029463519935,47.0098527283556,4.663311723707472
144.02171,6182,.0238725860793164,59.1871446589948,3.924605821442014
176.14326,6183,.0726609700938848,72.3878129924088,12.24270124106991
125.41457,6184,.0332554420598645,51.54035663745159,5.492960320028278
180.70923,6185,.0607126750487846,74.2642434756924,10.16791844782964
234.92703,6186,.0744961337875173,96.5455840575564,12.56357339205029
193.4127,6187,.0474380448908397,79.484859982476,7.891706774889247
196.11456,6188,.0872043273192946,80.5952160438528,14.8017891463081
86.17395,6189,.0894853271840481,35.414036151126,15.20654712789639
132.75101,6190,.0923669228879139,54.5553391394788,15.71920107970819
94.342545,6191,.0628276474722808,38.7710009720946,10.53337321139211
105.79935,6192,.0879180442261927,43.479288180078,14.92833727590191
152.40259,6193,.0820848919682842,62.63135009808919,13.89671195371687
133.05019,6194,.0292175851782124,54.67829011637719,4.816224041020567
134.38518,6195,.0175860793087833,55.22691744657839,2.882012029909094
342.99173,6196,.0932058998099276,140.9558402017924,15.86873821302147
293.78497,6197,.0844114000966156,120.7338360170036,14.30744654465832
175.12389,6198,.0246489386134291,71.96889281953318,4.053816288977908
113.71559,6199,.0449309901101264,46.7325452205292,7.465201884353355
478.6008,6200,.0859519958402817,196.685727335904,14.57995819565159
258.25827,6201,.1328922896503425,106.1337876482076,23.08760602693397
158.20731,6202,.0793131415169323,65.01685713272281,13.40861758119518
122.01696,6203,.0384883663573907,50.1440752395648,6.37406257859703
130.25365,6204,.109821909875532,53.529024373562,18.85632870236897
160.73782,6205,.0707032577963172,66.05679521866161,11.90105040985399
119.79955,6206,.0579419095036822,49.232808692054,9.690314585807672
102.13837,6207,.0295284679256505,41.9747722785956,4.868230293893729
123.75105,6208,.1281907877118449,50.856716657874,22.21737836060933
113.53632,6209,.0646207812798291,46.65887244284161,10.84382218511799
107.01123,6210,.0974830983195953,43.9773222394524,16.63304853470093
165.6198,6211,.0862397370349483,68.06309313362401,14.63090247234395
123.3011,6212,.0417642491644675,50.671805259868,6.927996016416368
106.21102,6213,.0734240231882172,43.6484680338776,12.37604697267747
79.819756,6214,.0492683072749391,32.80271734738928,8.203750410461971
88.34581799999999,6215,.0355415509143243,36.30658676378184,5.877320576420742
193.39075,6216,.0809074187087383,79.47583941310999,13.68919823861716
155.42293,6217,.0277474883104485,63.87258866204841,4.570516663414904
117.38737,6218,.021982803924135,48.2414994887156,3.610503188647897
207.14142,6219,.0342434357158292,85.1268131062296,5.658962490155525
147.26744,6220,.0226729542131554,60.52100947030719,3.725144977569922
292.54251,6221,.0609392068678851,120.2232348044988,10.20702486067606
146.10587,6222,.0265047644741815,60.04365080249561,4.363093248348031
169.70746,6223,.0902979967576689,69.7429573967048,15.35097661256043
175.90529,6224,.0668721335195129,72.2900168697652,11.23439252617534
84.86546300000001,6225,.0235961275619217,34.87630049062444,3.878618292612247
172.47519,6226,.0850383426564097,70.88038338537719,14.41829399315153
115.80135,6227,.0813779832300506,47.589708899838,13.7720995514574
97.40134399999999,6228,.0696276389960578,40.02804464207872,11.71362292843529
296.60675,6229,.0533900792942418,121.89347438719,8.908571120126261
157.31709,6230,.0750817100549253,64.6510124283492,12.66608340449504
202.40742,6231,.0853768558001837,83.1813290343096,14.47817417702191
217.26215,6232,.0492665457855916,89.286027092542,8.203449817374285
182.62505,6233,.041750037615604,75.05156863299399,6.92558900191645
193.50648,6234,.0424325727779793,79.5233998000224,7.041228835196438
170.87619,6235,.097984979274761,70.22325853725719,16.72294621202129
132.88362,6236,.1302688496216418,54.60983652916561,22.60151413449205
149.89842,6237,.0892925495050285,61.60223669538959,15.1723034607158
242.83983,6238,.0762588543196612,99.7974273960204,12.87233404169608
212.34045,6239,.0921893582746352,87.263405851146,15.68756849319033
76.011398,6240,.096750445698409,31.23763500071224,16.50189566655725
253.46655,6241,.0856828428639274,104.164582972014,14.53231821059602
95.82527899999999,6242,.0851706017098102,39.38034515880651,14.44168711645254
194.57423,6243,.0917872577370834,79.96220221189239,15.61595628458821
256.10022,6244,.0799952682040178,105.2469156791736,13.52861193957292
131.23152,6245,.0767066080646815,53.93088971141759,12.95084994936063
391.91302,6246,.0839562796091345,161.0605276696376,14.22702186056449
160.03674,6247,.0198914222326283,65.7686794659912,3.263583737620452
106.01958,6248,.0614783082122091,43.5697938744504,10.30012609580415
126.65221,6249,-.0133734906967871,52.0489770233348,-2.157974937869267
105.84726,6250,.0994196617596057,43.4989772679288,16.98017768438293
107.99471,6251,.0001469263399643,44.3814930622348,.0238689855790169
169.83461,6252,.073587128036909,69.7952109454468,12.40456321752024
123.88649,6253,.0432106901163387,50.9123770640212,7.17315918035568
187.58775,6254,.0588975495093025,77.09103922947,9.854891191788949
69.34766399999999,6255,.1258915319494379,28.49910767572032,21.79328345964183
80.116302,6256,-.0084196400807186,32.92458585596376,-1.361974275747629
134.75563,6257,.0818949896931414,55.3791575341244,13.86322772156642
109.57964,6258,.0466742927766438,45.03283570484319,7.761662550927576
220.30908,6259,.0138855773639408,90.53819307971038,2.271355135254231
98.455658,6260,.0228887480877174,40.46132539700104,3.76100702730262
345.37845,6261,.0860128834241425,141.936686366586,14.59073705579013
101.26234,6262,.0739433500912468,41.61475909491919,12.46685905653177
111.74249,6263,.0369385752788322,45.9216802813012,6.112633224961286
98.204048,6264,.101527267223689,40.35792378159424,17.35873083432844
112.45968,6265,-.0006049611479849,46.2164165976384,-.0982423001363722
114.89584,6266,.118871518996336,47.2175806188992,20.50446774355256
110.2953,6267,.0998995257779683,45.326943252564,17.06629732308305
171.16264,6268,.0191583950915345,70.3409779948832,3.142160440404548
104.41898,6269,.0334487460264656,42.9120114905224,5.525426245982612
289.76358,6270,.0730921866402049,119.0812060651704,12.31804507450917
100.22247,6271,.0579738163057109,41.18741424450359,9.695806913673213
203.18214,6272,.0607705970538056,83.4997078725432,10.17791673810458
123.9958,6273,.0954214890344386,50.957299088504,16.26424291141581
142.55467,6274,-.0050887731054472,58.5842500766396,-.8245385016368709
155.32657,6275,.1091061017654748,63.83298856801159,18.72659923516343
94.230858,6276,.0255076871752998,38.72510209597704,4.196857047976175
136.40059,6277,.0662364885234066,56.0551700983292,11.12403010828142
114.23635,6278,.0471259738101678,46.94655668763799,7.838558369456919
95.38681800000001,6279,.0619148601379036,39.20015527886184,10.37555413093795
119.59218,6280,.0692708161525186,49.1475879417384,11.65149076652468
183.74814,6281,.0831341523622459,75.5131135646232,14.08183588162954
286.60544,6282,.152793316659101,117.7833372297472,26.81685083647505
145.91393,6283,.0814681012536846,59.9647711631284,13.78798047056808
75.39465300000001,6284,.0722698494263412,30.98417754952164,12.1743912084494
86.39415700000001,6285,.1462411473736745,35.50453239342116,25.58083853780885
175.42844,6286,.135683238352315,72.0940506509872,23.60613714802179
98.987999,6287,-.0016488720102533,40.68009619048012,-.267627873895481
100.04921,6288,.0569424946486697,41.1162113356948,9.518367410119248
95.12314600000001,6289,.0922890932056055,39.09179666538248,15.70533527116854
90.343575,6290,.0575306107111463,37.127584740771,9.619530704347403
258.07385,6291,.0349354897397302,106.057998427138,5.775338755624834
173.74632,6292,.0559744230984642,71.40276681764159,9.351976549436609
120.49991,6293,.119945623914515,49.5206285536108,20.70107865051898
102.20628,6294,.046010442926765,42.0026805640464,7.648709360877189
113.19447,6295,.0555404267700255,46.5183858078636,9.277434110589153
97.752647,6296,.0754203233187465,40.17241608080236,12.7253878795639
246.28516,6297,.0865511706618804,101.2133197993808,14.68605799077363
142.75894,6298,.0652608287860222,58.6681968513272,10.95476981967557
165.4026,6299,.0601226636476608,67.973832647688,10.06610576830649
178.55821,6300,.0860078424309084,73.38026055461479,14.58984462953767
111.25736,6301,-.00365399566508,45.7223113147168,-.5924847973526517
214.97604,6302,.0655113328813857,88.3465276012752,10.99821224291753
97.081619,6303,.0888035208631207,39.89665049444572,15.08546546969821
198.69843,6304,.0816225118649643,81.65708294898839,13.81519458560314
102.37636,6305,.0578359119392078,42.0725766204368,9.672069785340822
86.10256200000001,6306,.0240598256110982,35.38469854721256,3.9557594282912
89.146805,6307,.071670276890885,36.63576028518339,12.06972648370523
145.89745,6308,.0420599526792017,59.95799854430599,6.978087175274947
83.988167,6309,.0711196917952206,34.51576703173996,11.97366853658677
89.61769099999999,6310,.0970254796050693,36.82927553923707,16.55111849250531
389.34766,6311,.063704706842401,160.0062676318808,10.68515076733974
113.40248,6312,.0826422748244687,46.6038695725024,13.99502837434711
140.97023,6313,.0975249069334396,57.9331088043724,16.64053563439631
121.10363,6314,.1205598882824561,49.76873325236439,20.81361241204849
219.94044,6315,.041506134476528,90.3866968295472,6.884284381461525
223.85257,6316,.0213781886309073,91.99442530489159,3.51013473075858
76.304474,6317,.0584382037024576,31.35807747850312,9.775764812764006
236.90898,6318,.1639941760753971,97.3600859917224,28.94864634827473
259.08408,6319,.0705426590140188,106.4731624267104,11.87305313205765
108.01968,6320,.0514124200878619,44.3917547304384,8.57002994561442
122.69787,6321,.0604806812726534,50.4239019314556,10.12787831267958
235.42848,6322,.1067856766010837,96.7516598893824,18.30669489364643
173.10178,6323,.038224745425382,71.13788673658638,6.329564595182517
132.91988,6324,.066177695594105,54.6247379344144,11.11382586343602
541.90106,6325,.0112617438208234,222.6995945894728,1.839737210132446
110.44968,6326,.0556857310610411,45.3903872388384,9.30238771525068
113.56432,6327,.037924483476253,46.6703793194816,6.278896066552997
249.03131,6328,.028106252734356,102.3418772738428,4.630446108395135
136.26703,6329,.0416243206862223,56.0002822967564,6.904297775717666
165.73795,6330,.0692877876967296,68.111648043446,11.65444545280257
196.31909,6331,.0303559712785592,80.6792696681092,5.006738630006786
106.85204,6332,.0741201978211895,43.9119015361552,12.4977942956885
114.79324,6333,.0763886051294809,47.1754161352112,12.89508289179381
111.35862,6334,.0783683470164975,45.7639251121656,13.2425519081993
207.89314,6335,.1099260615658154,85.43573986722319,18.87521237162823
107.18836,6336,.0743001055670209,44.0501155629968,12.52927042486137
181.31026,6337,.0596970891099545,74.5112426923688,9.992705682953096
345.87155,6338,.0889449630280911,142.139330683414,15.11057732991953
99.100632,6339,.0781128988034299,40.72638383464416,13.19767894617507
123.57276,6340,.0419911346970222,50.7834466208688,6.966428323171465
136.72546,6341,.0658435494254159,56.18867863454479,11.05584202869488
122.05984,6342,.0385126513846142,50.1616971992192,6.378162368014591
115.34434,6343,.1046076211301845,47.4018961250792,17.91343931668494
94.718102,6344,.0349194794727529,38.92533983174776,5.772645548313871
221.04399,6345,.0624452168087153,90.8402116051212,10.46723419019606
87.48275,6346,.1116929978461272,35.95190044207,19.19587423270724
118.4941,6347,.071576010508241,48.696321116708,12.05327652640336
101.92617,6348,.0223909246776601,41.8875665920596,3.678287113584662
114.74741,6349,.1095482965599494,47.1565818439108,18.80672943493753
91.145004,6350,.0507644707137919,37.45693990643952,8.459257712982879
104.45366,6351,.0637809090292776,42.9262635791608,10.69834405348388
367.41821,6352,.1005316873991739,150.9941434914148,17.17981241761808
140.20787,6353,.0423212645286106,57.61980943025561,7.022364834171102
154.16811,6354,.031299405804655,63.3569079854268,5.164791531798213
316.2319,6355,.0896009199889004,129.958623676172,15.22708338456186
194.2505,6356,.121034308302731,79.82916216993999,20.90057389194921
136.02339,6357,.0191195271605736,55.9001560315932,3.135724592608275
90.169044,6358,.0731967595132979,37.05585950195472,12.33632134926351
166.32257,6359,.1025309329959659,68.35190340849161,17.53928279297761
80.48996,6360,.0326469205774052,33.0781443028048,5.390798449878838
269.86249,6361,.1312968949244884,110.9026565069012,22.79184663310337
88.551453,6362,.061990202230136,36.39109449870564,10.38857517221741
81.00945299999999,6363,.0084670131555377,33.29163508374563,1.381250719517801
89.395927,6364,.0466797061578473,36.73813943240876,7.76258393896798
165.7148,6365,.081214262426963,68.102134322224,13.74325174994612
154.39621,6366,.0622307776317857,63.4506479340548,10.43015932526149
168.16367,6367,.0752815968607098,69.1085216435596,12.70108900263301
90.08828699999999,6368,.0573568172187557,37.02267161492556,9.589629863876695
323.17096,6369,.0557867976771131,132.8102989410848,9.319746370339963
107.73128,6370,.0664154589473168,44.2732339010464,11.15509634653585
139.19649,6371,.1026150310494544,57.20417282682121,17.55441963299813
128.44556,6372,.0230684572161305,52.7859719241328,3.790878182322159
120.79916,6373,.0579994826673042,49.6436082977008,9.700225160632101
77.625092,6374,.1108951720599416,31.90079849330896,19.05101543237471
100.29718,6375,.0614409716647568,41.2181170571384,10.29367656479428
141.08453,6376,.0502859545673204,57.9800815186564,8.377497536780924
161.181,6377,.0556534109610316,66.23892441828001,9.296836959975131
123.6133,6378,.0493624130046818,50.80010693440399,8.219810052196129
102.33664,6379,.0866271653241892,42.0562532940032,14.69951940487725
206.62436,6380,.0395819784732534,84.9143221906768,6.558784523073021
115.86087,6381,.0889306989277909,47.6141692318956,15.10804469850164
104.13651,6382,.0353959931897305,42.7959276532188,5.852821960605931
112.84119,6383,.0696474231312971,46.3732019014572,11.71706851102623
98.024033,6384,.0785185290813786,40.28394483879604,13.26893878691016
397.86508,6385,.0553447571697059,163.5065855329904,9.243836826841559
251.27084,6386,.0941612563730388,103.2622342538992,16.03917140031787
193.01865,6387,.0898551670968786,79.322921241762,15.2722613650823
112.48383,6388,-.0019262401623065,46.2263412787404,-.3126040641724468
179.05965,6389,.0474672708350628,73.586332276842,7.896685055530241
146.50694,6390,.0147574454141509,60.20847448156719,2.415027396502837
150.48914,6391,.059133980758376,61.84499891570319,9.895632736918239
157.89349,6392,.0359220394394001,64.88788970318122,5.941376911109462
447.62744,6393,.0307855592708228,183.9569190271072,5.078688704589712
137.77437,6394,.1003763833685609,56.6197385622756,17.15191835588523
132.53268,6395,.0555259007181046,54.4656142688784,9.27493970118257
111.3568,6396,.1323167744583462,45.763177165184,22.98086076390324
93.324806,6397,.0802678501079443,38.35275107478328,13.57658529690332
135.47211,6398,.0920765036863937,55.67360206894679,15.66746671663587
96.564964,6399,.0248935198471367,39.68432601764432,4.094543393712492
71.59813699999999,6400,.0142107747625607,29.42396178974356,2.324928695314507
82.66141500000001,6401,.0811480659099491,33.97052518903021,13.7315891851983
147.26254,6402,.0667917378959383,60.51899576689519,11.22043014320488
133.47133,6403,-.0135716240305053,54.8513617602404,-2.189729701702576
184.80034,6404,.031153245012599,75.94552555035921,5.140295558164008
124.73872,6405,.0532741236350589,51.2626094025536,8.888703027153444
171.85384,6406,.0177689719654878,70.6250334639392,2.912251621254558
104.79891,6407,.062120433631638,43.0681474777308,10.41108480414847
109.76166,6408,.0740583526628559,45.1076386222008,12.4869753568393
187.32191,6409,.0666923164422769,76.9817896549708,11.20316507891256
186.69128,6410,.0318696741649487,76.7226260258464,5.260400508693692
80.51152,6411,.0720234923235408,33.0870045978176,12.13137814377186
156.26501,6412,.1350181620093556,64.2186497577988,23.48244105937247
116.54932,6413,.0605578643717327,47.8970945612816,10.14119842220117
71.543938,6414,.0838675729444807,29.40168817520744,14.21135070095916
145.66183,6415,.1012234280982697,59.8611681773804,17.30410817376582
119.06717,6416,.0405163767981693,48.9318298951396,6.716773796106796
166.87239,6417,.0415589691162792,68.5778573697132,6.893230991452119
187.52113,6418,.1129859975752187,77.0636610822644,19.43088582498086
195.52373,6419,.0486386695736373,80.35240861795239,8.096338273075471
121.87903,6420,.0876268819601733,50.0873915433164,14.87670080110376
215.43735,6421,.0943407789193576,88.536107503518,16.07121594417444
417.30786,6422,.0729101054347573,171.4967880686568,12.28622717452862
227.33678,6423,.0659434010802006,93.4262958283864,11.0731670922457
225.38797,6424,.1090395744411374,92.6254131046436,18.71454687266142
151.61469,6425,.069841327937364,62.3075548086372,11.75084236089361
150.95338,6426,.0668425368640973,62.03578293039441,11.22925231685425
134.77266,6427,.0254541034669381,55.3861561808808,4.187928077732623
92.255608,6428,.0256820607165601,37.91335359300703,4.225917254570486
181.20169,6429,.0802190362614595,74.4666247781972,13.56799328811626
129.9809,6430,.050565312254547,53.416935066292,8.425224367831859
77.15117600000001,6431,.0361938257876557,31.70603803081888,5.98714784754764
255.22409,6432,.0594268480044262,104.8868613995092,9.94611262212887
96.747108,6433,.082152094307181,39.75917989402704,13.90856282807538
149.20494,6434,.0136578131654343,61.3172442378072,2.23384325538726
86.577271,6435,.042088103692296,35.57978490088748,6.982856632344014
145.10229,6436,.0507256274318032,59.6312196861252,8.452619417047325
387.44662,6437,.0767338517988247,159.2250164616056,12.9556284120901
97.046944,6438,.0375106410436201,39.88240046060672,6.209086016819222
86.660179,6439,.0838623107137646,35.61385676261852,14.21042110470801
147.16853,6440,.0951744894931386,60.4803614285764,16.22010762639096
97.092865,6441,.0799274476621747,39.90127214925619,13.51667781879728
160.83783,6442,.0856588030009062,66.09789531626039,14.52806378677863
295.77045,6443,.0521173442411961,121.549788639546,8.690624028738327
126.86246,6444,.0631544543196426,52.13538133810479,10.58991248337272
78.157791,6445,.0729049712188637,32.11971641042508,12.28533007657658
170.15433,6446,.0483237296058968,69.92660303828039,8.042636911795579
120.53221,6447,.0616102169095531,49.53390255773481,10.32291398831953
161.31746,6448,.105189905476952,66.2950040035048,18.01848893346509
132.81381,6449,.0964649100985814,54.58114741994279,16.45080767346998
112.708,6450,.0559128335911777,46.31846615504,9.341396075156604
124.59354,6451,.0032741354834782,51.2029462471752,.5327337445897667
82.355423,6452,.0924343172691487,33.84477475342924,15.73120865080255
170.3817,6453,.0306904439258468,70.02004298619599,5.062755529489169
132.5408,6454,.0733741111443857,54.468951263104,12.36732158844364
426.43707,6455,.0534792591388889,175.2485271147516,8.923852954571647
96.30886099999999,6456,-.0380531662260155,39.57907795949668,-6.06535546264886
313.64697,6457,.1102077404844811,128.8963211535636,18.92629323050778
87.478279,6458,.0522769090799061,35.95006304044652,8.717933199872583
174.03912,6459,.067296889185303,71.5230958705056,11.3081788738458
93.740509,6460,.0651922048625335,38.52358832977892,10.9428709568463
79.880821,6461,.0413498958280179,32.82781261246148,6.857830900427417
196.06053,6462,.0787319946108478,80.5730118815364,13.30645134405157
267.07776,6463,.0427459682016725,109.7582442002688,7.094352904462732
126.49299,6464,.0348188614402577,51.98354399124121,5.755720819987329
91.366409,6465,.0938548750551923,37.54792847867093,15.98449601370344
148.10191,6466,.1176217127554728,60.8639431613708,20.27596102858712
221.36377,6467,.1155494318664191,90.97162835554759,19.89770699562326
120.2114,6468,-.0057731458708008,49.40206251863199,-.9351082924788238
140.05193,6469,.0756396104992324,57.5557243465684,12.76380438787855
180.02142,6470,.0711831141045023,73.9815811606296,11.98473082838004
311.0275,6471,.1029203250734451,127.8198240767,17.60938031805068
247.69481,6472,.0663383289151282,101.7926293942228,11.14170719587839
253.48906,6473,.0857388465214497,104.1738336789128,14.54222978247748
332.8201,6474,.0829281142025446,136.775708357588,14.04546866840738
103.72673,6475,.0576949527982582,42.6275245135924,9.647810229229444
123.16994,6476,.0967364857968052,50.6179037620072,16.49939762357117
220.1279,6477,.1061152923361955,90.46373536865201,18.1855633992616
158.11589,6478,.0661120047560577,64.9792871804932,11.10242511027569
101.02187,6479,.092369340535624,41.5159355725756,15.71963181492823
176.9333,6480,.0693035811000488,72.71248773600399,11.65719507393165
151.47307,6481,.0797381210463618,62.2493546704316,13.48336702306741
90.164238,6482,.0596839235855879,37.05388442877144,9.99043548454074
230.32477,6483,.0672994568318312,94.6542398402276,11.30862500736994
218.25864,6484,.0678392814613994,89.69554450336321,11.40244601690386
215.13672,6485,.0849468912259365,88.41256063479359,14.40212046664501
315.15213,6486,.0500728783543158,129.5148815265444,8.34110351833521
113.25576,6487,.0925089823073531,46.5435735389088,15.74451257053238
121.86909,6488,.0848535178406678,50.0833066021092,14.38560856124107
204.73276,6489,.015357757917236,84.13695048166879,2.514023756317643
156.89621,6490,.0349080817727188,64.47804763405479,5.77072828182213
172.2921,6491,.0698374148672063,70.805140740948,11.75016072745864
128.30858,6492,.0244570722433889,52.7296786397704,4.021874113481806
171.59784,6493,.0580235636746741,70.5198277346592,9.704370605387917
134.11473,6494,.0697641022242268,55.1157733470324,11.73739059630318
163.07185,6495,.0622056658112952,67.015987907378,10.42581820691677
183.80922,6496,.0527303456283146,75.53821499409361,8.795561657774991
111.98734,6497,-.0152285003922746,46.0223038079192,-2.455030575891663
193.798,6498,.0669114081134978,79.64320282424001,11.24121378970072
123.95543,6499,.0163921092496158,50.9407086381484,2.684736086545179
138.36319,6500,.0620434274598992,56.8617199588172,10.3977744451116
183.64362,6501,.0144828918354769,75.4701600379656,2.369771104728186
283.71313,6502,.0783448409034554,116.5947138592244,13.23842226002352
147.62454,6503,.0970127189913685,60.6677632434552,16.54883442561723
225.84319,6504,.066344773220437,92.81249026121721,11.14282583569653
207.71555,6505,.0744871405467828,85.362757502134,12.5619995181888
154.59242,6506,.0506131222666758,63.5312823721096,8.433393799954372
221.302,6507,.1019403298614686,90.94624336375999,17.43301576825029
128.22169,6508,.0616331965570818,52.6939703357972,10.32688414573836
197.43755,6509,.0436458106843112,81.138911855494,7.246978946070029
239.17476,6510,.0256921744300849,98.2912306686288,4.227602910055977
133.10577,6511,.117701511622615,54.7011312665076,20.29054241811482
218.96579,6512,.1081819834756723,89.9861547825052,18.55925394794267
194.82527,6513,.052849354820967,80.0653695801676,8.81594189555913
331.88364,6514,.0748903474371899,136.3908608683632,12.63257717804616
77.131508,6515,.057300708911414,31.69795527189904,9.579977645709263
219.49139,6516,.037162629189636,90.20215529543319,6.150403121806213
283.85849,6517,.0490508331797723,116.6544509873812,8.166643084400635
206.65073,6518,.0843086418710028,84.92515920271241,14.28928486190791
116.72663,6519,.1043290721369987,47.9699618576044,17.86320806296815
282.30182,6520,.1071141640478647,116.0147220709816,18.36607882378542
140.49373,6521,.0740325472791097,57.7372864215524,12.48246126647162
218.03056,6522,.0348651273516534,89.60181277393281,5.76350289127093
134.55214,6523,.1025440943757716,55.2955313081432,17.54165163061784
221.17039,6524,.0584682097765906,90.89215693395319,9.780932514980508
196.48253,6525,.0716698636005761,80.7464369508964,12.06965435908579
211.45723,6526,.0613154796979601,86.9004378659324,10.27200079411005
212.08598,6527,.0829703827316461,87.1588288904824,14.05292875610564
83.757515,6528,.0927425252108072,34.4209783134982,15.7861319812443
157.02122,6529,.0925780016795623,64.52942172865359,15.75681142123457
303.72003,6530,.0245680050644727,124.8167470823964,4.040341613786645
103.94588,6531,.0852134549478284,42.7175863712944,14.44926738283676
78.743385,6532,.0709660428595575,32.3603720503938,11.94687157962228
136.20695,6533,.06292054828408,55.97559182716601,10.54944365184177
174.39124,6534,.0498155917810094,71.6678030634512,8.297168579453045
189.68704,6535,.0972387526382058,77.95376319595519,16.58929729349673
199.94333,6536,.0883747952505085,82.1686869036004,15.00937055889562
109.19897,6537,.0310362387799201,44.8763956073236,5.120688354124646
168.81203,6538,.0478436790233163,69.37497159135638,7.960814572915428
77.85195899999999,6539,.0674395845167192,31.99403172840492,11.3329741994251
89.465172,6540,.0808203299344193,36.76659634929936,13.67385972381465
680.81262,6541,.0270616431570159,279.7866726176856,4.456010165830289
147.41725,6542,.1001205029331533,60.58257536993,17.10596927540931
105.97185,6543,.091376823094034,43.550178759378,15.54288950179375
129.4538,6544,.0536127945904378,53.200318113544,8.946738102315171
141.03444,6545,.1244182559186938,57.9594965382672,21.52205163898506
177.31128,6546,.0887571130507623,72.86782235144641,15.07722692892977
115.85918,6547,.0773376787080768,47.61347470969839,13.06157112124739
118.77888,6548,.0866904743695306,48.8133542713344,14.71073451671939
79.331146,6549,.0435622424413514,32.60191824042248,7.232798801576545
378.64633,6550,.0379303179741811,155.6084503392404,6.279880480023115
102.18919,6551,.0315952427850182,41.9956572596972,5.214383604364408
123.50583,6552,.1008239483238827,50.7559410761004,17.23231697155983
186.22652,6553,.0610641083887646,76.5316283120176,10.22859052331705
135.71506,6554,.086237880701027,55.7734447717928,14.63057376338841
163.94931,6555,.038408180237954,67.3765887636828,6.36052629431953
88.388351,6556,.0255272806889313,36.32406612035788,4.200122150500867
121.49554,6557,.0281853778532036,49.9297925389352,4.643666378994711
130.68457,6558,.0220081803941539,53.7061152050516,3.614717107105237
123.16087,6559,.0783571498698673,50.6141763558956,13.24058473648283
165.77583,6560,.0951341599171579,68.1272152037004,16.21290234326104
277.5636,6561,.057036948295732,114.067503748368,9.534610604827169
342.32996,6562,.0237572875823611,140.6838792820048,3.905424932154098
91.249916,6563,.0577314439227928,37.50005452937008,9.65409015004318
136.98511,6564,.0883623315740535,56.2953843673868,15.00715885724042
99.89192199999999,6565,.0853484382364133,41.05157227808935,14.47314656487649
220.36121,6566,.1061084927177455,90.55961641825479,18.18433519457594
101.31066,6567,.0012085750354551,41.6346166763208,.1964438699640431
135.85329,6568,.052968883173761,55.8302517560052,8.836413480615706
158.71312,6569,.0392641746906862,65.22472474962561,6.505083484462744
84.881142,6570,.0890807484334104,34.88274393058296,15.13468822217257
129.3634,6571,.0690103135953549,53.163167340392,11.60614447719188
131.15215,6572,.1050982774390556,53.898271825742,18.0019543110223
204.30315,6573,.0705660754596958,83.96039800762199,11.87713505446048
156.08105,6574,.047982324643652,64.143049578274,7.984442025743755
210.21808,6575,.0674990110968482,86.3911969306304,11.34330144915144
169.92332,6576,.1351823428126371,69.8316671964016,23.51296903931536
139.16063,6577,.0539113815005454,57.1894358055244,8.997920631322263
348.30038,6578,.0867451964746843,143.1374823687544,14.72042903581988
91.198151,6579,.0800944852528559,37.47878119118187,13.54607224154043
226.86209,6580,.0767714043094311,93.2312172829492,12.96221521421905
152.8251,6581,.0326149648619169,62.804984756988,5.385435269779661
60.451965,6582,.0320783462132729,24.8433322821642,5.295399281210329
210.17909,6583,.0435177087337779,86.37517360490921,7.225242654179045
130.89391,6584,.0688936523346137,53.7921455463308,11.58584080802408
98.52531399999999,6585,.0665259726649463,40.48995121840232,11.1742824353623
305.40262,6586,.0656881098406061,125.5082240668856,11.02887545548446
145.51808,6587,.0618784724132627,59.8020926946304,10.3692657523955
155.15161,6588,.0691221091709028,63.7610870274068,11.62560354752243
99.16422300000001,6589,.0327247289306472,40.75251718437324,5.403857870025833
183.23836,6590,.0596531248909892,75.30361443699681,9.985124825528448
103.62494,6591,.0612630813198379,42.58569290740719,10.26295101794074
102.52152,6592,.0415370218046712,42.1322315566176,6.889514545751857
156.67764,6593,.0685936242521489,64.38822413308318,11.53363494402829
179.33044,6594,.0191572952030009,73.69761610274719,3.141978314711352
276.40979,6595,.0681559632523406,113.5933341292252,11.45750858758325
94.904388,6596,.0419606716332849,39.00189590395344,6.961267655663916
213.88025,6597,.0409003805469423,87.89620187436999,6.781744457506187
117.77811,6598,.0510989109750559,48.4020779522268,8.516424042091375
176.40607,6599,.0560830418819029,72.4958173584716,9.370637780945357
146.94482,6600,.0461657752299605,60.3884255938216,7.675132231031434
102.74776,6601,.0139205717482415,42.2252071198688,2.277119331819585
85.35684999999999,6602,.095026255146319,35.07824083317799,16.19362550278932
89.971565,6603,.1015300351730174,36.9747035558122,17.35922851854205
107.82468,6604,.1199860785207017,44.3116175538384,20.70848784307833
174.34149,6605,.1067831063024683,71.64735780942119,18.30623031221141
82.07592,6606,.083937997248784,33.72991023408959,14.22379193554469
241.54851,6607,.0666474279784609,99.26674668377879,11.19537052082939
151.0764,6608,.0605415497029719,62.08633921483201,10.13838278262331
151.30023,6609,.1080604369458339,62.17832436477239,18.53725502561489
147.15776,6610,.0643228631973323,60.47593539066879,10.79220444114455
122.62907,6611,.110625230264269,50.3956278917116,19.00202908307869
331.49307,6612,.0579206915723759,136.2303522680316,9.68666230063571
145.83624,6613,.1188877775488602,59.9328436900512,20.50744223723256
141.44385,6614,.0863637097329161,58.127747622738,14.65285622728535
323.08401,6615,.0242793684919507,132.7745659795188,3.9922952163355
207.95416,6616,.0169580260399779,85.4608166391008,2.778211387456142
129.69423,6617,.0846357978230298,53.2991251974924,14.34711351055147
335.18115,6618,.0662915877619378,137.746005182262,11.13359381170736
146.75812,6619,.0261008850064693,60.3116993842256,4.295737084193396
162.27469,6620,.0463058047286442,66.68838712943719,7.698955528836079
94.629189,6621,.0131655195608578,38.88880015593732,2.152793593431473
103.06275,6622,.0005189149058873,42.35465537247,.0843162394879801
392.76178,6623,.0555334349306526,161.4093339773864,9.276233469444783
170.67747,6624,.1003666649289691,70.1415925899036,17.15017297692888
82.503822,6625,.0556840527640391,33.90576078866135,9.302099474847275
131.8414,6626,.0215065990268108,54.18152592303199,3.53144627379681
146.65382,6627,.0625142760061817,60.26883626874159,10.47917568057832
194.72977,6628,.0717655466221482,80.0261229116276,12.08635310597946
121.76329,6629,.0741365747654177,50.03982704680519,12.50065932332794
134.97971,6630,.0409100056578613,55.47124542403481,6.783373277304398
99.31173699999999,6631,.0313270935020452,40.81313952011156,5.169432284307484
114.35677,6632,.0559155729223971,46.9960444763876,9.341866651590099
156.27687,6633,.0839578545312157,64.2235237419756,14.22730010312413
148.40317,6634,.0815551904595268,60.98774893481959,13.80332900049398
110.31574,6635,.0376773283120494,45.3353432725112,6.237200602460854
132.52843,6636,.0702312834121169,54.46386768938839,11.81878365310516
100.56675,6637,.0738275074904646,41.32889951199,12.44659815665281
190.353,6638,.0522190565683411,78.22744603764001,8.708031366234923
181.09032,6639,.0681218312973585,74.4208561763616,11.45157310673303
110.23875,6640,.0680351004304114,45.30370347135,11.43649168840287
272.70193,6641,.0858949512418019,112.0695524285684,14.56986025032466
105.79002,6642,.0717040890172912,43.4754539243976,12.07562724747886
182.56467,6643,.1143554279187439,75.02675487543961,19.68012077369555
98.81398,6644,.0753576200805527,40.6085813631224,12.71440456603515
130.48122,6645,.0879997818621538,53.6225465134536,14.94283582489135
191.32985,6646,.0339827563369433,78.62889219641799,5.615147350023088
300.48502,6647,.04413230978581,123.4872877609976,7.329553306835024
82.406555,6648,.0144263538346761,33.8657879540134,2.360453154045298
130.43629,6649,.0216761210665938,53.60408208604521,3.55958507396855
127.44257,6650,.0435454106855088,52.3737832740916,7.229942875208629
212.9985,6651,.0502914704061184,87.53383800018001,8.378439760586279
109.38492,6652,.057238053298126,44.9528135970096,9.569199745493814
103.77941,6653,.0682982363946579,42.6491738800708,11.48225179375475
366.98776,6654,.0545545693092618,150.8172458110688,9.108225146554595
117.5722,6655,.0626509934784416,48.317457203336,10.50281885087478
97.058403,6656,.0744125417655499,39.88710964987163,12.54894480651731
96.59625200000001,6657,.0403225769639493,39.69718413036976,6.683993735322887
161.28404,6658,.1032215217619528,66.28126972431519,17.66361982393893
171.92696,6659,.0487639183809158,70.65508285036479,8.117699524869215
136.17589,6660,.0889612867863461,55.9628274132932,15.11347570376943
82.894081,6661,.0070804726843207,34.06614158047028,1.154258445380725
140.89052,6662,.0817933591799665,57.9003511923376,13.8453104866057
207.82178,6663,.07025191566902,85.40641377018639,11.82237911485394
178.64549,6664,.0651411062213495,73.41612913294119,10.93401137412733
211.69394,6665,.0908573448969643,86.9977161791272,15.45045345300601
123.17751,6666,.1196717823898131,50.6210147282988,20.65093292015534
209.42558,6667,.0413232039073167,86.0655112257304,6.853311982452164
251.41425,6668,.0334551620099688,103.32117001029,5.526503935440463
135.4088,6669,.0693728433344906,55.647584198944,11.66925409622307
102.53951,6670,.0365977334965674,42.13962472485881,6.055192034355661
130.08708,6671,.0234707170259522,53.4605707863504,3.857761051747387
93.26102400000001,6672,.0755194597161208,38.32653923171712,12.74275435502681
122.53363,6673,.0318205821980969,50.3564058807644,5.252167795373262
125.12589,6674,.0998509756928361,51.4217207392932,17.05758231763422
128.54739,6675,.0563989629410789,52.82781996871321,9.424926067223055
97.581383,6676,.0884515395201882,40.10203344791404,15.02298957411758
160.56328,6677,.0190982067405615,65.98506628120639,3.132194411159354
143.77776,6678,.0928018073710914,59.08689099626879,15.79669813334493
86.22912599999999,6679,.0633955228003326,35.43671127346487,10.63163041875711
104.59038,6680,-.0015362935481097,42.98245001395439,-.2493693334040204
127.91018,6681,.0318568579896398,52.5659522235784,5.258251199596474
105.4232,6682,.0459378797767642,43.324705621216,7.636367380574701
365.65582,6683,.0134002218324186,150.2698719085016,2.191429256340993
196.68448,6684,.0092245840304275,80.8294302986624,1.505406618384169
171.44592,6685,.0111539692010209,70.45739470968959,1.822032598407881
103.09493,6686,.0550967528390685,42.36788006140841,9.201262897827474
134.31609,6687,.1201055073276258,55.1985242284692,20.73036277531589
155.16887,6688,.0829566768071776,63.7681801949356,14.05050972566091
110.67682,6689,.0867896817107857,45.48373266598161,14.7283103913087
134.83095,6690,.0887131865894767,55.410111032286,15.06942924189054
174.06918,6691,.0448984701228848,71.5354493244984,7.459676544664578
158.62289,6692,.0681443044394385,65.18764383965321,11.4554811198237
139.28093,6693,.0958059793498213,57.2388742790884,16.33296752741567
87.874115,6694,.0488936077813907,36.1127357555062,8.139820941851861
86.361588,6695,.0649108484659736,35.49114784108944,10.89409444823938
107.23417,6696,.0407091552895811,44.0689416350996,6.749387406227252
109.27334,6697,.0702436985417886,44.9069586935992,11.82094715565611
169.45111,6698,.126647683105828,69.6376078314668,21.93264701641688
96.398453,6699,.0306597275790873,39.61589667706564,5.057610427605591
93.162651,6700,.0314772315556052,38.28611187544188,5.194599256220041
119.84581,6701,.0533607936419982,49.2518196961028,8.903553035796788
134.63068,6702,.0413034725577255,55.32780809711841,6.849971560392844
107.60815,6703,.0737814842233748,44.222632411022,12.43854932716203
247.84357,6704,.1081587304502618,101.8537637859716,18.55504513472942
122.74622,6705,.0773526067656807,50.44377184165359,13.06419109094196
82.77600099999999,6706,.0578844214902427,34.01761543783988,9.680419237934336
93.976906,6707,.0720354965473596,38.62073801253128,12.13347379252397
198.90781,6708,.1130805787186698,81.74312972866281,19.44808852794529
289.6846,6709,.0198284261817681,119.048748453848,3.25314517316042
138.29385,6710,.0127449558676194,56.83322400073799,2.083584913423374
261.92639,6711,.0086406963451201,107.6412378032332,1.409706799667052
119.5345,6712,.0757569440790129,49.12388377586,12.78436329678285
221.65591,6713,.0273373050369048,91.0916861748908,4.502024346491547
96.703751,6714,.0383919069676566,39.74136190650987,6.357779322766364
203.78322,6715,.019296199582372,83.7467276372136,3.164980463370694
125.95654,6716,.0672636615235812,51.7630845636152,11.30240560702393
112.18369,6717,.0217072981949256,46.1029957803572,3.564760654819082
210.24731,6718,.1157665501768258,86.40320928792279,19.93730091329552
151.14964,6719,.0404493537650497,62.1164379164432,6.705436539935565
140.08275,6720,.0388942236530039,57.56839013007,6.442592332614246
100.26923,6721,-.0054680629094674,41.2066307284924,-.885827310349028
271.82431,6722,.0783932263917855,111.7088858186828,13.24692292233745
105.36819,6723,.0571109343716237,43.3020987182172,9.547335062704416
99.364746,6724,.0405038184370635,40.83492409239047,6.714649433367362
98.869896,6725,.0456826685963847,40.63156059577248,7.592966629674534
111.21683,6726,.0563428777113569,45.7056551107804,9.415287056139773
90.386528,6727,.057229370285631,37.14523670049664,9.567706163366445
128.59129,6728,-.0286616701408146,52.8458611074452,-4.589812591999832
128.36478,6729,.1140841728269644,52.75277458502639,19.63072550793559
133.18288,6730,.1087926552148926,54.73282038285441,18.66982098454851
159.98976,6731,.1172858655530794,65.7493725708288,20.21460550502407
123.25777,6732,.0646563121632835,50.65399836826759,10.84997934693055
97.24964900000001,6733,.103512827934761,39.96570408308212,17.71609378872755
144.31378,6734,.0692571490760136,59.3071737111464,11.6491114129262
235.56107,6735,.10067003212574,96.8061490598716,17.20466407770408
156.89461,6736,.0885175379747983,64.4773900982468,15.03470247613549
80.474281,6737,.0124209012992757,33.07170086284628,2.030277790503674
84.90016199999999,6738,.0656895685819021,34.89056038750056,11.02912850701881
83.00908699999999,6739,.0515961144199171,34.11340443242955,8.601447051285543
97.645737,6740,.0244258682255235,40.12848036003155,4.016679805331218
168.70447,6741,.1023211623304931,69.33076874666359,17.50153163993427
108.47673,6742,.04870757949714,44.5795839435924,8.108090566717591
237.88811,6743,.0576630577717741,97.76246913902681,9.642321459164657
178.54265,6744,.0952052693051885,73.373866018882,16.2256069439629
129.02556,6745,.0568279628101634,53.0243286545328,9.498673426593708
154.7999,6746,.0257790803360743,63.616548328012,4.242088244585442
95.294113,6747,.0288291654579837,39.16205724318644,4.751269672873661
97.073204,6748,.0802190357825616,39.89319226705552,13.5679932038247
88.887199,6749,.0960023020807192,36.52907263457612,16.3680688615318
76.32530199999999,6750,.0593773980531911,31.36663695088376,9.937588173874476
122.86365,6751,.0776967873722974,50.49203086036201,13.1246078386214
114.36875,6752,.050641591109171,47.00096777575,8.43825853720125
137.62698,6753,.0734441747508114,56.5591671855624,12.37956989565933
128.84293,6754,.0563523103432825,52.9492750516484,9.416908144673849
92.435226,6755,.0389808072329548,37.98716938473288,6.457215730056537
195.11319,6756,.0261841612185157,80.1836931488172,4.309623076263362
122.3955,6757,.0482499354807106,50.29963999253999,8.030056499032209
216.30988,6758,.0762926348817069,88.89468232761439,12.87825640987681
141.12471,6759,.0211527391982789,57.99659388663479,3.472724790201316
85.808708,6760,.0164674139234237,35.26393634263503,2.697171484368749
125.96428,6761,.059410989860868,51.7662653930864,9.943378864232114
78.86908699999999,6762,.0955767475815202,32.41203052922955,16.29199097334613
101.11996,6763,.0291925449768188,41.5562466272048,4.812035875732452
95.92456799999999,6764,.0382863871947745,39.42114895433184,6.339968387513593
321.42358,6765,.0612462455277169,132.0921958659704,10.2600433921401
124.30774,6766,.0567205592049289,51.0854939134712,9.480207206605685
189.11427,6767,.0930899885178961,77.71837770548761,15.84807100636568
85.576515,6768,.0686335748038472,35.1685143352182,11.54058556626866
368.45389,6769,.0687779402268025,151.4197664199332,11.56570466865866
143.5676,6770,.0628872131004559,59.000523667888,10.54367699568464
98.97191599999999,6771,.0837558196404367,40.67348672273008,14.19161003832791
92.661034,6772,.0669432195388879,38.07996741331592,11.24673903659555
130.82237,6773,.0536189936152572,53.7627454765156,8.947800558084143
84.510384,6774,.0288236463789738,34.73037726739392,4.750346914155077
123.7477,6775,.0100813157591733,50.855339942276,1.645927052942588
170.05521,6776,.0668635280837016,69.88586869497479,11.23289795846121
134.04404,6777,.0442911317796235,55.0867225931152,7.356519146470262
180.38029,6778,.0957439675767422,74.1290623327652,16.3218816240503
97.869164,6779,.0617355778818998,40.22029989314032,10.34457351431855
134.82639,6780,.0976332861025503,55.4082370552332,16.6599456675606
174.83563,6781,.0261915080959328,71.8504295245244,4.310848195679146
133.45248,6782,.0683178658792942,54.8436151665024,11.48566590056675
79.162964,6783,.055135396403339,32.53280218588432,9.207895992264721
106.09857,6784,.1222522992770165,43.6022555953716,21.1240213967682
146.65448,6785,.019373601157592,60.2691075022624,3.17779931842048
79.94635,6786,.0676278672871848,32.85474240243799,11.36569639997803
157.5666,6787,.0833906380155807,64.753551028008,14.12711791020956
163.18535,6788,.109662540851866,67.06263185375801,18.82743742442865
117.17289,6789,.0778302920897494,48.1533568136532,13.14804857687177
105.75483,6790,.0970794543607012,43.4609922462204,16.5607799452174
176.83008,6791,.0220454074610414,72.6700684571904,3.620899083345476
160.62291,6792,.0355952229615361,66.00957181885079,5.88635494307174
101.68752,6793,.1104950303440501,41.7894910166976,18.97840642467796
108.03896,6794,.1359815684525346,44.3996780369248,23.66164964157765
124.63976,6795,.0571147693456654,51.22194081282879,9.547994644441218
202.1593,6796,.0322405727470607,83.079361668884,5.322613192332087
117.43481,6797,.0583632126511337,48.2609954254228,9.762850391630701
83.379608,6798,.0882196208097317,34.26567369812704,14.98183654187986
166.81183,6799,.0400986600225789,68.55296963938039,6.646127458918293
86.801018,6800,.0192776992749285,35.67173594115784,3.161916683501365
260.90073,6801,.1015451524881268,107.2197326927124,17.36194667392397
87.90224499999999,6802,.0941858462468276,36.1242960569306,16.04356032118203
94.681656,6803,.0334486417496226,38.91036198796128,5.525408730711877
127.91216,6804,.1329252511340901,52.5667659241408,23.09372150898051
142.91862,6805,.0669066991898445,58.7338189249656,11.24039592346604
95.91391,6806,.0924719832630495,39.4167689439308,15.7379199055108
84.41572600000001,6807,.0168768806377881,34.69147662707288,2.764804947397065
104.29335,6808,.103756019262884,42.860382600798,17.75991237288639
278.03757,6809,.0582488412870557,114.2622864026916,9.743156040179752
147.29869,6810,.0436957283598831,60.53385196655719,7.25544971286
92.85302,6811,.0401488049605822,38.1588659568376,6.654606661497542
323.45847,6812,.0632282424160654,132.9284540161836,10.60268076218458
221.33044,6813,.0342720015563436,90.95793106274721,5.663764547503104
128.19049,6814,.0696041548662526,52.6811483875412,11.70953304746237
137.67816,6815,.1027339539185877,56.58020011222079,17.57582677752323
242.90805,6816,.0770872698913001,99.82546307903401,13.01762860058074
93.598122,6817,.0435694167516321,38.46507298534536,7.234016116515559
113.00321,6818,.1192160205926879,46.4397856212148,20.56750447555439
187.64365,6819,.062481175976149,77.114011886762,10.47345202882057
144.60329,6820,.0473732629992277,59.4261507060052,7.88067249397912
111.64626,6821,.0450055953999532,45.8821336120488,7.477878446802342
448.77054,6822,.0888702602930484,184.4266872659352,15.09731404849335
104.00544,6823,.0628698353179064,42.7420631417472,10.54067088787738
171.0251,6824,.0418422975662112,70.28445457298801,6.941215708575529
206.97118,6825,.0741996528234131,85.0568512962584,12.51169481058497
131.20865,6826,.0500104306520212,53.921491058962,8.330438743886427
80.52190400000001,6827,.0463889801519509,33.09127200521152,7.713107789974588
185.65298,6828,.0690283625772023,76.2959263824424,11.6092859248116
91.416443,6829,.0794933188645062,37.56849044530684,13.44030500785312
138.31242,6830,.0884820663444726,56.8408555257096,15.02840714582137
195.0256,6831,.0757599582069862,80.14769717292799,12.78489145684941
316.92175,6832,.0819692923064576,130.24212434939,13.8763282605082
90.643372,6833,.0611718039227567,37.25078927991536,10.24718754006496
140.40787,6834,.1134436870192315,57.7020014062556,19.51414687395243
85.07061,6835,.0814273746675744,34.9606076771268,13.78080330926115
174.9192,6836,.0915771806137973,71.884773441696,15.5785539904482
101.21019,6837,.0861751664377554,41.5933275371772,14.61946904014734
122.01161,6838,.0551011368098561,50.1418766042068,9.202015385199541
81.580956,6839,.0976935223889163,33.52649988804528,16.67073452026195
255.15593,6840,.0689734237890669,104.8588503740884,11.59972393713996
213.26642,6841,.0168515591312681,87.6439423712296,2.760621676634027
91.660873,6842,.0312965267202618,37.66894136877524,5.164308974013351
105.29369,6843,.0805253846556245,43.2714822071572,13.62192239328878
101.68074,6844,.0944108344715676,41.7867047087112,16.08372233078084
80.3498,6845,.0870175675797802,33.020544166024,14.76868994907306
435.87268,6846,.1148075053158995,179.1261842680784,19.76247336952835
103.06638,6847,.0585443587382939,42.3561471568344,9.794047727716313
114.49035,6848,.0881819085065223,47.050940497158,14.97514554913064
172.94205,6849,.0323469680659356,71.07224411495399,5.340463673363638
113.06377,6850,.0890536816271144,46.4646733515476,15.12988181220291
193.56427,6851,.0809276951180243,79.5471491714876,13.69276961394753
94.156921,6852,.0835454535475999,38.69471695532948,14.15445590387647
151.94547,6853,.072442967578325,62.4434921177436,12.2046233556694
178.97723,6854,.090846948130583,73.5524609635324,15.44860394051761
162.58395,6855,.0475764711422571,66.815480581926,7.915287274127959
199.23035,6856,.0981686015002031,81.87568072835799,16.75584817830301
212.55957,6857,.0688289800990372,87.3534553800516,11.57458630400962
165.83769,6858,.0522797014745893,68.1526371818772,8.718411150877234
139.00812,6859,.0862461080933246,57.1267603142256,14.63203062743266
123.68124,6860,.048756776309922,50.8280275486512,8.116481368866783
166.03693,6861,.0970972870451308,68.2345168283684,16.56397210090685
117.37176,6862,.0479314918272867,48.2350844049888,7.975778912534666
101.33075,6863,.0738245939138069,41.64287286031,12.44608860162353
281.64563,6864,.0613085558684199,115.7450543073244,10.27080494541158
127.12845,6865,.0408921207045361,52.244692556586,6.780346689247234
111.53167,6866,.0522512342199205,45.8350417193996,8.713538709890942
204.54941,6867,.1094124032710186,84.06160098767079,18.78210041565477
384.14087,6868,.0281580856486565,157.8664858382956,4.639106263501781
315.1058,6869,.0566205327107595,129.495841755304,9.46301113875942
123.41931,6870,.0454158933946623,50.7203848272828,7.547611161260379
87.43459300000001,6871,.0347163872895984,35.93210984712884,5.738485628539093
88.624092,6872,.0886972488164887,36.42094621342896,15.06660010331722
92.31886299999999,6873,.0678375957224344,37.93934886021643,11.40215295822876
91.33356499999999,6874,.0181074914971251,37.5344309123722,2.968237255857262
371.32828,6875,.0544651601403935,152.6010253894064,9.092887533100898
120.70351,6876,.1074502001894778,49.6042999851788,18.42684759407482
182.54639,6877,.0597281712229417,75.01924252883319,9.99806544855935
141.16403,6878,.1205633686241724,58.01275282911639,20.81425021060787
100.38065,6879,.0709815038946469,41.25241987832199,11.94956785645941
322.87256,6880,.0327914195634052,132.6876685128928,5.415052091263324
179.89857,6881,.0460983975445594,73.9310947393716,7.663670416008974
168.51361,6882,.0797945031788324,69.25233294396681,13.49328643586269
121.18807,6883,.0809699665598233,49.8034347046316,13.70021530631391
81.457886,6884,.0643950428208132,33.47592305561368,10.80470898192979
123.52378,6885,.0371743775652441,50.7633178059464,6.152383838198223
306.66254,6886,.0888700034430738,126.0260006388952,15.09726844713998
125.37323,6887,.0492733484849386,51.5233675560124,8.204610681366189
110.20079,6888,.0897580891617205,45.2881034343052,15.25500992117414
101.42015,6889,.1264519371093527,41.67961267358201,21.89655965159061
216.8717,6890,.0699435256318026,89.125567807396,11.76864553301621
193.54822,6891,.0266115736300869,79.54055326541359,4.380910673631632
207.43051,6892,.0725831175812568,85.24561749793881,12.22910200904725
115.22299,6893,.0510017053691978,47.3520261436412,8.499806584632095
169.09975,6894,.0286330530446022,69.49321296802999,4.71848391373645
252.6924,6895,.0289529886587039,103.846438380912,4.771973548899457
86.946594,6896,.0821430691377617,35.73156183664872,13.90697122781507
215.44705,6897,.0308241647245735,88.54009381435399,5.085156100382824
104.42787,6898,.0552265107598342,42.91566492385559,9.223536613283517
237.70898,6899,.0452457278346026,97.6888538957224,7.51868698590882
220.91838,6900,.1013816183499738,90.78859093459441,17.33254474575284
197.41319,6901,.0398628010874394,81.12890087281718,6.606250857077521
275.36633,6902,.1387952969014307,113.1645139328404,24.18603645244066
212.50964,6903,.0204750852392129,87.3329361532432,3.360329075727924
142.03384,6904,.1000085311964723,58.3702098423392,17.08586593258103
97.958977,6905,.0617662183596822,40.25720943284276,10.34986790522952
134.36189,6906,.0750459813116389,55.2173461909732,12.65982707012457
123.44581,6907,.0790056872925357,50.73127526410279,13.35455940866057
115.287,6908,.0514198699437804,47.37833168556001,8.57130397668179
87.69103200000001,6909,.0092709031299721,36.03749598779616,1.513000761002205
246.6093,6910,.0517179821613768,101.346528334884,8.622293185555273
190.46268,6911,.0471616144287012,78.2725201172784,7.844627436276562
151.75925,6912,.0736015856476967,62.36696316889,12.40709112135618
106.86712,6913,.0836253193933581,43.9180988111456,14.16856061397152
172.9657,6914,.0741656480942169,71.081963316116,12.50574560696877
206.18231,6915,.1146435731199735,84.73265737572279,19.73260638875195
189.9016,6916,.1081866161192144,78.04193874780799,18.5600924712258
113.26819,6917,.0490500217787751,46.5486817702172,8.166504651198752
143.50066,6918,.0744039157684746,58.9730140135208,12.54743532852125
241.57564,6919,.0527352990734708,99.2778960253232,8.796409883285067
210.2531,6920,.0932004322086752,86.40558874562799,15.86776327534977
171.25958,6921,.0497890225195127,70.3808164456504,8.292632185662882
76.37468699999999,6922,.0434956181195243,31.38693220455756,7.221494608347835
226.61835,6923,.0472406898262252,93.131049921798,7.858093571795695
148.09061,6924,.0625770093670755,60.8592993147268,10.49002404284893
178.38565,6925,.0198404945837843,73.30934531772199,3.255144879218598
101.79599,6926,.0055063326442898,41.8340678348812,.8969352133413658
137.63858,6927,.1082545881900055,56.5639343201704,18.57239607986462
164.02521,6928,.0839175531526886,67.40778061857479,14.22018016892253
147.12233,6929,.078711572498494,60.4613750821204,13.30286219499997
111.26276,6930,.084900925763095,45.72453049806879,14.39399186165892
132.65872,6931,.0826208778909002,54.51741165215359,13.99125317079601
155.26888,6932,.0200054322380576,63.8092802925344,3.282477082633945
121.24215,6933,.1023866789864228,49.825659414942,17.51332142430579
170.17479,6934,.1364242348678059,69.9350112774252,23.74405038742416
170.12471,6935,.0624493101639158,69.91443040663479,10.46794197678752
242.68146,6936,.1122362683622302,99.73234367982479,19.29458037085418
122.65453,6937,.0078956055825824,50.40609093025639,1.287666743620951
107.01619,6938,.0256997399398918,43.9793606004572,4.22886386685551
184.08521,6939,.1033781964403994,75.65163581137479,17.69184026311824
121.73547,6940,.1185817473405365,50.0283941429436,20.4514622817658
91.601395,6941,.0322532517216523,37.6444982970326,5.324740308381634
274.02209,6942,.0590322533017252,112.6120852237492,9.878102004724376
82.58399199999999,6943,.0061870100131502,33.93870744224095,1.008155214124435
91.17224899999999,6944,.0291644773454905,37.46813650837012,4.807341474278521
174.13992,6945,.1002728313145958,71.5645206264096,17.1333218420293
111.75785,6946,.0987603177064,45.927992625058,16.86191472729982
109.09016,6947,.0766637066002092,44.8316790627808,12.9433254353536
212.38843,6948,.0795422426504531,87.28312370618839,13.44891012105021
170.57661,6949,-.0008443307825442,70.10014317640679,-.1370981797535351
176.55246,6950,.0891229288941575,72.5559777753048,15.14217871087117
82.304573,6951,.0295312699195319,33.82387744353125,4.86869910105659
143.45518,6952,.0760474747516153,58.9543235581784,12.83527976818168
204.9281,6953,.0848274856463049,84.217227384628,14.38100537086245
116.43497,6954,.0085203871813453,47.8501012990036,1.389994940517121
99.934471,6955,.0651176583552504,41.06905821002348,10.92994608860273
97.009888,6956,.0876711756838932,39.86717193129344,14.88455514800794
145.91467,6957,.0584732688335515,59.9650752734396,9.781803810509677
302.51447,6958,.0511491539143457,124.3213102894636,8.525013788063941
110.51813,6959,.0929768126033798,45.4185174426244,15.82789383408908
97.804489,6960,.0764459614582016,40.19372106290132,12.90513995886585
309.72488,6961,.0677944683659868,127.2844995178144,11.39465561551169
221.99232,6962,.0871147625012126,91.22993718812161,14.78591491316114
132.64024,6963,.0483118683614716,54.5098171135712,8.040614745786952
109.8502,6964,.0412305144361428,45.144025009976,6.8376206756645
167.43529,6965,.0777907527468516,68.80918668616521,13.14110593880946
375.77246,6966,.0707437531871222,154.4274050689048,11.90811070440006
199.57147,6967,.0919202507192517,82.0158673626236,15.63963852035226
102.38451,6968,.0115098848574242,42.0759259434588,1.880507686560856
93.293533,6969,.0872711892143347,38.33989912645603,14.81364049989236
113.43505,6970,.0772246137722002,46.617254535794,13.04172877091176
102.31226,6971,.0395314763516778,42.0462340921288,6.55024976355864
213.28267,6972,.0917465921799559,87.6506204692796,15.60871554392947
113.75626,6973,.0528884097943391,46.7492589588488,8.822630559971211
213.08516,6974,.0140058240437896,87.5694517833808,2.291162743220787
163.46519,6975,.0616054035366509,67.17763486657721,10.32208240103976
110.62826,6976,.0619939169651584,45.4637764542088,10.38921719885404
100.44675,6977,.0890910438658199,41.27958432638999,15.1365164760441
133.49875,6978,.0786803097198056,54.86263028015,13.29736796057023
191.68057,6979,.0065516447117954,78.7730240455316,1.067766234631975
224.8367,6980,.0386222814797245,92.39886325159601,6.396671319873281
186.0479,6981,.0590881176575864,76.458222658252,9.887728910145327
92.649727,6982,.0748987746198804,38.07532068995275,12.63405258253495
169.89468,6983,.116267914175622,69.81989730543839,20.028763017936
116.34072,6984,.11441400289955,47.8113683303136,19.69078897501407
256.51312,6985,.0123905292677592,105.4166010136256,2.025282462933907
342.56244,6986,.0472608905267439,140.7794192349072,7.861533818476248
120.86265,6987,.0289252073986566,49.669700140482,4.767328156262881
99.890717,6988,.0697093172904892,41.05107707143396,11.7278483679387
145.31873,6989,.035561351984287,59.72016784255239,5.88065354219778
265.5285,6990,.0204835903357099,109.12156049658,3.361739259477286
264.77173,6991,.0688135671094672,108.8105583881924,11.57190418539195
287.41437,6992,.0704508510666862,118.1157750054756,11.85705021972207
88.749908,6993,.0232698203314297,36.47265154169104,3.82435502939013
277.79898,6994,.0379000008523742,114.1642354849224,6.274765349618474
109.84907,6995,.1089199294719809,45.1435606253116,18.69287351768483
166.24599,6996,.0994666171290711,68.32043210088121,16.98860278829038
143.05612,6997,.077539642579532,58.7903259084656,13.09702038891876
149.58211,6998,.0651810298294288,61.4722459757468,10.94093336899201
276.34244,6999,.066632420677002,113.5656559813072,11.19276468917844
181.77936,7000,-.0155610493197572,74.7040239720768,-2.508225731620532
110.62739,7001,.0335595039054979,45.4634189191132,5.544031160729189
106.39609,7002,.0883308268134711,43.7245243788692,15.00156840408991
198.54077,7003,.1119143451524107,81.59229101430761,19.23608407377247
125.58586,7004,.0914907291465476,51.6107499552968,15.56316438601707
107.64843,7005,.0359427680913585,44.2391858749884,5.944867339248751
98.041275,7006,.0600192523560017,40.291030609047,10.04826724724895
96.429146,7007,.0607577014385742,39.62851026866248,10.17569069280376
114.75386,7008,.0208044951902562,47.1592325351368,3.414955510927889
99.054543,7009,.0487138836754425,40.70744310473484,8.109165757881733
137.94695,7010,.1225033705203121,56.69066201836599,21.17011571434099
142.15674,7011,-.0019229064671344,58.42071681159121,-.3120635682133341
101.54946,7012,.0708541243619113,41.7327538956648,11.92735516091932
97.242355,7013,.0828923062374523,39.9627065417174,14.03914906993889
192.60611,7014,.0794024058889195,79.1533838528668,13.42431561261982
141.33902,7015,.066009180231051,58.0846666985176,11.08458124811171
83.96402,7016,.0508852958686937,34.5058435835176,8.479908315339459
197.94835,7017,.1288189229531078,81.348830162198,22.33340681674219
100.94722,7018,.0076019512795696,41.4852574175336,1.239593434336968
86.740112,7019,.1390695852283143,35.64670601870655,24.23723378285521
284.69629,7020,.0532682080999527,116.9987531748452,8.887689508359554
167.0511,7021,.0855059210970587,68.651300009868,14.50101010188681
227.5231,7022,.0903337008792724,93.502865873228,15.3573247222836
188.33647,7023,.0395685443604081,77.3987331108236,6.556514142267081
110.60277,7024,.011727108099171,45.4533010868676,1.916206562147193
119.2744,7025,.036156061236707,49.016993111072,5.980787259039988
195.26869,7026,.0902520560421711,80.24759741015718,15.34280879370418
182.3884,7027,.0270977624177952,74.954314977392,4.462038562424562
109.02835,7028,.0232283801733172,44.806277632598,3.817465005042008
112.26106,7029,.026431306133018,46.1347917462728,4.350840361144524
136.92842,7030,.0510590366463592,56.27208705178959,8.509607264919122
131.56807,7031,.0924407689226101,54.06919825903159,15.73235817612813
145.46407,7032,.1052699455121955,59.77989675151159,18.03293369724807
122.65916,7033,.0388257927229634,50.4079936745008,6.431035694163457
124.0589,7034,.022743322462525,50.983230656932,3.736838387179087
106.35494,7035,.0972267723281096,43.7076133798072,16.58715243765287
183.09254,7036,.0427858231332394,75.2436882672952,7.101109959513031
218.59166,7037,.0406281743794902,89.8324023626008,6.735686565207636
133.66444,7038,.0627666628547692,54.9307222226672,10.52282460325719
221.97952,7039,.0278573544538845,91.2246769016576,4.588866859750932
162.34732,7040,.063568720732057,66.71823514552159,10.66160927324265
102.5393,7041,.0624897846101975,42.139538423284,10.47494061417765
188.76331,7042,.0384859175870396,77.57414722600279,6.373649183607458
254.49057,7043,.0199037392137527,104.5854141083316,3.265624761482939
160.77219,7044,.0704993733912047,66.0709199097372,11.86550789383985
160.42607,7045,.017930366025411,65.9286784760716,2.938941214595507
105.75977,7046,.0730959630119477,43.4630223880276,12.31870504039874
249.31088,7047,.0459432227052061,102.4567693274944,7.637276107680435
125.42267,7048,.0132761138280627,51.5436854124796,2.170998008966775
237.67787,7049,.0658605694560625,97.6760689338556,11.05879501831681
138.66869,7050,.0178200899614494,56.9872682021572,2.920704493065169
278.72604,7051,.0455730557263181,114.5452199512752,7.574329463600856
368.67276,7052,.0237494675150557,151.5097132088688,3.904124077279741
97.205032,7053,.0039728936286174,39.94736828611616,.6466545276209557
292.88193,7054,.1132305359397018,120.3627228069684,19.47536653359702
146.94916,7055,.075118517142964,60.3902091597008,12.67252879777297
129.278,7056,.0728202372815682,53.12807136663999,12.27052524023036
99.711792,7057,.0964112442130325,40.97754607490496,16.44120740845689
190.40369,7058,.0293810020266553,78.2482775939572,4.843559335044287
249.99254,7059,.0644021370564987,102.7369042392952,10.80593805007174
156.30347,7060,.0673368505847892,64.2344552747836,11.31512237370875
67.85934399999999,7061,.0432453436768254,27.88746786711872,7.179037104119597
161.63557,7062,.0626215346760391,66.42573445093159,10.4977241338375
375.96964,7063,.0816630369803004,154.5084381380432,13.82233763515513
201.47958,7064,.0010369454272591,82.80002401925039,.1685324316369415
94.909988,7065,.0466462662498928,39.00419727928143,7.756892357617378
127.94857,7066,.0735946448441211,52.5817289733716,12.40587752180748
194.93674,7067,.0549428127890969,80.1111792779912,9.174841924746193
204.28249,7068,.0387132121841409,83.9519075765012,6.412024775620576
107.24512,7069,.1045694147473807,44.0734416457856,17.90654866121588
111.91601,7070,-.0109861791988606,45.99299003967879,-1.774866290655955
182.4621,7071,.0723697736464175,74.984602720548,12.19184063902867
121.6122,7072,.0888865820567082,49.977735118536,15.10021185170701
133.72995,7073,.1003103985580425,54.957644204406,17.1400681757571
127.99696,7074,.0562607549837956,52.60161532196479,9.401174121493282
139.57173,7075,.0299984872907931,57.35838141219239,4.94688854146472
140.36734,7076,.0403761157015565,57.6853452023192,6.693048851404765
110.0486,7077,.0355713675709545,45.225559450168,5.882339416008125
86.928406,7078,.0727740694429457,35.72408729835128,12.26245925649066
97.091133,7079,.0626887167080398,39.90056036674404,10.5093430684534
189.95906,7080,.076933608692427,78.0655525025128,12.99066910119946
113.70391,7081,.0535247861549193,46.7277452091308,8.931654977395988
122.12806,7082,.036529530071461,50.1897328822328,6.043700236830532
88.964127,7083,.1056466789340218,36.56068695622476,18.1009380188882
310.76505,7084,.0369500712457883,127.711967656194,6.114570952089376
179.15912,7085,.1027990161187457,73.6272104561056,17.58753961344957
119.21186,7086,.0413099818286089,48.9912916801768,6.851073541187422
158.21216,7087,.0679809379276497,65.01885028814081,11.4270741667247
122.53664,7088,.0576529304962445,50.3576428700032,9.640578707238415
144.29031,7089,.0841928013636125,59.2975284827628,14.26881322963962
115.72649,7090,.0608583420301274,47.55894444322119,10.19306406669594
102.73994,7091,.0474195574986957,42.2219934136072,7.888557749828658
90.329247,7092,.0209354314301869,37.12169650761036,3.436673818152618
118.68668,7093,.0919414549669517,48.7754637703984,15.64341467983321
117.2308,7094,.0498984816349276,48.177155500304,8.311321836921319
145.99265,7095,.1100246710318533,59.997121924882,18.89309299678703
112.42784,7096,.0792099267184702,46.2033316350592,13.39046797472472
78.09710699999999,7097,.0647947177546983,32.09477772106716,10.87396579635657
124.17511,7098,.0800077304572041,51.0309883045868,13.53080496252413
133.81033,7099,.0880429352748789,54.9906771595604,14.9504908167684
163.06998,7100,.0789483521088853,67.01521941240239,13.34448028232766
166.73517,7101,.0429424090738872,68.52146545497961,7.127660343836149
150.11412,7102,.1094935817641625,61.69088074150561,18.79681263574711
181.46416,7103,.0837292334164484,74.57448941790079,14.18691403956947
100.01855,7104,.1064579718462806,41.103611305774,18.24747189251551
77.823601,7105,-.0009484338196583,31.98237772812788,-.1539938919481423
77.127556,7106,.0606241571906178,31.69633115845328,10.15263992905162
245.72121,7107,.0536415626257146,100.9815589750548,8.951668734284345
135.68536,7108,.1067936650727455,55.7612392633568,18.30813881739889
231.14897,7109,.0973624653746476,94.9929529733236,16.61144730356883
105.06266,7110,.0865228616767986,43.17653814608079,14.68104370311265
162.09993,7111,.0158636869742901,66.6165677808084,2.597501687044189
93.86190000000001,7112,.0816299060834362,38.573475160572,13.8164978858792
133.86549,7113,.129526158857556,55.01334570654119,22.46413391707834
121.005,7114,.0536051627702678,49.72820027939999,8.945430087662855
176.08247,7115,.0632345730505052,72.3628307413036,10.60377625790271
81.803963,7116,.0524550300415902,33.61814681800444,8.7484233582542
93.091644,7117,.0574489168866988,38.25693084724271,9.605474789678714
137.67319,7118,.0663708631263406,56.5781576416172,11.1473547462555
397.38416,7119,.0640001491019019,163.3089467075008,10.73630785020087
98.13561199999999,7120,.15197169722052,40.32979933124656,26.66141469866302
156.58771,7121,.0329135189305543,64.35126651107478,5.435548768214157
87.00617200000001,7122,.0749260073436871,35.75604600437936,12.63882048668808
131.86488,7123,.1188863127349025,54.19117526101439,20.50717424830294
115.99552,7124,.0573724554199111,47.6695049797376,9.592320173945851
247.20227,7125,.1012984797707662,101.5902152149276,17.31759904028339
293.95221,7126,.0653091013447085,120.8025649473348,10.96314040092407
124.40582,7127,.104716859371972,51.12580085850161,17.93314227016594
104.54037,7128,.0028512720622556,42.9618979103556,.4638316166513614
79.889427,7129,.028259036447188,32.83134933318875,4.655974239643932
216.41647,7130,.08710096793816,88.9384865412236,14.78347012738203
133.34941,7131,.0692681570861095,54.8012575316708,11.65102783693987
106.14926,7132,.0716876092255716,43.6230871516888,12.07275123194717
173.5779,7133,.0916103561134687,71.33355295465199,15.58446005973781
136.67099,7134,.0667326277017672,56.16629364988119,11.21016513666252
174.54372,7135,.112813261523213,71.73046622595361,19.39947227102618
133.8689,7136,.1137967426825838,55.014747079732,19.57839940111203
149.32317,7137,.0379563280674188,61.3658320244196,6.284269048524929
138.04225,7138,.0301929353098171,56.72982649492999,4.97944043991135
208.13835,7139,.0311512387725289,85.53651133939799,5.139959345131482
435.16342,7140,.0592000714495531,178.8347068635896,9.9070231271634
344.46805,7141,.088031108158121,141.562548491834,14.94839276947426
113.19726,7142,.0759982408190013,46.5195323859288,12.82665031590203
131.47124,7143,.09492928828956,54.02940501385119,16.17630445989779
273.77625,7144,.0938960663302923,112.51105484685,15.99184584265018
159.94302,7145,.0576769606000871,65.73016430603759,9.644713955731866
165.49773,7146,.0936986252760051,68.01292726107239,15.95661885325302
208.17114,7147,.1225648957216504,85.54998671386319,21.18141292789468
101.33315,7148,-.0095847182326726,41.643859164022,-1.549537583450028
146.5831,7149,.1012115555765893,60.239773186028,17.30197412879847
225.45863,7150,.0697831467181745,92.65445152976439,11.74070781522519
126.66344,7151,.074929350409276,52.05359210278719,12.63940579942066
119.69009,7152,.0454088649374044,49.1878250235892,7.546416390045803
117.0779,7153,.0811360697962156,48.114319734652,13.72947578120448
82.77089700000001,7154,.0670730041416356,34.01551789861236,11.2692828210049
187.85059,7155,.0011774436091261,77.1990559243292,.1913807346617605
142.89664,7156,.0600548888571104,58.72478602680319,10.05441436061599
89.552246,7157,.0673964723822302,36.80238026989048,11.32548248524527
136.59341,7158,.0076619353005735,56.1344113823908,1.249412100246603
127.08166,7159,.0547963698963914,52.22546374380079,9.149711475232172
90.17353799999999,7160,.072670251388006,37.05770635565543,12.24432256281019
274.47769,7161,.071392546677935,112.7993185450772,12.0212656118915
162.94676,7162,.0404114779819333,66.96458093598879,6.699030011996452
88.821213,7163,.0746347153081557,36.50195503593444,12.58782782201399
99.54040500000001,7164,.0113779122029108,40.9071128939514,1.85882283910466
122.90947,7165,.0674463628008996,50.5108610420636,11.33415210989195
128.42799,7166,.0699317401815307,52.77875135904119,11.76659237627831
116.79644,7167,.0056396306457814,47.9986509668272,.9187096210539016
143.44566,7168,.0527377880416151,58.9504112201208,8.796836094550827
107.00007,7169,.0864591739431902,43.9727359271916,14.6697634001723
184.03816,7170,.1094078911253622,75.63230014902079,18.78128270109484
155.51686,7171,.0331399580962296,63.91119012357681,5.473567469220341
88.96917000000001,7172,.0547590976567328,36.5627594268996,9.143315930301142
121.3136,7173,.029338671150279,49.85502249836799,4.836478076166183
156.24519,7174,.1072940843952089,64.21050453297721,18.3986130766586
91.447723,7175,.0619953526557931,37.58134527035323,10.38946533337714
87.37286400000001,7176,.0537581229695646,35.90674170469632,8.971647781004073
81.319046,7177,.0591905433309026,33.41886538587448,9.905380958543862
164.51094,7178,.0814435731069736,67.60739616108721,13.78365789143435
112.83968,7179,.0902805425717648,46.3725813520384,15.34787338141207
145.46054,7180,.0458813645682254,59.7784460631352,7.626755551770883
142.29939,7181,.0471297654167061,58.47934023847319,7.83920401333001
248.27438,7182,.0395927200572323,102.0308094118744,6.560599885290499
114.97896,7183,.049815205257844,47.2517396041248,8.297102584233619
383.55325,7184,.0769911752529585,157.62499759361,13.0007685348698
263.97504,7185,.0599881582453607,108.4831507613952,10.0429038518565
164.86317,7186,.0723683876296996,67.7521485596196,12.19159859166435
139.38388,7187,.0636367672103406,57.2811825987344,10.67338886857048
210.60254,7188,.0618964995923217,86.5491945660952,10.37238110754349
131.11794,7189,.0365067767929997,53.8842128882472,6.039866643760547
177.78159,7190,.0824268773154342,73.06110089260919,13.95702804284549
172.60393,7191,.0325088988998055,70.9332903603284,5.367635273965797
265.91422,7192,.0710955709923803,109.2800759414936,11.96946150466186
129.51901,7193,.038408290844808,53.2271168073188,6.360544965205263
160.28038,7194,.0290779536127673,65.8688057311544,4.792870931305846
118.52058,7195,.0432196528216691,48.70720333433039,7.174679411500417
182.40715,7196,.031191207261475,74.962020475142,5.146657537508478
98.556793,7197,.0368601131769638,40.50288782446484,6.099408473571292
119.96076,7198,.0617889887963048,49.2990595343088,10.35380253095837
124.0415,7199,.033776354391242,50.97607995502,5.580463293239679
112.03267,7200,.06996697803299,46.04093261927959,11.77273127456968
128.01973,7201,.0114214401624555,52.61097287843241,1.865974740574349
135.57742,7202,.0221751001221891,55.71688025390959,3.64243781670848
134.57271,7203,.0784339230939717,55.3039847528748,13.25407308954241
152.15021,7204,.0512762969889605,62.52763204357479,8.546752635302363
120.87496,7205,.0525968829447684,49.6747590566048,8.772709155161181
133.42523,7206,.0741056102831611,54.8324165097724,12.49524235119839
194.46135,7207,.034588915575148,79.915813060638,5.717048546033567
136.97292,7208,.0678087250117406,56.2903747664496,11.39713398249425
240.55733,7209,.0460664654709149,98.8594114699204,7.658238627339596
119.5021,7210,.0581959456505374,49.110568675748,9.73404835712812
123.04475,7211,.0779469743553263,50.56645569462999,13.16853819450098
90.462532,7212,.0420246766264436,37.17647129521616,6.972110755066064
84.52815200000001,7213,.1074475668119099,34.73767920254176,18.42637129472813
131.76035,7214,.0675339798336898,54.148217624758,11.34937866110091
76.164421,7215,.1060857674830565,31.30052131442948,18.18023043077205
77.417633,7216,.0945928315243291,31.81554116756404,16.11621671992892
166.78683,7217,.0851679483884235,68.54269564238039,14.44121778376699
113.89369,7218,.0415894124983227,46.8057371751572,6.898386253387249
398.56818,7219,.0217139709056663,163.7955314246184,3.565868383765232
181.47079,7220,.0972604168516361,74.5772140819052,16.59317594071755
104.28018,7221,.0419282781323369,42.8549702591784,6.955780130331883
197.73686,7222,.0720238157811897,81.26191625717679,12.13143461136773
130.28978,7223,.1188304325122992,53.5438723540264,20.49695120830964
128.18948,7224,.0254988150475644,52.6807333180624,4.19537859980635
138.44203,7225,.01164292414088,56.89412003575639,1.902370692004966
132.14371,7226,.0034570762102089,54.3057632043548,.562551466600568
229.09738,7227,.0458519599571794,94.14983179311439,7.621754774933856
88.58448,7228,.0604367740902217,36.4046672706624,10.12030135506851
117.67916,7229,.0565887308970942,48.36141347210079,9.457544286154771
243.87947,7230,.0743235030284267,100.2246777256636,12.53336439191198
107.85851,7231,.0768091677441008,44.3255203265788,12.96883926238764
107.93724,7232,.0608257190544153,44.3578751979312,10.18743223940738
221.50797,7233,.0493548317643132,91.03088877024359,8.218516217358541
85.152878,7234,.0356887619690627,34.99441652453464,5.902101089121079
174.0432,7235,.0526021295992572,71.524772586816,8.773607469925215
104.32233,7236,.0156444717010498,42.87229221812039,2.561326139213503
108.82394,7237,.0771579628396792,44.7222733235272,13.03003290508222
182.81128,7238,.0636173179809724,75.1281016914464,10.67002191080696
87.83182499999999,7239,.0149154382449058,36.095356262181,2.441075923073832
159.24309,7240,.0956242116369377,65.44252115722921,16.3004746869706
97.414574,7241,.0542689732716796,40.03348164129112,9.059237642995717
107.13297,7242,.06811366996268,44.0273524952436,11.45015389645467
250.41936,7243,.0342299125136488,102.9123101352768,5.656689221642408
295.34985,7244,.0433126709600294,121.376938914018,7.190457714645649
377.3349,7245,.08994424044818,155.069505223812,15.28809181050602
148.56003,7246,.0731610098659636,61.0522121015964,12.33007314319074
153.78601,7247,.0840605865547556,63.1998802152788,14.24545078648608
99.991028,7248,.0364490180484206,41.09230086795664,6.030135535784107
309.35846,7249,.0493970177113757,127.1339155985848,8.225715908927965
106.52956,7250,.0840669914668185,43.7793751940528,14.24658246744307
131.88718,7251,.0272987318996077,54.2003396663384,4.495584857209657
140.99367,7252,.0627419105600855,57.94274170395961,10.51854334226275
210.77209,7253,.0262328811136199,86.61887281374919,4.317747469905376
157.84274,7254,.0839496583952473,64.86703348927119,14.22585209097901
585.13342,7255,.074767905202576,240.4663600671896,12.61114178156746
167.86703,7256,.0829699161521006,68.9866145047564,14.0528464064911
335.62177,7257,.0736283666884104,137.9270823245876,12.41177386544768
144.7655,7258,.0487359545431119,59.49281250814,8.112930045223143
74.77858000000001,7259,.0795818468009244,30.7309962633704,13.45587632934109
360.95773,7260,.0522531530703097,148.3391454058724,8.713867134998511
99.088814,7261,.110887176005392,40.72152711078232,19.04956419795546
270.87378,7262,.1104696801532803,111.3182561239464,18.97380740247717
133.61551,7263,.0729952877085236,54.9106139557388,12.30111168579272
190.3365,7264,.0809727470366671,78.22066519962,13.70070507057741
351.01468,7265,.0334351013022078,144.2529507710384,5.523134371636668
142.53914,7266,.0305400326991445,58.5778678697032,5.037562599510816
127.71429,7267,-.0039288366955531,52.4854492926852,-.6369619908272436
189.02077,7268,.0488928602411385,77.6799529567076,8.139693423984365
146.06476,7269,.0565955752723072,60.0267562418288,9.458720845577986
92.090332,7270,.055190719014209,37.84543178788016,9.217392459546941
166.99881,7271,.051072776430739,68.6298109177428,8.511956140190057
95.178513,7272,.0517277011966854,39.11455028105843,8.623955788332099
127.71661,7273,.0569358810511853,52.4864027196068,9.517230127161135
127.28516,7274,.0945397009947449,52.3090940793808,16.10672999847059
92.076241,7275,.0358232772274109,37.83964095221108,5.924747667216591
102.8242,7276,.0829297351624368,42.25662089309601,14.04575475021444
280.82867,7277,.026716594510676,115.4093165237596,4.398431642466928
116.90057,7278,.0626017575500053,48.0414442191316,10.49430388683873
93.680908,7279,.0186792956038418,38.49909470997104,3.062847425732839
482.66074,7280,.0927922359791331,198.3541997911112,15.79499213450021
138.70393,7281,.0418116586742233,57.00175042832841,6.936026027397552
317.9899,7282,.0431693580365602,130.681091145212,7.166148715039102
110.3434,7283,.0297660025949855,45.346710422792,4.907977356103944
79.11657,7284,.0710012666948896,32.51373611321159,11.95301438631333
119.51833,7285,.0333515952395686,49.1172385546004,5.509108723134301
164.46712,7286,.0701322906205251,67.58938789914559,11.80153379482446
285.32529,7287,.0972369251754324,117.2572469393652,16.58897011798328
173.75307,7288,.0514752561689797,71.4055407968316,8.580776104653129
215.52335,7289,.0419003842617607,88.57145005319799,6.951054994025493
215.55519,7290,.1045217958355885,88.58453501577721,17.89796079158601
124.45892,7291,.1038873187719238,51.1476228281296,17.78357454872196
83.431938,7292,.0899621925635591,34.28717922864744,15.2912824975824
103.7022,7293,.0823131829385494,42.617443667736,13.93697343230205
94.298782,7294,.0309855730806246,38.75301613486616,5.112198811298962
79.48635899999999,7295,.0352635939904911,32.66570455627691,5.830541134451945
176.54689,7296,.0715674485878159,72.55368872877318,12.05178250509624
209.0119,7297,.0931468908512532,85.89550534257199,15.85821650267117
123.50024,7298,.0697333512660965,50.75364381037119,11.73203444870823
214.64586,7299,.0429624407934984,88.21083686809681,7.131057180236045
169.88429,7300,.075264696568155,69.8156274322852,12.69812903248081
168.51355,7301,.0975148425382134,69.252308286374,16.63873327073195
92.24850499999999,7302,.0647410844964342,37.9104345449794,10.86467046404644
479.99673,7303,.1105915114300803,197.2593985611924,18.99591105377619
187.87849,7304,.0495117640069833,77.21052170498119,8.24530069536549
130.09871,7305,.0904442940242328,53.46535024975481,15.37698936446067
102.86766,7306,.1297894999582772,42.2744812094808,22.51283411480582
96.10665899999999,7307,.0679505245468963,39.49598104984091,11.42178625449531
206.63635,7308,.1049307256105237,84.91924959963799,17.97172287426191
165.39919,7309,-.0023939503014124,67.9724312744972,-.388416607799229
175.45938,7310,.1202785906593886,72.10676574967439,20.76206986548085
213.95459,7311,.0174726716846385,87.9267526318492,2.863263916999822
130.38821,7312,-.0041544707422782,53.58432313501479,-.673466941202167
189.20413,7313,.10001699304059,77.75530656030439,17.08738508870323
113.43192,7314,.055939981713945,46.6159682313696,9.346059776505722
118.61903,7315,.0536572494764005,48.7476623345164,8.954357406137211
274.84482,7316,.0065884885646219,112.9501942458216,1.073790731451407
183.94928,7317,.0932008786716898,75.5957740348864,15.8678428847615
400.82825,7318,.0609311590344792,164.72432952061,10.20563540342897
116.56363,7319,.068792127923083,47.9029753971644,11.56817347622918
193.51888,7320,.064863713707985,79.5284957025344,10.88592441418807
73.683083,7321,.0817358403128288,30.28079094771004,13.83517084428824
277.60944,7322,.0863186303820754,114.0863421492672,14.64487301746132
134.43858,7323,.070735555707367,55.2488627041704,11.90668146627918
140.46924,7324,.0777266652487839,57.7272220140912,13.12985351988261
77.19817399999999,7325,.055339942783171,31.72535232325912,9.243010259522995
143.95662,7326,.0581446600396013,59.1603952804056,9.725218351673623
172.50974,7327,.0009453702178178,70.89458204923119,.1536418805125962
115.28369,7328,.0502040708500277,47.37697140835721,8.36351064937084
158.74687,7329,.0283733444709422,65.23859464557559,4.675076144553078
258.53351,7330,.0970555270358013,106.2469002455788,16.55649690236863
115.77486,7331,.1129375563938748,47.5788225726168,19.42207582719723
116.72991,7332,.0726512859808204,47.97130980601079,12.2410095681249
113.5007,7333,.1285371673704253,46.64423405191599,22.2813522191931
105.29157,7334,.0834477589561124,43.2706109722116,14.13720407929147
159.71291,7335,.1079273415883039,65.63559832805079,18.51316892730712
280.12726,7336,.0575103527831086,115.1210651543288,9.616045098714535
77.319366,7337,.0302350589794448,31.77515737303608,4.986493058007086
213.55925,7338,.0705355321697968,87.76428375288999,11.87181080940866
94.17203499999999,7339,.0366225892788388,38.7009282029558,6.059380253753893
68.458412,7340,.0713844175572632,28.13366078051056,12.01984737234499
127.04813,7341,.1023386820352744,52.2116842590244,17.5046842517663
77.129677,7342,.1420310099592955,31.69720280435876,24.7908941968588
109.21233,7343,.0668723969266433,44.8818860313204,11.23443827418244
254.36719,7344,.090772763614061,104.5347098783372,15.4354075886541
125.25584,7345,.0788564872716995,51.4751249756992,13.32833228785143
332.43347,7346,.0434506588336154,136.6168189391836,7.213866761832323
125.66343,7347,.022521824263899,51.6426281131884,3.700033812941912
268.59406,7348,.0804387978174099,110.3813826663128,13.60667810313145
110.34838,7349,.1151191047142638,45.3487570029944,19.81925749453756
177.10133,7350,.0726094784130552,72.7815413246404,12.2337065853971
113.73644,7351,.0717215340673925,46.7411137340272,12.07867176933602
255.40549,7352,.1029807306253117,104.9614095217412,17.62025684147509
196.17476,7353,.1056060060716783,80.61995582862879,18.0935949082548
159.28897,7354,.0505826792803863,65.4613759965236,8.428191875532583
91.034767,7355,.0847254784658982,37.41163692214796,14.36296891934341
117.31013,7356,-.0012553873582431,48.2097569475844,-.203801592143972
165.7075,7357,.0712145311073577,68.0991343151,11.99021092737923
108.98936,7358,-.0096870282456934,44.7902543068768,-1.565997807048059
202.01656,7359,.0481877057116814,83.02070125561281,8.019448297696291
108.40638,7360,.0347940912293703,44.55067291603439,5.751554540872882
179.8656,7361,.0959043948814097,73.91754539212801,16.35056277647149
119.95003,7362,.0415683221863331,49.2946499347964,6.894814817371865
148.64847,7363,.0922873642431173,61.0885573933836,15.70502725874336
203.29773,7364,.0952165361374664,83.5472107250724,16.22761999041169
124.41173,7365,.0630113781898166,51.1282296313924,10.56515730022403
93.863518,7366,.096967924955648,38.57414009365784,16.54081681518407
203.29791,7367,.0298092242600687,83.5472846978508,4.91521072287595
123.40278,7368,.0609542824584644,50.7135916604664,10.20962768925257
181.69656,7369,.0811526241469514,74.66999649401281,13.732392234939
70.997139,7370,.0996250479068585,29.17697572378332,17.01703261139228
163.55049,7371,.0840517257249706,67.21268974434119,14.24388518251009
123.90348,7372,.0268824655327007,50.9193592723824,4.42610818313005
101.94914,7373,.0393579444683921,41.8970063405032,6.520926500424243
141.42197,7374,.0583571857740555,58.11875582056359,9.761812528120055
137.99159,7375,.0377341516609956,56.70900726740921,6.246785878349954
99.255211,7376,.0408635249795736,40.78990960193468,6.775507679230446
133.0188,7377,.0757959718800905,54.66539008574399,12.79120218928399
131.80721,7378,.0731837415612733,54.1674752047348,12.33404608845827
140.23972,7379,.0790797570907107,57.6328985024336,13.36758121932164
289.90204,7380,.0803710118927433,119.1381075701552,13.59474478199346
120.69158,7381,.1231490857291358,49.5993972338104,21.28871611964841
139.55511,7382,.0737668675202855,57.3515512589868,12.43599314653209
282.71899,7383,.0836427934419325,116.1861622041212,14.17164676904477
138.49457,7384,.0516105276781864,56.9157118678516,8.603912384366053
106.77667,7385,.1061609520046952,43.88092748999959,18.19381105171103
211.48187,7386,.0716448303461924,86.9105639173756,12.06528578103008
94.132042,7387,.0356057778192955,38.68449268447495,5.888131650355389
101.99222,7388,.0434836473259667,41.9147104921336,7.219463595617126
130.56305,7389,.064649585622153,53.656175360434,10.84881368498686
165.74063,7390,.0423566466671212,68.1127494159244,7.028361005728076
106.78854,7391,.0921684463732124,43.8858055837752,15.68384347233548
307.75192,7392,.1211421140302289,126.4736921129696,20.92034050104129
119.31926,7393,.0772042946641819,49.0354287712888,13.03816310337251
91.443665,7394,.0406569898425373,37.5796775951602,6.74056161267692
155.6725,7395,.0809041549101859,63.9751519193,13.68862337783813
96.998535,7396,.0912813316413919,39.8625063037758,15.5258941322831
284.46652,7397,.0890677508333012,116.9043269232176,15.13238014660846
88.468765,7398,.0449801082612476,36.3571130481482,7.473547691690959
149.49307,7399,-.0639203215396328,61.43565410803159,-10.05854490270271
299.27277,7400,.0640516452573539,122.9891016464676,10.74522617526504
155.61731,7401,.021095286395644,63.95247104352281,3.463192710648558
82.720016,7402,.0523720073905681,33.99460784895808,8.734211139097523
159.87904,7403,.0621643606669634,65.70387109291519,10.41867796133661
89.942009,7404,.0799599746623399,36.96255722559892,13.52240136932861
91.832954,7405,.0884353233634102,37.73965975588552,15.02011177267742
117.35511,7406,.0052046703753406,48.2282419229868,.8476689916768317
126.23165,7407,.1001065519969035,51.876143736202,17.10346440937623
215.77846,7408,.0462851919947161,88.67629002818479,7.695448463363208
91.65428900000001,7409,.1000849121974178,37.66623560892533,17.09957909063212
77.870178,7410,.0659038873532918,32.00151900645864,11.06631093663788
79.99884,7411,.0183526197824418,32.8763136865392,3.008789326788694
284.17444,7412,.0359929512246264,116.7842937614672,5.953317808262802
271.91684,7413,.0791371542344689,111.7469119363792,13.37767256408879
97.32662999999999,7414,.012141348014888,39.99734018560439,1.984305025809352
81.814842,7415,.0781513092295187,33.62261765053896,13.20442552910888
175.50844,7416,.0713104912826327,72.1269274413872,12.00695042210932
155.42549,7417,.1161479667955923,63.8736407193412,20.0068772580224
100.38428,7418,.0711972659295788,41.25391166268641,11.98719932396851
87.52014200000001,7419,.0782497989397947,35.96726705390296,13.22172589650648
203.028,7420,.0758686156081084,83.43636251663999,12.80393235530122
137.18495,7421,.0376079605515686,56.37751058980599,6.225500004328157
214.80602,7422,.0870470954155341,88.2766562024776,14.77392271941535
125.96368,7423,.0953006788531956,51.7660188171584,16.24265449803003
385.36288,7424,.0380431678165877,158.3686829212544,6.298921963791347
201.16234,7425,.076636943935357,82.6696511069192,12.93863167874658
129.94392,7426,.1007259292455061,53.4017377699296,17.21470617453364
189.7281,7427,.0698039319019339,77.97063720862801,11.74432830407495
110.4165,7428,.0893101745771468,45.37675159002,15.17543398003567
84.194412,7429,.0106777881613358,34.60052545219056,1.7438310763786
344.43665,7430,.0941442212636735,141.549644351602,16.0361309540141
209.45992,7431,.0576837393363248,86.07962358800961,9.645880500446488
87.54042099999999,7432,.0890593654047914,35.97560090930948,15.1308911028195
152.5643,7433,-.018547687442271,62.697806420284,-2.985181982035813
173.00253,7434,.0333208195977896,71.0970989684964,5.503939952673479
139.32271,7435,.0390107257643,57.2560441828748,6.462269067664812
209.70468,7436,.0947698887395948,86.1802101282384,16.1478348090387
150.4382,7437,.03944042119774,61.824064619416,6.534862710206861
87.240746,7438,.0225798719102698,35.85244650727048,3.709678335231647
111.64371,7439,.134077244364081,45.8810856643548,23.30758231680363
248.1548,7440,.0542645404044228,101.981666829424,9.05847739571335
115.63901,7441,.0759424309836084,47.52299367291879,12.81686878939397
97.897858,7442,.0742266196257211,40.23209197593704,12.51641285694305
152.47116,7443,.027252812153392,62.6595296170608,4.487919231794863
113.47556,7444,.0566283059879569,46.6339025205328,9.464347421086778
89.269547,7445,.0950862268506685,36.68620232277436,16.2043389982321
155.68851,7446,.0510052226061053,63.98173138697881,8.500407833873657
379.90723,7447,.0899461027126362,156.1266296519324,15.28842279408127
109.77586,7448,.0566243562586074,45.1134742524968,9.463668432870636
91.032616,7449,.0587826108066736,37.41075294744608,9.835088573783157
122.98456,7450,.0680874868370356,50.5417200194528,11.44560087609774
151.0226,7451,.0911014529922615,62.064229573288,15.493884113178
87.140343,7452,.0759860913975173,35.81118490243884,12.82452089764124
154.42789,7453,.1145417916630778,63.4636671430532,19.71406518058987
110.13297,7454,.1238944694672078,45.2602321352436,21.42571819527949
139.93764,7455,.0171671396337244,57.50875574188319,2.812765110579506
283.8891,7456,.0871699039780163,116.667030469308,14.79568787548803
104.01436,7457,.0626661831275275,42.7457289038768,10.50544586505385
256.24384,7458,.043529657500584,105.3059377371392,7.227269998793656
91.22599,7459,.046846945813854,37.4902219032812,7.791051529955348
100.41574,7460,.0240060491918068,41.2668404605112,3.946811311367159
154.72836,7461,.0692540311724583,63.58714825819681,11.6485686097319
158.07254,7462,.123341092252815,64.96147206969519,21.32399729496693
208.95654,7463,.0574079448012842,85.87275460361519,9.598425727897268
364.12015,7464,.0726424780003121,149.638773149582,12.23947095695226
87.86241099999999,7465,.0872987921004953,36.10792588107067,14.81853337669699
148.66463,7466,.0849429383343056,61.0951985050444,14.40142141636679
99.84981500000001,7467,.0154574561160547,41.0342679904222,2.530470546349886
134.16273,7468,-.0166884523318774,55.1354994212724,-2.688435662621049
182.38934,7469,.046462186269004,74.9547012796792,7.725564752085827
238.14348,7470,.0590086911544972,97.8674159635824,9.874041785084179
107.38881,7471,.0473039299923401,44.1324924709428,7.868863814803134
137.32895,7472,.059307922706857,56.43668881252599,9.925612352564348
277.02722,7473,.0554356621335564,113.8470730879336,9.259444769393504
111.03535,7474,.0278335738300614,45.631074111758,4.584894772575975
194.53439,7475,.0157145696627044,79.9458295702732,2.572893048131099
192.46703,7476,.0831575022801651,79.09622755275639,14.08595778236835
96.082016,7477,.1385940966557613,39.48585376551807,24.14849031671399
116.75833,7478,.0239566323005533,47.9829892858004,3.938589021524553
121.76965,7479,.0550811514149482,50.042440751642,9.198585015630519
224.34723,7480,.1392880582253515,92.1977107191324,24.27802294255147
255.57683,7481,.0769546415460941,105.0318233875804,12.99435902167262
95.362579,7482,.1101648234999987,39.19019402233052,18.91850955199141
175.80511,7483,.0668064694004667,72.24884690898679,11.22298849334564
300.31641,7484,.0485210711691188,123.4179958156308,8.076284236791201
141.72865,7485,.1002315195966999,58.24478899656199,17.12590336735407
193.12094,7486,.0562564172510339,79.36495832788719,9.40042870674192
161.92024,7487,.0639592605775336,66.5427223999712,10.72922692727537
257.95209,7488,.0958103753876958,106.0079599521492,16.33375343736191
211.26189,7489,.0616921545708393,86.8201609629732,10.33707064600264
101.79623,7490,.1091941782323813,41.8341664652524,18.74255676207719
93.72377,7491,.062483364256857,38.5167092723476,10.4738304201128
146.86879,7492,.1043903822217802,60.3571803141452,17.87426302275854
108.79778,7493,.0624808281485693,44.7115226130664,10.47339188353847
88.726997,7494,.062304931870683,36.46323603988036,10.44297911683671
217.30457,7495,.0734526521409488,89.30346001065161,12.38105194549587
259.25528,7496,.0571566744165463,106.5435187581664,9.55520211214856
184.90254,7497,.0933716772497362,75.98752565009519,15.8983008133357
130.79784,7498,.1037212490046954,53.7526646306592,17.7536467618777
176.57468,7499,.0823771229283993,72.56510930383841,13.94825155994419
124.68331,7500,.1249479413017464,51.2398381156028,21.61952132615396
85.974518,7501,.0578468748067151,35.33207760033784,9.673956676111791
115.56753,7502,.0490322349533271,47.4936182606964,8.163470067423841
117.29322,7503,.0478272603498597,48.2028076160136,7.958016782726586
79.624741,7504,.0719491526972385,32.72257400639108,12.118400793309
166.149,7505,.0655824975826416,68.28057310211999,11.01055561131731
83.32936100000001,7506,.0977394817694741,34.24502419703668,16.67896668970951
174.19617,7507,.1033843252511262,71.5876371196596,17.6929442820416
116.02242,7508,.0772491241815734,47.68055980050959,13.04603003895851
77.56590300000001,7509,.0651052849929418,31.87647418897164,10.92780088913972
174.7227,7510,.0201015801006898,71.804019825276,3.298412049267489
169.51099,7511,.1140724167155867,69.6622161090812,19.62858503538533
137.00964,7512,.0538998571452911,56.3054652132432,8.995944890617258
282.86743,7513,.1347046585248019,116.2471650887084,23.42416175796026
82.944046,7514,.0938422668594662,34.08667519087448,15.98224637251194
119.02106,7515,.0772876506099661,48.9128805350728,13.05279115485679
265.78513,7516,.0357206800231361,109.2270251305844,5.907474439573138
263.12375,7517,.0788621716356362,108.13330472515,13.32933144188049
269.80219,7518,.07810692607809,110.8778756261372,13.19662989265662
104.10733,7519,.0682460862273416,42.7839358439204,11.47318177205717
136.79361,7520,.0246215244829462,56.2166855503668,4.049251971786124
93.794365,7521,.0204244148124414,38.5457209850762,3.351927936682668
419.85349,7522,.0135818864769271,172.5429398679812,2.22134032303443
167.52927,7523,.0564583846153447,68.8478086956876,9.43513908159173
147.79031,7524,.0655948023065261,60.7358880627628,11.0126899289794
185.76334,7525,.0542122677416728,76.34127991479919,9.049512763845367
110.22475,7526,.0722933156200102,45.29795003303,12.17848887429571
96.55677799999999,7527,.0601680700573658,39.68096190006664,10.0739389889785
111.6833,7528,.0220016050327869,45.897355566004,3.613625217765275
167.13861,7529,.0673747428238086,68.6872631089668,11.32170660253584
165.78931,7530,.0262093397874052,68.1327549428828,4.313821734670746
258.58936,7531,.0568743620567234,106.2698523548768,9.506651600000129
165.48872,7532,.048050083449145,68.0092245125536,7.995990412253142
203.33495,7533,.095770616900905,83.562506651806,16.3266456647181
99.53338599999999,7534,.0798860657144389,40.90422836655368,13.5093963936678
146.5927,7535,.0424016504706304,60.24371840087601,7.03598805667071
115.78785,7536,.0106819814308413,47.584160941458,1.74451955964273
244.96024,7537,.0605714392830358,100.6688308351712,10.14354126037432
102.00208,7538,.0535743456215845,41.9187625565504,8.940148450228266
114.88517,7539,.0792215444019977,47.2131956769796,13.39251077023927
173.55565,7540,.0808142237278982,71.324409097322,13.67278431799351
397.78467,7541,.0330589231868675,163.4735402490396,5.459960874411148
113.21615,7542,.0893189553832563,46.527295418062,15.1769936244965
163.33554,7543,.0645945159444586,67.12435391813521,10.83927079468106
92.73362,7544,.0284399754237461,38.1097973471656,4.686211786960291
161.19049,7545,.06732535331323,66.24282442754119,11.31312463487357
104.60819,7546,.0222101352382433,42.9897692094172,3.648256759516856
102.41586,7547,.1067221871001731,42.0888095356968,18.29521951687655
136.74463,7548,.0779013614598568,56.1965567354444,13.16052820263941
149.50125,7549,.0804684853431853,61.43901575985,13.61190467556484
174.94458,7550,.1263899191312591,71.8952036034504,21.88512760694808
140.0461,7551,-.0663001414191982,57.553328450468,-10.42076252312064
103.41875,7552,.0442047393378974,42.50095708975,7.341850339961093
103.99548,7553,.0895086292587711,42.7379699813424,15.2106867913117
155.93295,7554,.0736677187424864,64.082186420046,12.41865491589482
311.13235,7555,.0605511507193986,127.862913220118,10.14003975227987
203.19437,7556,.0178564970777362,83.50473391187559,2.926725037281524
117.65168,7557,.121777614054411,48.3501202945984,21.03690527459652
117.14297,7558,.0363170938639094,48.1410608940436,6.007911251901546
101.04275,7559,.0701564443540796,41.52451641487,11.80574251430199
74.362297,7560,.0429670441092938,30.55992065164436,7.131837787371345
151.11435,7561,.1282026419140393,62.101935142278,22.21956738123346
213.60376,7562,.0439893218623681,87.7825755771488,7.305279542816999
135.12253,7563,.0517220415847265,55.5299387140964,8.622987615529052
255.75453,7564,.0821971240050147,105.1048509582564,13.91650408796009
441.84927,7565,.0178804338503694,181.5823229772876,2.930683514660251
158.09438,7566,.033948779978869,64.97044743347439,5.609437425499308
204.92621,7567,.0379326204890981,84.2164506704548,6.280268968621292
118.41841,7568,.059165518031799,48.6652155633908,9.901067929666096
123.07379,7569,.0711023209103669,50.5783899695452,11.97063878196922
151.04036,7570,.0818600514382319,62.07152822075679,13.85706797901016
212.33588,7571,-.0143911647884892,87.26152776449439,-2.321010413774284
105.6115,7572,.0762664500326237,43.40208936662,12.87366569567336
129.98499,7573,.04026568532545,53.4186158922012,6.674372067539242
227.81981,7574,.0743245977598054,93.62480177922279,12.53355594470484
201.27769,7575,.0197411269590208,82.7170553290772,3.238680614290572
129.44275,7576,.0538689180336191,53.19577700687,8.990640787860322
151.49416,7577,.063973727218219,62.2580218143008,10.73173217333103
113.57086,7578,.0466877356715149,46.6730669970968,7.763950616708401
208.45352,7579,.0217370158851618,85.66603356477759,3.569694110843185
209.48917,7580,.1421355929578965,86.0916441644996,24.81047675752405
132.67957,7581,.090945505547933,54.5259801656516,15.46613739302371
340.5788,7582,.0767433058680399,139.964222778544,12.95728665563644
133.34155,7583,.1375526756281272,54.798027387014,23.95427062134468
127.84192,7584,.0988784921712688,52.5379001021696,16.88310530339473
180.04131,7585,.0727395904583659,73.9897551526428,12.25643567550282
258.0495,7586,-.0059200919600392,106.04799155406,-.9588395785919382
73.166267,7587,.0518455523670717,30.06840030636796,8.644117478814307
108.74235,7588,.0063800106297087,44.688743106918,1.039704533015172
126.32047,7589,.0262918042483907,51.9126451927436,4.327573856155687
177.209,7590,.070724652506556,72.82578937492001,11.90478050136327
98.177361,7591,.0619636841197324,40.34695649527668,10.38399205235283
97.65237399999999,7592,.0743804149006136,40.13120790075511,12.54332293748003
184.46426,7593,.0353228594500904,75.8074101538888,5.840514269667426
84.233253,7594,.0374705042348847,34.61648754488964,6.202316975195419
95.39368399999999,7595,.046730966251205,39.20297692939791,7.771308943466136
146.31935,7596,.0754874075289167,60.13138251767799,12.73713934169036
151.78194,7597,.0693492650409049,62.37628784856719,11.66514886246988
103.15178,7598,.0239507532253369,42.3912431305864,3.937610851454853
156.11118,7599,.0671463975243944,64.1554317994584,11.28203265924649
119.61923,7600,.0574652292847591,49.1587044064924,9.608281344290107
132.97035,7601,.0014036968213766,54.645479079558,.2281815668138588
86.556854,7602,.0443577543234279,35.57139433301752,7.367832033988484
125.28593,7603,.0627813179781947,51.4874907584884,10.52535946498865
185.01389,7604,.0561088192304638,76.0332860327332,9.375066751511685
75.068161,7605,.0168140674568002,30.85000243638068,2.754428012766672
111.92896,7606,.0667944459494739,45.9983119701248,11.22090043512113
200.31035,7607,.0606905151335479,82.31951739875801,10.16409343532271
217.76715,7608,.0556436579837456,89.493561831942,9.295161988323629
241.41788,7609,.0652594370439605,99.21306299465439,10.95452849414744
76.052773,7610,.0766751364854172,31.25463846574724,12.94533009834268
157.6315,7611,.0826617250812942,64.78022232421999,13.99846018283946
150.07277,7612,.0599122056108094,61.6738875504676,10.0298035509002
117.71172,7613,.0590579426854837,48.37479432579359,9.882528897913785
109.16302,7614,.0347561795334589,44.8616215996376,5.745178101150872
118.61287,7615,.0596099161806443,48.7451308216556,9.977674567034075
127.38773,7616,.0486410730796491,52.3512462342724,8.096748167147368
130.22693,7617,.0448285110224951,53.5180435255684,7.447790685511593
217.57658,7618,.1226771638278082,89.4152452076104,21.20202930883583
121.13161,7619,.039961557115511,49.7802319098068,6.622946365563588
207.81358,7620,.1163028138796862,85.4030438991704,20.03513135780716
98.05967699999999,7621,.0626465999469622,40.29859309275876,10.50205900735145
409.01859,7622,.0499771537480469,168.0902306641692,8.324756009747624
140.57265,7623,.0115658711088817,57.76971937528201,1.889707830542849
156.80283,7624,.1004934173244547,64.43967220046039,17.17293835072699
110.39643,7625,.0587909067866935,45.3685036252284,9.836517799622291
73.199791,7626,.1011395492204014,30.08217732538508,17.28903177655628
435.38004,7627,.0758680372152403,178.9237289927952,12.80383099345282
286.65115,7628,.0892415860103262,117.802122205862,15.16325176819347
131.33167,7629,.0580248327295836,53.9720473433996,9.704589070654743
81.068054,7630,.0987519598721302,33.31571774367352,16.86041612843894
501.29333,7631,.0280527831323775,206.0114467416004,4.621512968650065
140.85533,7632,.0907867860411087,57.8858895141604,15.43790190045493
208.64262,7633,.0010734944148052,85.74374607808559,.1744758461994913
133.52295,7634,.0686962267914022,54.872575509246,11.55148635788192
129.30281,7635,.0680057592547278,53.1382672812628,11.43138991922122
126.52678,7636,.0368627826807198,51.9974303255864,6.099858400157643
111.31567,7637,.0298346095697968,45.74627438531959,4.919459230065097
109.23579,7638,.0725302368023652,44.8915271501052,12.21986542886232
193.78351,7639,.1139601425631598,79.63724801557881,19.608144191404
183.36876,7640,.0418341573867356,75.3572036053488,6.939836892022514
216.07806,7641,.0664925118904131,88.7994136082328,11.16847314634711
98.880661,7642,.0008734505011952,40.63598457888068,.1419483590688692
212.21533,7643,.058245078465369,87.2119865509604,9.742508133632619
133.79518,7644,.0965129017639959,54.9844511173784,16.4593933162997
188.68816,7645,.012880164875687,77.5432635910208,2.105831964309223
169.76636,7646,.0553672676278896,69.7671629336368,9.247701631451015
74.395409,7647,.0895729853024807,30.57352835519092,15.22212028123759
102.10509,7648,.0667191353061422,41.96109553378921,11.20782214822095
115.1928,7649,.0401986266885274,47.339619264864,6.663031632328689
191.62225,7650,.0747309124203836,78.74905686533,12.60466614229707
120.4529,7651,.0644368110698019,49.501309329652,10.81194540830148
103.69619,7652,.0872734812565059,42.6149737988572,14.81404678124946
149.87836,7653,.0775286235339959,61.59399284019679,13.09508611034631
126.56108,7654,.0520538942883863,52.0115262494704,8.679765919728917
206.45728,7655,.0894054424521072,84.84565901392639,15.19235616657716
169.87167,7656,.0799040344470827,69.8104411185996,13.51255807302097
169.0864,7657,.0387723207687732,69.487726653632,6.422005882976333
76.38784,7658,.0644967107341665,31.3923375598592,10.8223236634693
113.24787,7659,.0508974223151754,46.5403310654556,8.481981021736269
120.4743,7660,.0845211892641737,49.510103871084,14.32685295164129
112.85871,7661,-.0225626693954215,46.3804019185548,-3.624120817017806
123.81161,7662,.0440154172285716,50.8816043882068,7.309709257751757
89.076126,7663,.0438643001208931,36.60671405182488,7.284058578610035
215.7168,7664,.0644950723815837,88.65095024198401,10.82203979315618
237.99669,7665,.0481991486132176,97.80709116279719,8.021398899840628
112.66699,7666,.0704486926782638,46.3016126903612,11.85667401179111
261.66299,7667,.1184644299547826,107.5329909708412,20.4300067789249
474.53711,7668,.0510061076844177,195.0157137811468,8.500559132705511
180.44563,7669,.0285596969031008,74.15591445132441,4.706222003729587
560.41107,7670,.0561688421491143,230.3064660778716,9.385380114199773
213.27434,7671,.0365607507846497,87.6471971734792,6.048960610186168
92.795654,7672,.0616655036358015,38.13529083236152,10.33246594301374
233.09628,7673,.0183758609105071,95.79321925724641,3.012634669828572
97.092674,7674,.0367484778501738,39.90119365591912,6.080594178645115
159.66527,7675,.0099042245077116,65.61602019936758,1.616870819945761
276.72644,7676,.0309119374499038,113.7234645752272,5.099861194369714
141.86378,7677,.0894509215787298,58.30032200514639,15.20043507488005
110.04451,7678,.0396197504646598,45.2238786242588,6.565168197301958
320.6824,7679,.1158627232847897,131.787600622112,19.95484188733449
386.52789,7680,.0935836560339691,158.8474552910532,15.93610950328088
96.91237599999999,7681,.0750334447096844,39.82709841147488,12.65763188289716
210.45726,7682,.0933864851200128,86.4894903147288,15.90094169546493
92.05027800000001,7683,.0345652730771161,37.82897120084664,5.713072857074416
194.98195,7684,.0495226578880738,80.12975877416601,8.2471601692313
84.02542099999999,7685,.0404531741056064,34.53107693110947,6.706082747796155
237.071,7686,.046335003371655,97.42666971147999,7.703923530825976
298.49075,7687,.0060384577575129,122.66772280111,.9838759022123394
91.660118,7688,.091606924235778,37.66863109406584,15.58384909052644
243.23161,7689,.0735732596871635,99.95843325780679,12.40213837993712
181.0822,7690,.0454782829841779,74.41751918213599,7.558217169125091
279.88373,7691,.0634755861989129,115.0209840947524,10.64548795839878
89.964676,7692,.0532617922521198,36.97187245319888,8.886590276904066
129.78851,7693,.0178930348964123,53.33787049497879,2.932767415767239
129.43208,7694,.0126068458615738,53.1913920649504,2.060863642753719
98.98951,7695,.0759904314397416,40.6807171508588,12.82528156999844
91.07079299999999,7696,.0758107961234505,37.42644216278484,12.79379993073443
116.89734,7697,.0558641770034719,48.0401168187192,9.333037810570294
240.5824,7698,.0143361826562429,98.869714234112,2.345593255377286
166.92969,7699,.0699545703220894,68.6014053708372,11.77056966307588
171.3748,7700,.0334969858664618,70.42816724302399,5.533529236609704
266.54129,7701,.028955783684057,109.5377765534452,4.772440921101969
188.63547,7702,.0516054115957561,77.5216101149436,8.603037293831052
174.62975,7703,.0496314905317276,71.76582110443,8.265737898326435
185.82368,7704,.0939773955745554,76.36607723395839,16.00635844640388
90.332855,7705,.0242934634508695,37.12317925085739,3.994641138873834
211.63606,7706,.0651082077162199,86.97392982127279,10.92830760628124
138.17537,7707,.0514528695377604,56.78453347415559,8.576947489618142
110.35635,7708,.0352375940915436,45.352032353238,5.826166082692033
170.67152,7709,.051710353117689,70.13914737861759,8.620988121956332
308.3681,7710,.0417081026450062,126.726917371828,6.91848666214788
90.412971,7711,.0660138859809239,37.15610371260347,11.08539782988256
130.8868,7712,.0061214691793019,53.78922362158399,.9974428059632752
113.36303,7713,.0433125266512068,46.5876572052364,7.190433234967553
72.329094,7714,.0974662667875661,29.72435579074872,16.63003442703527
161.84245,7715,.0668882663339066,66.510753830906,11.23719446233534
131.88538,7716,.0970948368238145,54.1995999385544,16.56353349346652
156.54619,7717,.0892770727442231,64.3342034568572,15.16955456434276
401.00333,7718,.0569380016163176,164.7962803764004,9.517594781522737
104.85466,7719,.0323671869845032,43.0910584910408,5.343856118401537
98.820992,7720,.0812724830114286,40.61146301380096,13.75350974549622
237.78827,7721,.0430233722873913,97.72143890460761,7.141389927460215
165.65117,7722,.0794071451259691,68.0759849450596,13.42514909396643
163.53363,7723,.0834628072130514,67.20576096076439,14.13986133142065
99.786591,7724,.0795076222306679,41.00828546296908,13.44282075662378
167.12283,7725,.1043471172085038,68.68077816206039,17.86646174016038
321.48944,7726,.1130242975964496,132.1192616836672,19.43785175205661
197.9077,7727,.0468247285360256,81.332124643076,7.787269423154628
145.86853,7728,.0536787936351279,59.94611358457639,8.958050069033018
112.47202,7729,.0366977333796098,46.2214878425576,6.072042728566309
76.03569,7730,.0564141255428792,31.2476180381172,9.427532059819098
104.88808,7731,.074676496439699,43.1047927702304,12.59514098263793
127.92521,7732,.0720120918132641,52.5721289505748,12.12938791217416
192.21782,7733,.0359302608849942,78.99381224106159,5.942761284085049
125.41528,7734,.1167490078996263,51.5406484189664,20.11657040913632
138.59486,7735,.0741885538859942,56.9569270342168,12.50975300435907
108.71385,7736,.0866911279726093,44.677030750338,14.71085030532469
112.75247,7737,.0599900509435123,46.3367415409036,10.04323031690474
267.8187,7738,.0667659116670033,110.062740813756,11.21594511613634
147.58275,7739,.0562254494676275,60.65058923007,9.395107162896977
128.55676,7740,.0963353083790098,52.8316706627888,16.42762416307338
93.38076,7741,.0505770396295146,38.3757459239088,8.427228221440108
129.304,7742,.0292180905361807,53.13875632352,4.816308567087324
156.58983,7743,.0711497551833142,64.3521377460204,11.97891218709506
127.49079,7744,.0523714938747993,52.3935997595052,8.734123236654868
184.70169,7745,.0238397352861088,75.9049843581972,3.919140586249477
189.23218,7746,.0941712752553953,77.7668339849384,16.04095960638305
140.0056,7747,.0736437764879186,57.536684575328,12.41446837125997
211.93996,7748,.0230534627245635,87.09882052880481,3.788385600698811
97.696152,7749,.0995352384384033,40.14919890238176,17.00091607809818
88.565758,7750,.0694994695458356,36.39697327978904,11.69130273333845
112.31152,7751,.0704527765742774,46.1555287818176,11.85738583712004
251.30533,7752,.0547931521033449,103.2764082601604,9.149159324607217
89.918907,7753,.0959206876199719,36.95306323045116,16.35347584548127
202.49309,7754,-.0413977062745265,83.21653596722919,-6.587494858390756
171.54462,7755,.0650990589425349,70.4979564498456,10.92672147390489
301.38889,7756,.0837125158988909,123.8587420677332,14.18396124183647
100.84045,7757,.1082430782208256,41.44137923114599,18.57031260421748
86.196251,7758,.0166170318245013,35.42320096740988,2.721881336774524
232.22046,7759,.031035002926874,95.43329237514479,5.120481269512895
143.96729,7760,.0516195525111485,59.16478022232519,8.605456065855231
85.11835499999999,7761,.0702298501616735,34.9802289565974,11.81853389175738
123.04364,7762,.0825773845285347,50.56599952916319,13.9835795960639
199.66162,7763,.0475719011779051,82.0529153958056,7.914508742221736
118.45922,7764,.0633443388828903,48.6819868360936,10.62277198115382
90.06603200000001,7765,.0564267199666423,37.01352570279616,9.429696690336968
143.86603,7766,.0621827778414429,59.12316642487639,10.42186162395018
133.06204,7767,.0570349245976918,54.6831599909552,9.534262573369533
81.19664,7768,.0746910689345939,33.3685614308032,12.59769175124537
154.84967,7769,.0384647294484599,63.63700180123961,6.370072299884791
227.70424,7770,.0880418740433467,93.5773071458912,14.95030256074835
185.29434,7771,.0647379564523199,76.1485397310792,10.8641283492231
157.59186,7772,.0077888906943076,64.7639318745768,1.270195120370432
227.63733,7773,.0479339821193827,93.54980982032039,7.976203306901042
106.09857,7774,.0113354986433511,43.6022555953716,1.851854339598756
189.64908,7775,.0289253953098309,77.9381631589104,4.767359577053006
179.41077,7776,.0220675634173504,73.7306285099076,3.624578440161983
177.05464,7777,.0294870194818536,72.76235360784321,4.861295625850979
79.09897599999999,7778,.0268121141566093,32.50650568508287,4.414369087958126
318.62897,7779,.0590113330873868,130.9437232757236,9.874497037124625
167.83493,7780,.0573917767935907,68.97342269260839,9.595644174849792
148.92104,7781,.1021647561161657,61.2005727278752,17.4733893161903
164.23744,7782,.0902276459977446,67.49499863390719,15.33846907443893
85.92292,7783,.0743843742272146,35.3108728924496,12.54401576892137
150.31883,7784,.0125257636217134,61.7750083385404,2.047525799441662
104.76216,7785,.0994977956700687,43.0530447021408,16.99419730736175
164.06516,7786,.0008146171992611,67.42419846578079,.1323832003819329
260.35724,7787,.0888939909255046,106.9963801075312,15.10152725480917
133.40579,7788,.0962683694040065,54.8244274497052,16.41565111263142
106.27886,7789,.0098935703623419,43.6763475521368,1.615122905983095
211.48251,7790,.1298952897636718,86.91082693169879,22.53240164672457
210.01086,7791,.0825907480438556,86.30603782429679,13.98593729809197
123.6185,7792,.0646894077687413,50.80224392578,10.85571469518464
97.48683200000001,7793,.0956189805946428,40.06317678030016,16.2995396720098
92.88323200000001,7794,.0654458188646915,38.17128187673216,10.98684975045364
229.52322,7795,.0625361325517988,94.3248349484136,10.48295521471089
375.75375,7796,.0508530426970237,154.41971600955,8.474395581502833
208.84753,7797,.1397037540845037,85.82795586709641,24.35565845083837
190.02251,7798,.0812072507376249,78.09162790689881,13.74201638735448
106.78284,7799,.0296823989046868,43.8834631124592,4.893986738026937
157.32877,7800,.0668123176224656,64.65581243974759,11.22400413662234
106.45419,7801,.0975635663484063,43.7484011478972,16.64745905311906
106.53671,7802,.0637709640000869,43.7823135571948,10.69662216113451
88.863068,7803,.0853323679494365,36.51915576171184,14.47030348608714
92.38835899999999,7804,.0668952446864362,37.96790892803692,11.23840647183094
166.21881,7805,.0484044787507449,68.3092622113428,8.056404079167887
162.58888,7806,.0840158712288752,66.81750661413439,14.23755025812948
192.70149,7807,.0373660295767054,79.19258120622121,6.184698679169378
318.99701,7808,.0808328508691006,131.0949729499588,13.67606489185213
145.75967,7809,.0979767399210769,59.9013764920396,16.7214700022033
198.1633,7810,.0365629465832279,81.43716598840399,6.049330586146014
208.4644,7811,.038947114851498,85.670504808272,6.451525157839364
341.83691,7812,.0808832196124086,140.4812555131708,13.68493603752548
186.07411,7813,.0284316107933344,76.46899391670679,4.684813814353567
184.55133,7814,.0661433226640256,75.8431924306404,11.10786029138267
380.26868,7815,.0325043121482236,156.2751711005584,5.366865567640188
147.14598,7816,.1047028061849728,60.4710942832824,17.9306074209848
171.24094,7817,.0055635452440948,70.37315615348719,.9062806128836384
101.61614,7818,.0719717919426894,41.7601567004632,12.1223527882592
233.94202,7819,.0828992306173899,96.14078446615761,14.04037110723631
112.839,7820,-.0071553546095674,46.37230189932,-1.158192423282369
140.81866,7821,.0578563245879205,57.87081961536079,9.675583156311321
149.79277,7822,.0975824280956392,61.55881878406759,16.6508370537918
180.99747,7823,.0729620742007015,74.38269855150359,12.29530789991923
348.24487,7824,.0710712002551083,143.1146699858156,11.96521098345971
97.424629,7825,.0597263505133328,40.03761384288452,9.99775148279001
188.58165,7826,.1073601866849951,77.499492254202,18.41056755097821
330.34824,7827,.0629476596647264,135.7598730686112,10.5541337935591
174.37323,7828,.0732065526519868,71.6604016760124,12.33803300089012
200.01952,7829,.1172245778787173,82.19999793685759,20.2034111562305
128.3147,7830,.0592133237935905,52.73219371423599,9.909307191016328
115.46098,7831,.0663956306894911,47.4498304854824,11.15165422249991
115.75392,7832,.0598294842474402,47.5702170727296,10.01553691235622
187.60657,7833,.0632898806929721,77.0987734944116,10.61334736067682
123.31969,7834,.0202220798185307,50.67944500403719,3.318385108898323
155.06113,7835,.1058073735685177,63.72390337746439,18.1299528760962
95.92147799999999,7836,.0446299961734484,39.41987908830264,7.414068084559214
99.89408899999999,7837,.0854307282565537,41.05246282814932,14.48770564011664
167.52336,7838,.047112132330225,68.84537992279679,7.836201429769406
141.75801,7839,.0131050379933423,58.2568547786388,2.14283885130254
244.40883,7840,.089437856567121,100.4422234477404,15.19811416968068
144.67616,7841,.0392979037607946,59.4560973524608,6.510782059923354
114.33901,7842,.0745895588629172,46.98874582891879,12.57992420690404
79.478645,7843,.1071956083411094,32.6625344117626,18.38080533361903
167.42145,7844,.0718318313190869,68.80349900142599,12.09792214927512
235.35081,7845,.081329429822203,96.71974063550279,13.76354389022262
139.27171,7846,.0097825004144889,57.23508522899481,1.596901932774414
165.21216,7847,.0368407516130925,67.8955694481408,6.096145250449555
97.16983,7848,.0415193945430103,39.9329016764204,6.886529694317217
173.30252,7849,.0616862388091252,71.22038282289759,10.33604852021136
186.42743,7850,.121926923577366,76.61419426150839,21.06430269495359
104.93636,7851,.0884586748634501,43.1246339132368,15.02425586311246
122.26598,7852,.1037973782526221,50.2464124688824,17.76736555900427
119.78896,7853,.041373459180632,49.2284566269248,6.861820254903714
152.95409,7854,.0002995149686652,62.8579944719092,.048661553453943
93.960762,7855,.1043802276985936,38.61410347622856,17.87243199092675
170.6703,7856,.1048223767999575,70.13864600756399,17.95217615602845
194.40279,7857,.1230720887374283,79.89174725006519,21.27456983465525
172.75615,7858,.0790245528381228,70.99584667326199,13.35787596666276
265.20398,7859,.0583628450183733,108.9881957963224,9.762787082938322
123.501,7860,.0047675684675725,50.75395613988,.7763096973736683
140.782,7861,.0412109460998094,57.85575382616,6.834308157741104
193.30736,7862,.0445922752765366,79.44156946871679,7.407661024756752
215.46077,7863,.0898419354159928,88.54573218390759,15.26990990210608
102.26168,7864,.045222884463132,42.0254477413984,7.514804520378681
171.78683,7865,.0592597566843539,70.5974950423804,9.917310216904863
194.06032,7866,.0988175824957658,79.75100581996159,16.87218290936296
96.598564,7867,.0302123435322219,39.69813426961232,4.982689853533639
143.09883,7868,.0601197382977401,58.80787800494039,10.06560111801888
173.70522,7869,.086573879782487,71.38587636657358,14.69008049344104
296.4274,7870,.0267166358306027,121.819768732712,4.398438536364395
135.70235,7871,.0894943755408488,55.768221471718,15.2081545763794
114.45026,7872,-.0331764800260904,47.0344651155688,-5.300885691648007
114.89688,7873,.1016180641327422,47.2180080171744,17.37505706429623
287.82458,7874,.0314073728756418,118.2843548578504,5.182888687408428
154.91154,7875,.080175912256117,63.66242788901521,13.56040313025308
135.50337,7876,.0665257686335268,55.6864486747956,11.17424701187885
85.044083,7877,.0584175481657433,34.94970614439004,9.772207567701965
109.07146,7878,.0611790776881751,44.8239941130248,10.24844365634406
122.39719,7879,.0310830011296781,50.30033451473719,5.128524233544326
177.52858,7880,.1017467122056079,72.95712393337041,17.39819186604343
109.4406,7881,-.0230170933385291,44.975695843128,-3.696275759812901
206.02345,7882,.043000593480872,84.66737228918599,7.137527029560286
190.15875,7883,-.0096014755518102,78.14761708095,-1.552233712703318
219.05586,7884,.1043697638767176,90.02316993889679,17.87054520677485
94.02918200000001,7885,.0591981127522826,38.64222135121816,9.90668554495179
95.097527,7886,.0714398213815183,39.08126828421676,12.02951357796765
141.69359,7887,.0830281243326984,58.2303807431692,14.06312023798271
138.40994,7888,.0723818176639859,56.8809323332072,12.19394396306993
299.46667,7889,.0317456695215487,123.0687867671996,5.239605732943772
116.0388,7890,.0352252827767601,47.687291323344,5.824094474346325
231.20894,7891,.1286174546683321,95.01759823732721,22.29618387558495
309.47174,7892,.0827382901410146,127.1804691337912,14.01196999092146
182.40637,7893,.0543113367707162,74.9616999264356,9.066503253883658
204.44818,7894,.0564688159635338,84.0199995190184,9.436932017102549
85.62762499999999,7895,.0507797112097316,35.189518494685,8.461862375950487
171.52867,7896,.0361491141397699,70.4914016397596,5.97961720310164
131.12932,7897,.0177006558420457,53.8888896116816,2.900955541672168
168.65028,7898,.0944677587781341,69.3084988307664,16.09388515961783
118.72502,7899,-.0373947416402228,48.7912199721976,-5.962358328952633
212.96745,7900,.0698491423045873,87.521077695906,11.75220358494311
132.6743,7901,.0704630227908657,54.52381440708399,11.85917177112227
105.92926,7902,.10044332533867,43.5326759780888,17.16394123089471
161.23248,7903,.0762413573170302,66.2600806329024,12.86926656653847
122.46426,7904,.0661208557623374,50.32789759388879,11.10396117334074
86.529472,7905,.0424112140910318,35.56014142958336,7.037608902120748
127.15393,7906,.0652477512914525,52.2551638143284,10.95250221928389
188.67712,7907,.086021092819451,77.53872659394561,14.592190405971
326.31934,7908,.0271294658715058,134.1041568080792,4.467330129016275
149.54048,7909,.0433865671674211,61.45513771594239,7.20299348555467
282.927,7910,.0593648358178503,116.27164596876,9.935422695402469
134.39851,7911,.0693268102671063,55.23239554177879,11.6612393355444
103.14668,7912,.0839813793915849,42.3891472351984,14.23145630843106
202.45578,7913,.0666761670795508,83.2012030541064,11.20036081822117
105.27163,7914,.0578122279690886,43.2624164322044,9.667993453081232
286.85641,7915,.0235371031124814,117.8864758308308,3.868801509572841
129.83824,7916,.0653913799342533,53.3583075298112,10.97740864349714
109.66959,7917,.0258626439096202,45.0698015460492,4.256017671819981
134.8627,7918,.1030147578981629,55.42315900847599,17.62638402505164
215.12622,7919,.0509079058191516,88.4082455560536,8.483772929318997
102.87638,7920,.0385822898359845,42.2780647796344,6.38991925802908
104.02747,7921,.020332820955207,42.7511165879036,3.336742787359676
104.97404,7922,.0806847926097888,43.1401188815152,13.64999086267933
131.5351,7923,.0549805037286645,54.055648911788,9.181310504030238
107.15044,7924,.0067392153407809,44.0345319643472,1.098439026369996
182.71716,7925,.0963605771024245,75.0894221475408,16.43214406569715
152.09253,7926,.0493824769949674,62.5039278776964,8.223234273983111
107.42658,7927,.0637847255474111,44.1480144256104,10.69900485381613
249.59796,7928,.0276588937881537,102.5747476898448,4.555720789874019
82.48292499999999,7929,.1118191550504338,33.897172960049,19.21879079663568
96.009209,7930,.0199280458245322,39.45593300953492,3.269652638166425
114.37166,7931,.0095446227248869,47.0021636690008,1.557885016551415
123.17433,7932,.0886940188784053,50.61970787588039,15.06602675753974
156.75415,7933,.1257648230515739,64.41966667350201,21.76994049599455
92.030472,7934,.0317754582491382,37.82083172946336,5.244600874354676
122.48238,7935,.0224067139181354,50.3353441869144,3.680910071483296
290.48865,7936,.0579778560210764,119.379180745362,9.696502308969613
164.84386,7937,.0493975632332717,67.74421292433679,8.225809012759601
198.15416,7938,.0628209906128639,81.4334098151008,10.53222173235126
99.222328,7939,.050890699418579,40.77639600820064,8.480831911116782
160.56197,7940,.058808819938817,65.98452792376359,9.839603905822992
145.33455,7941,.1207127547722918,59.726669227854,20.84162842821582
235.19177,7942,.0859245368341145,96.65438157618759,14.57509737355556
156.80304,7943,.089611951435193,64.4397585020352,15.229043359113
76.745186,7944,.0591927064305164,31.53919242913768,9.905753766792376
117.00682,7945,.0924086156265508,48.0851087063816,15.7266293264051
242.31183,7946,.0868337724908246,99.58044057938039,14.73612220781069
347.77884,7947,.1171253801018844,142.9231503529392,20.18529388513265
133.59938,7948,.055814968263818,54.90398517287439,9.324585110537555
95.16346,7949,.0387509623416585,39.1083641019848,6.418399219424447
102.57039,7950,.0789272549203639,42.1523151659532,13.3407716888254
128.41196,7951,-.0131766783556105,52.7721636721648,-2.126425659563749
93.034843,7952,.0632659303796051,38.23358791509884,10.6092026440604
140.82623,7953,.0295644151972371,57.8739305816524,4.874244802993112
116.26926,7954,.0818295021969844,47.7820011372888,13.8516822120224
341.2323,7955,.0466794178979398,140.232785060124,7.762534875378738
169.02245,7956,.0958509285729586,69.461445769306,16.34100357233839
111.04694,7957,.0613687103796213,45.6358371367672,10.28119480381855
158.82761,7958,.0575055454003607,65.27177554628679,9.615217944508535
167.81699,7959,.1217010920999174,68.9660500723612,21.02286553087537
143.57217,7960,.1329652835029691,59.0024017545396,23.10114915302345
108.89501,7961,.0847056974912507,44.7514802421988,14.35947154922086
127.71603,7962,.037080358261495,52.4861643628764,6.136533313660653
295.56723,7963,.111400394021759,121.4662733727324,19.14273362568064
123.28441,7964,.0206154724724709,50.6649463394708,3.383607453591837
97.54078699999999,7965,.0830069099789307,40.08535012062556,14.05937580335108
212.6044,7966,.0409848667938568,87.37187871147199,6.796042269123567
180.58963,7967,.0569083713487756,74.2150926740444,9.512499603113387
109.49482,7968,.0781862297368295,44.9979780878216,13.21055935164029
122.67104,7969,.0978335663057595,50.4128758778752,16.69582013880327
96.56117999999999,7970,.0307100362396499,39.6827709454584,5.066037397191074
93.27778600000001,7971,.0781724705348082,38.33342774122568,13.2081425082768
98.199776,7972,.0498554743042072,40.35616816098688,8.30397828479701
95.261627,7973,.1172939270825985,39.14870680052476,20.21607801484578
122.1218,7974,.0248349697716173,50.18716027338399,4.084792862859891
114.46066,7975,.08791859250165,47.0387390983208,14.9284345245658
101.79251,7976,.0469910670744448,41.83263769449879,7.815587719331809
203.69044,7977,.0537430411058105,83.70859877954719,8.969062540264021
96.35762,7978,.0537426814887168,39.5991159522856,8.969000897379637
312.24362,7979,-.0049642197174634,128.3196006059656,-.8044070559923708
136.60948,7980,.1066513968944491,56.14101550766239,18.28242543703913
97.033676,7981,.0586199557790593,39.87694784491888,9.807068870466095
87.17411,7982,.0752568164763006,35.8250617847068,12.69674890562132
81.346008,7983,.0947659122929655,33.42994568615904,16.14712465145204
172.90125,7984,.0872694933261825,71.05547695185001,14.81333989182557
403.87344,7985,.0835223709636833,165.9757804375872,14.15037961327905
199.00272,7986,.0720748111279907,81.7821339308736,12.14033734881735
179.93661,7987,.0697313506221541,73.94672765320681,11.73168598578497
165.48112,7988,.1322672343210826,68.0061012174656,22.97167504206454
99.865852,7989,.0943968075341622,41.04085855401776,16.08121815786316
124.48898,7990,.0774937998963145,51.15997628212239,13.08897332389557
268.22607,7991,-.0204214511443848,110.2301535400716,-3.28368947786863
440.75345,7992,.0350283011564725,181.131984921586,5.790952110947051
90.153717,7993,.1159277544343333,37.04956071987396,19.96670384830381
116.39185,7994,.029317204117615,47.832380708978,4.832887109485474
170.05115,7995,.0422198917982982,69.884200197862,7.005186485256032
138.26903,7996,.1171120414646176,56.82302397651639,20.18285788185034
109.08736,7997,.0717924960300398,44.8305283751168,12.09105664615008
112.10606,7998,.0413978396699853,46.0710929648728,6.865948052315377
90.751144,7999,.0282600390632696,37.29507924810272,4.656141776369998
123.63634,8000,.0806728072491835,50.8095754500392,13.64788033107583
150.57724,8001,.0815480617895214,61.88120448113119,13.80207259933232
153.89099,8002,.0718386063898441,63.24302278348119,12.09910468391481
146.81558,8003,.0666054765520556,60.3353131389304,11.18808627440428
157.67632,8004,.0928512031410432,64.79864154604159,15.8055026637037
85.735405,8005,.0542141399588841,35.2338117505514,9.04983383635714
268.50073,8006,.0465998305086249,110.3430277807124,7.748989158711887
92.18309000000001,8007,.079412646884512,37.8835516044292,13.42611668359148
125.61977,8008,.0581423726499308,51.6246856048276,9.724824535125869
136.02316,8009,.0693180416484215,55.90006151082079,11.65971268397482
124.65337,8010,.0378435975236453,51.22753397679559,6.265249344967194
102.26529,8011,.0473958171809451,42.0269313065652,7.884514060132927
206.3737,8012,.0168608734247543,84.81131098715601,2.762160443679101
107.63832,8013,.0174190922757417,44.23503107060159,2.854407114399839
99.500084,8014,.043242829701739,40.89054258062992,7.178610677768043
203.597,8015,.0417093879138369,83.67019868836,6.918704337998532
201.05222,8016,.0706655511038883,82.6243962049336,11.89447657662702
98.268547,8017,.0855530072740259,40.38443028289436,14.50934193959191
172.27504,8018,-.0030250770487881,70.7981297653952,-.4906616511430582
263.1684,8019,.1010695876257426,108.151654083792,17.27645784033709
80.619316,8020,.1041245280773941,33.13130442904208,17.82633116404174
183.11023,8021,.044512688599804,75.2509581475724,7.394143671472665
104.35654,8022,.0557283824593074,42.8863511556152,9.309713074661618
96.998535,8023,.1178750980466053,39.8625063037758,20.32226532414247
173.63806,8024,.0934706793587981,71.35827630103279,15.91595790395315
116.07055,8025,.1098126331523123,47.700339299534,18.85464684163581
156.51715,8026,-.0073799259794245,64.32226918194199,-1.194408423980779
94.781464,8027,.0527768546254301,38.95137907166431,8.803526001025816
109.09061,8028,.1262479561771503,44.8318639947268,21.85896162467449
118.74641,8029,.0480272247421154,48.80001040403079,7.992094429902613
83.994919,8030,.0483093111961734,34.51854183284972,8.040178790226115
128.43962,8031,.0883897923653955,52.7835308224456,15.01203186026746
104.1334,8032,.0514832599845979,42.794649567992,8.582144957078967
120.3758,8033,.050839741245003,49.469624322904,8.472122140143425
387.12973,8034,.001727677663408,159.0947873852324,.2808926205177188
209.94655,8035,.0728319052199989,86.27960899441401,12.27256380486884
133.96475,8036,.0709089797537698,55.05413758423,11.93692060606751
379.82281,8037,-.007345929855781,156.0919364188628,-1.188926485998242
125.38447,8038,.0417829255749145,51.52798674506359,6.93115929794317
414.97342,8039,-.0050121789420261,170.5374268863896,-.8121589567124845
170.00244,8040,.0848367905513125,69.8641823421072,14.38265071394705
292.88809,8041,.0547569233021876,120.3652543198292,9.142942840085912
143.37236,8042,.091527779453941,58.92028786091679,15.56975971064244
111.59884,8043,-.00320010971259,45.8626458945392,-.5190062110067428
302.57254,8044,.0717915561156729,124.3451747296952,12.09089259866924
322.55042,8045,.0759147797644507,132.5552818971496,12.81202269292057
118.76897,8046,.0036557261465085,48.8092816589236,.5949358291699962
99.500534,8047,.0536730444495121,40.89072751257592,8.957064652413365
140.55754,8048,.114776229649811,57.76350977149519,19.75677484477255
138.51239,8049,.0710871970545019,56.9230351729132,11.9680009872884
167.65811,8050,.0712536102796083,68.90075676662678,11.9970277864703
127.91518,8051,.0857235410049345,52.56800702297841,14.53952094486156
228.19011,8052,.0945218400424712,93.77698022278679,16.10354094942196
251.73373,8053,.0922869079359683,103.4524634727524,15.70494596830533
177.71689,8054,.1386229151779429,73.03451178837319,24.15386770024208
105.78438,8055,.080950161325147,43.4731361106744,13.69672677280657
90.505112,8056,.0643166131056865,37.19396996690656,10.7911217053619
188.40054,8057,.0250119371746968,77.4250633103352,4.114265554046914
185.36542,8058,.1381068510194134,76.17775075934959,24.05759631861125
109.57272,8059,.0504750780944279,45.0299918624736,8.409806865620654
191.61815,8060,.0896879058541414,78.74737192982199,15.24253888808996
142.92633,8061,.0776316776075402,58.7369874256404,13.11317701112544
260.69992,8062,.0838321317737617,107.1372078392096,14.20508995640397
245.22984,8063,.0944615652103848,100.7796256188192,16.09277937951549
88.91810599999999,8064,.0151390251160912,36.54177417158728,2.477946076105803
193.93483,8065,-.009377891361168,79.6994344646204,-1.516256942473355
129.03185,8066,.0744253214218389,53.026913592178,12.55118116438549
297.09283,8067,.05622014863968,122.0932337656604,9.394196278303575
87.231476,8068,.0335976738562189,35.84863690918288,5.550443359728954
127.20463,8069,.0161312505078104,52.27599948024439,2.641666554694137
89.527,8070,.0409982546785946,36.79200517676,6.798308044069289
158.49043,8071,.0813574813290044,65.1332080939484,13.76848683325658
242.39452,8072,.0874921144085216,99.6144228518576,14.85280539902422
103.09152,8073,.0737477565193516,42.3664786882176,12.43265105589127
140.74771,8074,.052623718062295,57.8416620118748,8.777303824494245
132.31009,8075,.0705347188428723,54.3741387091892,11.87166903411283
176.25095,8076,.0393722871884033,72.43206926188599,6.523349927579389
126.98727,8077,.0803424946532499,52.1866732407276,13.58972472816053
189.93759,8078,.0828589950820927,78.0567291938892,14.03327032618077
219.36937,8079,.0230447064248363,90.15200997087561,3.786930030664811
154.33958,8080,.0608151085408004,63.4273752760504,10.18560054603522
208.34413,8081,.0762769817627389,85.62107866350441,12.87551209870105
126.90375,8082,.1584252846479453,52.15234987154999,27.88576642131273
74.105881,8083,.033363323392265,30.45454396305428,5.511078508783523
133.79742,8084,.1763813285505674,54.9853716675096,31.33419489284062
180.6452,8085,.0089159800109632,74.237929714576,1.45481912619514
155.49161,8086,.0781881094212383,63.9008133866068,13.21088952618859
221.00005,8087,.0592887429641679,90.822154027994,9.922306388624783
102.68584,8088,.0835403749008105,42.19976048409919,14.15355902740069
255.63698,8089,.0607289989032838,105.0565426243624,10.17073615486539
101.14359,8090,.0623186895895356,41.5659576091692,10.44535765707335
109.37952,8091,.113176430215359,44.9505944136576,19.46552394663668
102.38361,8092,.0510853480569347,42.0755560795668,8.514105342066101
71.803513,8093,.0809086759019279,29.50836308605844,13.68941967161264
122.31761,8094,.0905274489497777,50.2676303274868,15.39177663064765
160.52301,8095,.0705477323000344,65.9685169268388,11.87393749214357
235.44318,8096,.0199162431495729,96.75770099961841,3.267696790972457
147.95813,8097,.0874834960370001,60.8048553498244,14.85127739999016
219.90521,8098,.0451777140642006,90.3722187129748,7.507127608356317
105.68063,8099,.1156606039312563,43.4304990231244,19.91797937338993
80.731934,8100,.0664212539517647,33.17758590880792,11.15610235421592
172.1194,8101,.031364946965804,70.734167969672,5.175777135282507
90.14341,8102,.1066285223501152,37.0453249563908,18.27829146062497
115.96955,8103,.0514538688031619,47.658832351654,8.577118384541587
285.96136,8104,.0666684484976602,117.5186461902368,11.19902053886476
146.40292,8105,.1083125862508428,60.1657264348496,18.58289495654523
148.97652,8106,.0238464722485771,61.2233727820176,3.920261369038415
106.72713,8107,.053526325092143,43.8605685375444,8.931918713237888
101.51563,8108,.1211243192959332,41.7188511229244,20.91707761886074
105.61926,8109,.1248038558327353,43.4052784152888,21.59300242677621
95.095573,8110,.0696205464473406,39.08046526861124,11.71238771478122
111.89993,8111,.0431496406261663,45.9863818048084,7.162804484525759
106.76409,8112,.0436864752089516,43.8757576147092,7.253879469927169
272.05579,8113,.0267687200852187,111.8040148117052,4.407128601820662
168.62363,8114,.0773718715850762,69.2975467499644,13.06757224790476
153.16695,8115,.0042637170718301,62.945471391966,.6940918719090996
235.439,8116,.1179789494645377,96.75598318732,20.34124679590946
97.80883,8117,.0513892823963914,40.1955050397404,8.566073132589358
136.41249,8118,-.03656495813594,56.0600605209012,-5.832458953925325
134.64943,8119,.0631547525328991,55.3355135948684,10.5899640842444
69.42815400000001,8120,.0489745995784847,28.53218583646152,8.153637352847166
313.01193,8121,.0656719610534607,128.6353451913684,11.02607410928241
227.31989,8122,.1206371231342978,93.41935471601319,20.82776679626849
114.54432,8123,.0425687379612374,47.0731200018816,7.064308328622253
119.21951,8124,.0514532843071769,48.9944355232588,8.577018423693183
97.939865,8125,.0761948887235774,40.24935516761619,12.8611202171181
125.9875,8126,.0386853093905695,51.7758078815,6.407313299888954
172.79703,8127,.0612727503814982,71.0126467131564,10.26462093555022
264.08694,8128,.0245104132926002,108.5291371719672,4.030753789188559
88.982437,8129,.1332132551538683,36.56821163162756,23.14716467646859
105.48071,8130,.0279084654177713,43.3483399239148,4.597404264318798
150.37556,8131,.0397665239161178,61.7983220925328,6.589976006600226
155.81717,8132,.0797388487830816,64.03460548513961,13.48349505157113
207.11479,8133,.0292012974668707,85.1158692446252,4.813499784744817
84.370766,8134,.0801989051631332,34.67299987086808,13.56445001866156
109.54177,8135,.0590045461894418,45.01727265418759,9.873327536284361
117.48212,8136,.1026626344895545,48.2804379373456,17.56298835817709
117.17247,8137,.045648085732941,48.1531842105036,7.587086382688124
145.62958,8138,.0767340335071751,59.8479147212504,12.95566028358327
120.80737,8139,.0939419341482688,49.6469822783156,16.00003047132463
107.89389,8140,.014323585590308,44.3400600871332,2.343517409102542
111.62333,8141,.0599585606687046,45.87271030200039,10.03779874719652
292.74896,8142,.1049053193431521,120.3080774717248,17.96713925454062
87.514748,8143,.0803944698474986,35.96505033631024,13.59887432812475
155.96623,8144,.0487135790189551,64.09586316485239,8.109113797906906
97.537605,8145,.0476556292319483,40.0840424462874,7.928773085776497
93.051254,8146,.0339336633332317,38.24033217768952,5.606897047665223
213.14523,8147,.07774875690612,87.59413814337239,13.13373226957463
187.39282,8148,.0737049030562469,77.01093082006159,12.42515716683427
112.86813,8149,.0420743094342621,46.3842731606244,6.980519537279414
114.07481,8150,.0217996835868135,46.8801702286228,3.580098103531099
83.394638,8151,.047401747118557,34.27185042512344,7.885524097754749
131.90358,8152,.0567440511811649,54.2070794083704,9.484246082205765
204.22429,8153,.0819492950663307,83.9279897114852,13.87280238537846
194.22758,8154,.0680081200341372,79.81974296949039,11.43180040001748
93.76065800000001,8155,.0478171167150167,38.53186876040104,7.956288300507566
168.45584,8156,.0400381895025345,69.22859179169919,6.635902829032049
87.92247,8157,.0652914865427027,36.1326077205036,10.96008590380256
223.7086,8158,.0696951194903994,91.935259410968,11.72537553519602
164.14914,8159,.0956741576809455,67.45871087650319,16.30940246544435
160.4053,8160,.0101473842084294,65.920142839364,1.656768546513704
159.17302,8161,.0582313338681145,65.4137251984376,9.740141522260442
471.45975,8162,.0521750018599249,193.75104228483,8.700491500543237
117.98827,8163,.0484371560537032,48.4884452806076,8.06197564793646
84.837799,8164,.0409338021716622,34.86493169650412,6.787400335366897
242.52919,8165,.0732257930977008,99.6697668188972,12.34139590826173
141.25121,8166,.0842273138135357,58.04858031145479,14.27491211050128
401.26645,8167,.0747781079703956,164.904412140026,12.61292783276854
122.2683,8168,.078630400026372,50.24736589580399,13.28859700551083
106.44704,8169,.0781451556569707,43.7454627847552,13.20334467004675
176.65271,8170,.0795838320828619,72.5971765032748,13.45622553958595
113.21053,8171,.026050251875545,46.5249858235364,4.287294767192905
425.33533,8172,.0656164659525794,174.7957561765604,11.01644766366218
125.32821,8173,.0289261893820433,51.5048661422148,4.767492354620386
181.9473,8174,.0243014696379681,74.77304057432401,3.995973679282107
84.15685999999999,8175,.0828580308800629,34.58509308677679,14.03310016698147
143.91885,8176,.0653574201716875,59.144873325738,10.97151940986939
114.17651,8177,.0278152900410436,46.9219648484188,4.581840888163088
98.753387,8178,.0697103936439358,40.58368007111356,11.72803583799434
315.26749,8179,.1083636469861152,129.5622898583012,18.59213853448598
136.52036,8180,.0679054780798233,56.1043907631568,11.41395441301397
189.92928,8181,.0398072248848865,78.05331411728639,6.596855973731027
134.79163,8182,.0791892849392164,55.39395208980439,13.38683848577911
165.75085,8183,.1390822277055242,68.116949425898,24.23959390497393
121.7389,8184,.0734022249632461,50.029803735332,12.37223625791839
81.33818100000001,8185,.0767777949298524,33.42672910317828,12.96333616928676
171.96632,8186,.0707983983810472,70.67125823124159,11.91763844349765
96.522797,8187,.0614503424958613,39.66699707238436,10.29529526349125
202.47185,8188,.0735965735614791,83.20780717937799,12.40621475720449
128.35063,8189,.0542080372282736,52.7469595027244,9.048787261798779
188.47604,8190,.0316558963880559,77.45609078127521,5.224552968815064
160.13744,8191,.0494365671546655,65.81006312590719,8.232465915750529
192.11659,8192,.0598414259317854,78.95221077240919,10.0175963762963
244.29094,8193,.0505143935502073,100.3937753874872,8.416524174160536
129.14758,8194,.0955680381162018,53.0744739790904,16.29043428937414
87.561401,8195,.0512163322410315,35.98422284759189,8.536499554003504
137.81807,8196,.1042496605753699,56.6376975090316,17.84889019247563
107.72825,8197,.073475361527988,44.27198869260999,12.38502214948867
231.49066,8198,.0849419160017631,95.13337385472079,14.40124062211861
96.28284499999999,8199,.06582657597461,39.5683864272586,11.05289717076783
126.22332,8200,.0326694292010599,51.87272044040159,5.394576211948984
128.34532,8201,.0809989875221114,52.74477730576159,13.70532724124631
181.02968,8202,.0997289616970544,74.3959355692384,17.03568200675505
135.90758,8203,.0699531933318075,55.8525627678904,11.77032977212995
91.145004,8204,.0484936269194798,37.45693990643952,8.071604512877931
96.74500999999999,8205,.0624331915005079,39.75831770019879,10.46515489756322
410.57114,8206,.0965447269845275,168.7282664258632,16.46508703163311
96.339973,8207,.0343704753546845,39.59186374328323,5.680319525635439
153.5497,8208,.0534480405732793,63.102766286036,8.918503194441294
158.72778,8209,.0777801734259552,65.2307494214664,13.13924838251243
139.54082,8210,.1051640332378496,57.3456786423016,18.01382003756833
160.00664,8211,.0688932039595178,65.7563095736032,11.58576277760936
132.80528,8212,.1585254313385675,54.5776419321664,27.9048282241436
164.85161,8213,.0829322910574175,67.74739786340679,14.04620583884734
79.094902,8214,.0229771178559052,32.50483143453176,3.775695131982491
217.97786,8215,.0761561360212701,89.5801551882568,12.85432682013933
163.82251,8216,.1071108893670771,67.32447905089879,18.36548673102902
124.95034,8217,.0790760958279114,51.3495767323592,13.36693752984826
226.72646,8218,.057928420930323,93.17547879442481,9.687992761585084
103.50791,8219,.0428448317003477,42.5375982726508,7.111114840486684
221.62347,8220,.044225261338016,91.07835463638359,7.345334711144321
133.04459,8221,.0595087435584155,54.6759887410492,9.960231144868146
83.28778800000001,8222,.0140747555643128,34.22793936194545,2.302518546901354
106.55083,8223,.0749796040710388,43.7881163107004,12.64820457873568
141.17584,8224,.0381387626393123,58.01760626529919,6.315053638843173
191.58073,8225,.0954983809249464,78.73199381111239,16.27798461761032
214.62527,8226,.0757884035894648,88.20237520416761,12.78987596698263
238.24634,8227,.0829357264573717,97.90968729683919,14.0468121526916
87.444412,8228,.0860943174981519,35.93614506219056,14.60515426375802
124.77689,8229,.0002217595191275,51.2782957411732,.0360273918732931
178.13629,8230,.0949490790162841,73.2068683620452,16.17983951105023
150.10947,8231,.0951667600286213,61.6889697780636,16.21872665754272
145.67154,8232,.0922893765575677,59.8651585978152,15.70538575000394
88.982437,8233,.0629015803544251,36.56821163162756,10.54616236455921
115.91418,8234,.0600981467267416,47.6360775030984,10.06187641525157
169.63237,8235,.0415997773939221,69.71209841931559,6.900141473682668
89.61953699999999,8236,.113174446040904,36.83003417117556,19.4651630077128
981.02423,8237,.0125717541878198,403.1615998378924,2.05509100980978
102.51919,8238,.0899976421517412,42.13127402009719,15.29758323488421
151.24637,8239,.0566066529880003,62.1561900656356,9.460625140298255
101.73643,8240,.0680185477227727,41.8095910644284,11.43361352719367
198.79767,8241,.0405462817933205,81.6978666074796,6.721832609572309
262.52768,8242,.0642531044617445,107.8883438694784,10.78012015741014
230.286,8243,.0877479522125648,94.63830692568,14.89817030485891
93.26829499999999,8244,.0477094407120267,38.3295273210046,7.937941317812458
90.136002,8245,.0314453684009598,37.04228056559976,5.189257861936992
169.22983,8246,.0316346994287836,69.54667062922039,5.220998953127115
264.8027,8247,.0943617281725234,108.823285815676,16.07495573378512
121.97524,8248,.0861301219357932,50.1269299933712,14.61149350553072
83.475571,8249,.0227852004893693,34.30511064109148,3.743797838493178
118.17895,8250,.0295343352558326,48.566807110526,4.869211970067385
229.18152,8251,.0536748305710495,94.1844099574176,8.957370794965993
117.17979,8252,.0761130749366742,48.1561924368252,12.84677846716535
317.81018,8253,.060366153709307,130.6072334355784,10.10811526243312
189.92046,8254,.0447841002476757,78.04968945114479,7.44024584821978
171.56209,8255,.0618522296101107,70.50513591894921,10.36473071993198
132.31856,8256,.0317496193289755,54.37761953937279,5.240268050314834
140.22934,8257,.0582287335092278,57.6286327388792,9.73969378352311
172.90002,8258,.0499055510530503,71.0549714711976,8.312528978575383
293.02838,8259,.0421582604135158,120.4229078813944,6.994743448518467
146.49335,8260,.0743101232671359,60.202889536798,12.53102325860328
92.899773,8261,.0270240183013412,38.17807956410724,4.449730713154829
78.31231699999999,8262,.1317596614004326,32.18322039684196,22.87758718923889
79.932716,8263,.1106083245262122,32.84913937543408,18.99896163805018
169.23553,8264,.0742439200381719,69.54901310053641,12.51943976216083
130.31219,8265,.040134028086679,53.5530819649372,6.652107938235513
85.983154,8266,.1063484490568804,35.33562664986152,18.22768319452718
206.1459,8267,.0048388502848242,84.71769432649199,.7879447182626034
121.64864,8268,.131192817554833,49.99271049656321,22.77256882638348
100.39668,8269,.0883295256778337,41.2590075651984,15.00133752410936
113.89545,8270,.0747560944965033,46.80646046454599,12.6090742745969
129.53922,8271,.0309877867120957,53.2354223064936,5.112569718326135
218.77901,8272,.0562375884501255,89.90939569611879,9.397193121668934
168.64197,8273,.1031825111643089,69.30508375416359,17.65659387374262
210.98935,8274,.1078696590527309,86.70815795727799,18.50273118758914
265.05719,8275,.0236778902762732,108.9278709955372,3.892217798213684
122.06907,8276,.0213993865196752,50.1654903589116,3.513652635199413
117.71828,8277,.0659406006625842,48.3774902226064,11.07268117373336
185.37543,8278,.0693148444998967,76.1818644677484,11.65915605096488
94.797684,8279,.047246022811615,38.95804484091792,7.85900179024486
149.50125,8280,.0198154070107826,61.43901575985,3.250987953962101
172.2282,8281,.0844819171992727,70.77888040461599,14.31991095031995
143.54654,8282,.0717587830130571,58.99186885281519,12.08517265812191
206.72716,8283,.0648950694944366,84.9565688663408,10.89135938050235
112.43289,8284,.0248908800191888,46.2054069824532,4.094103762453489
110.65327,8285,.0524909968837492,45.4740545608076,8.754580702659347
157.14839,8286,.0836386593191265,64.5816834965932,14.17091662175716
133.23544,8287,.0897851684028106,54.7544204341472,15.25982192771243
72.744179,8288,.0158260571575663,29.89493907253852,2.591291340420741
158.51848,8289,.1187385557636182,65.14473551858241,20.48014400454137
279.53729,8290,.0066035115012879,114.8786111539252,1.076247260135655
100.87921,8291,.0706074860852899,41.4573080360948,11.88435393138895
70.332741,8292,.0742234774698478,28.90393480143108,12.51586310642003
131.11548,8293,.0354824965271389,53.88320192694239,5.867380785711997
118.27143,8294,.1130413032970595,48.6048126802284,19.44094479854392
285.3013,8295,.0418471673039948,117.247388011844,6.942040569840891
80.476212,8296,.0290635160544204,33.07249442637456,4.790456463555484
147.02528,8297,.0638263107651663,60.4214914257664,10.70620517320821
174.5611,8298,.0590044359239452,71.73760870866801,9.8733085356824
215.14851,8299,.0783479288362274,88.4174058517788,13.23896475489407
227.34608,8300,.065830094527072,93.4301177552704,11.05350762809443
102.68757,8301,-.0036293601665728,42.2004714446916,-.5884974672538168
103.9449,8302,.1097806577458855,42.717183630612,18.84884985168537
217.37682,8303,.0151622579438797,89.33315186198161,2.481777712680723
90.47502900000001,8304,.0593096632953166,37.18160706083652,9.925912376551404
136.44368,8305,.0842351254637441,56.07287835955839,14.27629257848537
399.76282,8306,.0817315312542793,164.2864805356616,13.83441125071655
89.337051,8307,.0466649255376415,36.71394375851389,7.760068205752271
156.07422,8308,.025244286582986,64.14024272229359,4.152969653681998
220.11607,8309,.0489609105745584,90.4588737132716,8.151302063647648
83.02851099999999,8310,.0933995783297021,34.12138691713868,15.90327681221139
146.42273,8311,.0371046552952537,60.1738675500724,6.140629358715047
178.75143,8312,.0245882994152324,73.4596662226284,4.043720329993914
503.98981,8313,.0719088917230575,207.1195918388228,12.11137290172037
120.23846,8314,.0361416563060863,49.4131830929848,5.978361136025153
163.25716,8315,.0363170712470306,67.0921428827408,6.007907442055916
109.20275,8316,.0660993620577249,44.87794903566999,11.1002310350897
87.97859200000001,8317,.0505886064852422,36.15567161088897,8.429204670185973
130.16049,8318,.0373530604470125,53.4907393511412,6.18251173208763
329.09702,8319,.021057123088039,135.2456718475576,3.456861282478196
127.39354,8320,.0681024511967924,52.3536339111752,11.44820303495922
192.49258,8321,.0488658628352098,79.10672757769039,8.135088181839437
120.57732,8322,.1108524443285922,49.5524409579216,19.04326074821138
212.80251,8323,.132369292199732,87.4532939732988,22.99059908939627
99.420708,8324,.1521979114493702,40.85792222919504,26.70419776496488
107.69084,8325,.0762941618595131,44.25661468349919,12.8785241225457
195.30447,8326,.1097637137467282,80.26230155466361,18.84577805991469
153.52711,8327,.0973509495192948,63.0934827023468,16.60938534431534
117.43543,8328,.1041913809813164,48.2612502205484,17.83838313006185
90.300949,8329,.1376303821940294,37.11006716492612,23.96875551647538
150.49194,8330,.0688330442199522,61.8461496033672,11.57529353608011
101.24671,8331,.0358811162230514,41.60833579199479,5.934486200459621
141.8109,8332,.065946539145119,58.278590446692,11.07371159973467
102.34586,8333,.1048461536580457,42.0600423440968,17.95646544993474
85.201126,8334,.1297193426055633,35.01424451682488,22.49985852166882
108.47382,8335,.0888944237064523,44.5783880503416,15.10160409294046
128.80077,8336,.0256954549190638,52.9319489831076,4.228149673741008
212.59543,8337,.0997425198522917,87.3681924013484,17.03811543016044
66.92742200000001,8338,.064519098616828,27.50448531382936,10.82620276231233
307.58923,8339,.0475493334810265,126.4068330500924,7.910664197205709
172.5556,8340,.1237193381835778,70.913428669328,21.39351975879232
127.22454,8341,.1423902913257495,52.2841816914552,24.85817611958509
216.98604,8342,.0443479429245915,89.1725569600752,7.366165955240913
214.8287,8343,.0709714314825518,88.285976772556,11.94781130623874
186.64352,8344,.0447692732244615,76.7029985819776,7.437726996324556
99.552307,8345,.0533182234029316,40.91200413844315,8.896258905108928
111.23413,8346,.0911220114049711,45.7127647167044,15.497542261411
134.1851,8347,.1197550309525826,55.144692593788,20.66617590484362
98.69863100000001,8348,.0153709789891895,40.56117755192428,2.516204686315756
156.53777,8349,.0612719641879476,64.33074317466759,10.26448515357551
71.041809,8350,.0971629313733269,29.19533330162292,16.57572331329171
212.30362,8351,.0775423764271691,87.2482701987656,13.09750029067164
118.98193,8352,.1323962212877484,48.8967996749684,22.99559272839968
115.44941,8353,.0882914805651121,47.4450756796708,14.99458674284684
121.62476,8354,.0546178982492724,49.98289677462879,9.119089680871136
107.2494,8355,.0526468943816964,44.075200554072,8.781272139025797
243.95377,8356,.090481064512026,100.2552120447476,15.3835280316155
167.90096,8357,.0444481128456531,69.00055837348479,7.383176630238386
113.87141,8358,.1022821551431249,46.7965809890308,17.49451262640992
129.01552,8359,.1318226698155653,53.0202026173376,22.88926434649195
210.05943,8360,.1078562295392864,86.32599814566839,18.50030118376686
245.70036,8361,.0465663757657076,100.9729904615568,7.743295507246748
138.83244,8362,.1204842197663058,57.05456288250719,20.79974614124426
90.95179,8363,.0657840535585842,37.3775367041852,11.0455198407072
106.00374,8364,.0184186207705729,43.5632842699512,3.019709703195211
92.66145299999999,8365,.0469693571547806,38.08013960550564,7.811891447861901
82.92699399999999,8366,.0929592484868014,34.07966750300071,15.82476268165776
141.60887,8367,.0341926169086636,58.19556422213559,5.650419939477778
73.20452899999999,8368,.0414227773544775,30.08412445329652,6.870170291105964
234.03426,8369,.0427138606400742,96.17869140548879,7.088909544089661
285.09464,8370,.0828051096199266,117.1624590430432,14.02376104887573
149.15047,8371,.078540319336282,61.29485925314361,13.27276764793503
135.15952,8372,.1208562018535263,55.54514012005759,20.86792203389623
306.38425,8373,.0963624092862296,125.91163461389,16.43247179909579
99.411919,8374,.0504346239096989,40.85431030280971,8.402895273297673
115.40944,8375,.1036929924193254,47.4286496132672,17.74855507713378
162.75212,8376,.0880527420386739,66.88459170494559,14.95223048648049
223.87715,8377,.0796170209355651,92.004526698742,13.4620635472737
101.21017,8378,.0649647731767572,41.5933193179796,10.90344188109798
93.300552,8379,.0470785860561578,38.34278365385376,7.830489275312201
135.22444,8380,.0473957374416911,55.57181963546719,7.884500478302948
166.51529,8381,.0338325212015588,68.43110359656519,5.589900929585862
141.94286,8382,-.0121243743767296,58.33282071245679,-1.957634547053743
107.9603,8383,.060775371764675,44.367351932764,10.17874095753185
119.20612,8384,.0450173631641332,48.9889327704656,7.479878053536737
99.43388400000001,8385,.0351632594749164,40.86333703657392,5.813658284829283
150.69557,8386,.0950739759630152,61.9298333637316,16.20215041676423
99.76971399999999,8387,.0728615933718913,41.00134969307432,12.27775087955762
116.51102,8388,.0893317797257389,47.8813547978776,15.17927150542626
142.15688,8389,.0362838530675352,58.42077434597439,6.002311885175843
195.20297,8390,.08512701613767,80.22058912684361,14.43397764142452
170.16139,8391,.0598351527725166,69.92950441503321,10.01651450362676
180.36603,8392,.0325714064366414,74.12320204487641,5.378125063899349
229.87669,8393,.06282976207045,94.4700969371972,10.53373898840465
139.73741,8394,.0006849587076999,57.4264692451108,.111305220255365
124.48035,8395,.0738866737262104,51.156429698358,12.45694605284851
92.75701100000001,8396,.0272639287800507,38.11941010971869,4.489774956618724
102.56911,8397,.1298588489017382,42.1517891373068,22.52566108744846
205.17043,8398,.0877128512261613,84.31681529234839,14.89194554577862
189.39304,8399,.0540820763766327,77.8329409912352,9.027187304883997
222.30714,8400,.0534303689442445,91.3593155775432,8.915474975059208
125.22453,8401,.0041238546696314,51.4622578218564,.6712766488845645
184.22852,8402,.0061888867818461,75.7105304717776,1.008461975403266
227.65547,8403,.023630416794303,93.55726463254359,3.884321448906973
216.78415,8404,.0377868282385512,89.08958826990199,6.255672140479898
355.96756,8405,.0453682181548812,146.2883857414928,7.539506986414539
116.81174,8406,.0515595051135757,48.0049386529912,8.595185328236669
189.71359,8407,.0396830343786879,77.96467418076921,6.575864067153725
111.96068,8408,.060899565539799,46.0113476175184,10.20018089935856
120.43441,8409,.0088781279874168,49.49371068147079,1.448615359742922
116.0136,8410,.0473900031769953,47.67693513436799,7.88352377513758
124.44418,8411,.057843980766496,51.14156527949839,9.673458561926994
200.25735,8412,.0844001955201679,82.297736525118,14.3054661360145
119.22704,8413,.0812756840754697,48.9975300511552,13.75407376438124
173.64359,8414,.0400434502968933,71.3605489091692,6.636792323455819
253.28133,8415,.0699049186810533,104.0884649830404,11.761919862276
183.03271,8416,.090055892646707,75.21910053767481,15.30793704379119
84.14722399999999,8417,.0694267621064939,34.58113307737311,11.67864229639527
143.42468,8418,.1310910113316094,58.9417892818384,22.75371363550575
103.94795,8419,.1236192214471506,42.718437058246,21.37511551544403
111.91933,8420,.0577568131213253,45.9943544264804,9.658456183912611
142.5672,8421,.0277082381643174,58.58939940393601,4.563961466640555
98.89331799999999,8422,.0578323459386908,40.64118609808183,9.671456022146051
264.2674,8423,.0655070746129277,108.603298991912,10.99747368302402
92.101944,8424,.0611377292237604,37.85020385400672,10.24130325637289
155.6033,8425,.0517365608720556,63.94671349560399,8.625471397365125
255.24142,8426,.0884996088530155,104.8939833342296,15.03152047596133
84.219864,8427,.1076916284692147,34.61098520305632,18.47052008792397
199.72548,8428,.0528987015699408,82.07915929374241,8.824393201851297
151.90359,8429,.0489006095653633,62.4262811179692,8.141015333749529
183.29372,8430,.0475011392516481,75.32636517595361,7.902454306319374
100.77931,8431,.031097044783919,41.4162531440828,5.13087757394605
118.16789,8432,.0367322807276411,48.5622618942532,6.077864594992286
145.63625,8433,.0481656519031828,59.85065582364999,8.015688981448157
221.71156,8434,.1036046500901993,91.11455609221279,17.73263719248123
241.30208,8435,.1446047308393946,99.16547384055039,25.27340397956641
115.34129,8436,.0646404223875254,47.4006426974452,10.84722577393152
124.13118,8437,.0839988771359436,51.0129348370584,14.23454774908168
127.55908,8438,.0266827669225829,52.42166420971039,4.392787877042261
161.72083,8439,.0319557619670392,66.4607728903004,5.274838392233788
144.04347,8440,.1409635303379851,59.1960871459836,24.59113191326972
104.98109,8441,.0533037562161223,43.1430161486692,8.893780118422066
90.004898,8442,.0877406078111376,36.98840208149224,14.89686784106415
236.18465,8443,.05793735775047,97.062415421842,9.689531076847475
164.72302,8444,.0790538886866769,67.69455253243758,13.36303332549494
149.19038,8445,.1249977832153168,61.3112606619544,21.62869560907834
105.39397,8446,.0752032434523284,43.3126932639236,12.68736636302025
151.02417,8447,.0437753770113516,62.0648747802996,7.26896654539991
113.69848,8448,.1309641446297793,46.7255136969824,22.73021976336588
179.40163,8449,.0766350774107455,73.7268723366044,12.93830432394594
110.73456,8450,.0797189492526601,45.5074614894528,13.47999422137693
344.8024,8451,.1038044205671233,141.699952927712,17.76863466521937
110.04135,8452,.0927606646425619,45.222579991038,15.78936499521081
82.269058,8453,.0992858182088423,33.80928220339304,16.95616458636813
146.94418,8454,.0542008799831064,60.38816257949839,9.04755985368989
73.19171900000001,8455,.0081245009230905,30.07886005723372,1.325148339325775
105.1611,8456,.1226537376230473,43.216993036668,21.19772724093942
270.16931,8457,.068349207765522,111.0287472172828,11.49111725481137
132.99033,8458,.1101603271024039,54.6536900579604,18.91769407802257
206.31619,8459,.0162361046852989,84.7876766844572,2.658977333887918
119.69324,8460,.0521429646854545,49.1891195472112,8.695008617753338
105.27116,8461,.0586032646012266,43.2622232810608,9.804193829216924
109.52418,8462,.0648852122454921,45.0100438698984,10.88965078384738
104.45052,8463,.0858545465701274,42.92497316513759,14.56270822722352
86.933975,8464,.0483881898326974,35.726375933923,8.053626842464917
117.91428,8465,.0695899792392243,48.4580383590864,11.70706433620673
122.30608,8466,.0504902741919132,50.26289196007039,8.412403189187918
100.49665,8467,.1021215241610373,41.300091224402,17.46561132448582
236.32964,8468,.0612336562484431,97.12200049484319,10.25786919241031
164.00586,8469,.0970273552520666,67.39982854489681,16.55145422358007
85.185249,8470,.0587535477565656,35.00771970681011,9.830081704650842
134.04849,8471,.0994794954733417,55.08855136458119,16.99091359184555
236.73723,8472,.1054541951490426,97.2895036323324,18.06618948224909
74.687454,8473,.0765610812335324,30.69354713334552,12.92532721938319
161.14243,8474,.1065068870651239,66.22307369570839,18.25631064819526
263.60419,8475,.1241874793536348,108.3307462898972,21.47960159424989
88.604721,8476,.1023367516169411,36.41298550959348,17.50433687678531
99.677513,8477,.0548257480675168,40.96345878117844,9.154752644657444
144.28603,8478,.0339096330654386,59.2957695744764,5.602858799614286
79.198578,8479,.0795149207640536,32.54743811105064,13.44410447365271
147.24663,8480,.0719544237322195,60.5124573952044,12.1193209177351
169.54424,8481,.0872661239536467,69.6758805250912,14.81274264842969
97.554497,8482,.13590754896946,40.09098438058036,23.64787474279088
101.29665,8483,.0498221799032802,41.628859128402,8.298293443704198
153.18266,8484,.0678279890759299,62.9519275716808,11.40048289230552
97.980217,8485,.1136499242954689,40.26593822069395,19.5516771979035
150.51866,8486,.0450523262923047,61.8571304513608,7.485819211010423
172.12782,8487,.0867183038948046,70.73762825186161,14.71566470417912
85.198013,8488,.0129111972957249,35.01296519871844,2.110938408208988
102.12351,8489,.0332461001914516,41.9686654147788,5.49139148683712
118.49015,8490,.0834110017826355,48.694697825182,14.13071359019901
241.63371,8491,.0355073545525691,99.30176046555481,5.871564714414204
75.05682400000001,8492,.0758787249592659,30.84534338422112,12.8057040023113
106.91953,8493,.0656140171851055,43.93963721845639,11.01602290105064
122.56637,8494,.0924637171478106,50.3698607072356,15.73644704326644
312.94095,8495,.1021441999412786,128.606175259086,17.46969095070946
127.99093,8496,.0686646545395973,52.5991372338884,11.54599303038577
94.74865,8497,.0509537402017797,38.937893834162,8.49160745589794
118.6976,8498,.0124537986127952,48.779951452288,2.035688625659873
107.0666,8499,.0682593230764815,44.000077088008,11.4754838964636
98.51209299999999,8500,.1243656383727612,40.48451791782884,21.51237207662651
175.70862,8501,.0196693375929003,72.20919339016561,3.22678682092028
204.53821,8502,.0756473297584296,84.0569982370148,12.76515686386384
225.19278,8503,.0730011514416065,92.54519784566639,12.30213634468614
79.16735799999999,8504,.0747465646877958,32.53460794359704,12.60740606479001
336.89569,8505,.0228754507287784,138.4506123349172,3.758796960717602
132.01646,8506,.1026554884112559,54.2534685596248,17.5617020221563
145.40572,8507,.0595633491424284,59.7559172425136,9.969645609530598
93.940048,8508,.0761402374329661,38.60559085327424,12.85153985396568
127.05069,8509,.0269518596697577,52.2127363163172,4.437688358907487
117.53954,8510,.0558632721152029,48.30403525365519,9.332882372046804
179.98058,8511,.0114721778322648,73.96479755913039,1.874311633059281
142.65816,8512,.1067450564134685,58.6267803146208,18.29935293504375
136.4863,8513,.1138253607396547,56.090393469644,19.58360858938341
74.865036,8514,.1398810323504034,30.76652621075568,24.3887768211077
124.92292,8515,.0639467758320387,51.3383082124496,10.72706492307509
144.97279,8516,.0468020591745657,59.5780003816652,7.783410443553932
208.83801,8517,.0404840332203298,85.82404352903879,6.711302635393003
101.66643,8518,.0192708638449638,41.78082387282841,3.160784702992628
187.52283,8519,.0516347414184371,77.06435971406039,8.608054132654946
118.07919,8520,.0615332419504662,48.5258097528972,10.30961581080171
135.17262,8521,.0234750982907947,55.5505236944856,3.858489663307961
103.90687,8522,.1690303636760012,42.7015548263756,29.91496445031136
388.58289,8523,.0636075904592329,159.6919778444532,10.66833795323608
150.52211,8524,.1163825425861105,61.85854826294679,20.04968072477862
186.37227,8525,.0220270264176681,76.59152571452759,3.617846674073042
95.30407700000001,8526,.0316600400549771,39.16615204743076,5.225247730910271
184.46449,8527,.0166638605278971,75.8075046746612,2.729615999556889
84.254662,8528,.0530566320358539,34.62528578496056,8.851443759484139
186.68092,8529,.0663165414145967,76.71836848148959,11.13792524880591
86.99045599999999,8530,.118533445310904,35.74958735890527,20.44262829616936
167.86371,8531,.0428235478823067,68.98525011795479,7.107506108853223
103.93103,8532,.060987261889001,42.7114836170764,10.21532178570147
119.99997,8533,.0404540177176841,49.3151732712036,6.706225444505799
200.5407,8534,-.0082474140707539,82.414182007116,-1.334229454391863
118.15215,8535,.0612858892216806,48.555793385742,10.26689013514505
261.59,8536,.1150445466822671,107.5029950092,19.80566884697385
155.16985,8537,-.0093005419495652,63.768582935618,-1.503808831793584
131.25702,8538,.1305110622840696,53.9413691883576,22.64633981380486
157.61504,8539,.001086144868519,64.77345792459519,.176533050665879
368.9917,8540,.1092477399329972,151.640784752996,18.75226165648377
204.13947,8541,.108080590603246,83.8931320944636,18.54090248694689
88.200745,8542,.0792392322015165,36.2469675811106,13.39562095024018
96.60369900000001,8543,.0472763899834079,39.70024454859612,7.864173474764306
124.86855,8544,.0773718791897807,51.315964323774,13.06757358261477
96.463173,8545,.0260032527566501,39.64249400049923,4.279458749859111
228.66479,8546,.0774233048604173,93.9720546586252,13.07659959048881
110.97286,8547,.0482173646374103,45.6053932288568,8.024504121245085
162.40567,8548,.10610112190689,66.7422146545196,18.18300382571234
135.30984,8549,.088778136655295,55.6069156092192,15.08095909418213
265.41974,8550,.1055208246015493,109.0768645000312,18.07821714618767
108.937,8551,.0384758324821046,44.76873644755999,6.371946653306875
244.24687,8552,.0752193413639213,100.3756643855756,12.69018562726954
153.43027,8553,.0938970326202093,63.0536853475676,15.9920182630302
289.28452,8554,.0557779993050946,118.8843316250576,9.318235139854378
223.83444,8555,.0923958183138621,91.9869746022672,15.72434924185697
134.67235,8556,.0764267261419645,55.34493279531799,12.9017671043414
164.89825,8557,.0313156888869754,67.76656503221,5.167520733984017
214.82043,8558,.0669590231701812,88.28257813434838,11.24948399512946
166.72049,8559,.0999915392472007,68.51543256394119,17.08281540424672
92.70721399999999,8560,.0469743003888866,38.09894554057431,7.812733062308269
124.32592,8561,.0733487205781943,51.0929651640896,12.362883098498
128.6395,8562,.0810630869220194,52.86567348326,13.7166186386558
262.18097,8563,.041393924044356,107.7458599694836,6.865285101113309
142.15681,8564,.0954724969482793,58.4207455787828,16.27335865417394
389.11685,8565,.0541691912322745,159.911413981978,9.042125601631604
122.79585,8566,.0771834483438603,50.46416778049799,13.03450499408455
98.695267,8567,.0583235796342776,40.55979508288796,9.7560254688201
261.17911,8568,-.0129619589264935,107.3341357041068,-2.091998768242204
151.6799,8569,.0437971139954629,62.334353502412,7.272655623160327
186.3074,8570,.0539794463348233,76.56486674711199,9.009590161837554
154.38544,8571,.0646956944557839,63.44622189614719,10.85680417667474
402.3786,8572,.0547588445248291,165.361461170568,9.143272496203728
105.28983,8573,.0541244640424943,43.26989590202039,9.034455702056908
115.13393,8574,.1180894203861648,47.31542605672841,20.36144031314964
76.228554,8575,.0859914936252779,31.32687740441352,14.58695036909632
116.84666,8576,.0724114552869511,48.0192893720008,12.19911987914074
108.33002,8577,.0397452242359968,44.5192920195976,6.586375685507067
146.82173,8578,.085951355402719,60.3378405421924,14.5798448232017
141.50076,8579,.063823726141389,58.15113534950881,10.70575764688481
308.1731,8580,.0719491536553512,126.646780195228,12.118400960559
119.39896,8581,.0476373605209396,49.06818227372479,7.925660631985002
152.26382,8582,.0568842498441813,62.5743211955416,9.508351815175184
312.77985,8583,.0790410679547165,128.539969622418,13.36077937122158
121.19068,8584,.0785562871196155,49.8045073099184,13.27557346997676
389.28964,8585,.0517303099947935,159.9824237396432,8.6244020694265
95.37146,8586,.0545084003425787,39.1938437570248,9.100304962493349
298.53888,8587,.0554268292122617,122.6875023001344,9.257928137300571
113.77952,8588,.0518944694827009,46.7588178856576,8.652486797354641
283.30719,8589,.0647768057556439,116.4278888055372,10.8708613614834
313.57291,8590,.0061640181643021,128.8658854648508,1.004397201071159
85.594032,8591,.0654903696285033,35.17571311943616,10.99457637809324
157.15521,8592,.0909528138347141,64.5844862429748,15.46743761258648
103.30939,8593,.1134382202240165,42.4560145172732,19.51315215135816
303.97284,8594,.0482762172254927,124.9206418496592,8.034536900989151
104.53341,8595,.0139846955285212,42.9590376295908,2.287682180689786
160.9601,8596,.0667072089447525,66.14814338078801,11.20575113188533
121.88083,8597,.1259962814927073,50.0881312711004,21.81258319166302
126.6636,8598,.0870991623310335,52.05365785636801,14.78315012535101
272.12085,8599,.0273498304796549,111.830751861498,4.504115426469849
85.441193,8600,.0550827464276271,35.11290242233684,9.198858787185703
189.34203,8601,.0679265253748918,77.8119779277564,11.41761368112749
164.77466,8602,.0270127184462613,67.7157745006408,4.447844854240952
108.97723,8603,.06764730364642,44.7852693635324,11.36907465121455
137.50195,8604,.0362054231537723,56.507784871766,5.989101211017429
99.57328,8605,-.0012039502101959,40.9206232000064,-.1954562289999303
441.97086,8606,.0042749886259461,181.6322915890968,.6959306967148088
228.32254,8607,.0659680860551775,93.8314036396952,11.07745040023915
166.35532,8608,.08227432053756,68.36536234456159,13.93011899595471
197.6987,8609,.0283820949942315,81.246234028156,4.676538526136032
108.6686,8610,.0313463917893669,44.658434815768,5.172666958468786
108.17451,8611,.0418694640045443,44.4553836486588,6.945817351110472
176.44897,8612,.0455632666122517,72.5134475373236,7.572665147606156
152.8513,8613,.0691106069890369,62.815751905844,11.62360138429842
132.88397,8614,.0186137779542434,54.6099803651236,3.052004192633415
203.92471,8615,.0634022622428075,83.80487435063479,10.63279685272085
124.90253,8616,.0477853186577505,51.3299287404964,7.95087000372929
106.51979,8617,.0406694509550575,43.7753601160252,6.742669847714234
182.66299,8618,.05196963268537,75.0671604508412,8.665347404651952
133.88947,8619,.0313113696461251,55.02320052446359,5.166796783084981
156.24077,8620,.0477310699368106,64.2086880903076,7.941626576634938
128.52556,8621,.0107306628792592,52.81884871453281,1.75251266587259
216.29102,8622,.0135056431157104,88.88693162427759,2.20878619905106
109.14384,8623,.0307793166279154,44.8537393891392,5.077642926513763
270.52557,8624,.0675342709177325,111.1751557841316,11.34942924944835
188.80582,8625,.0255211712307919,77.59161713050159,4.19910405124308
128.33806,8626,.1049124204721104,52.7417937370328,17.96842037845998
147.63283,8627,.0555825987745938,60.6711701008604,9.28467608023564
114.00746,8628,.0648673070352123,46.8524920807048,10.88654724472601
307.98697,8629,.089921488060368,126.5702882327636,15.28404803790626
106.54877,8630,.1077107851582121,43.7872697333476,18.4739858351585
95.892746,8631,.0028374737498759,39.40807138903048,.4615837856060905
217.38574,8632,.0101594070843586,89.33681762411121,1.658741515806617
117.0644,8633,.131425067977408,48.108771776272,22.81559033742204
250.83856,8634,.0465812632375038,103.0845845169728,7.745829177551613
185.34424,8635,.0789581288233446,76.16904662909121,13.34619891983213
128.29384,8636,.0309635179882723,52.72362109113919,5.10850339515501
102.9459,8637,.1017541355804149,42.306634710492,17.39952690344625
69.94509100000001,8638,.0293087484830794,28.74462620394908,4.831472687283994
127.9671,8639,.0807820509856889,52.589344059948,13.66711826461993
89.99897799999999,8640,.0783794148731035,36.98596919900264,13.24449638723299
158.08305,8641,.0722501758699174,64.96579125803399,12.17095588687494
116.18848,8642,.0648312352803236,47.7488037981824,10.88029503771996
216.90311,8643,.0813956978727264,89.1384760572268,13.77522117587532
147.63441,8644,.0596989065543861,60.6718194174708,9.993019076499575
93.762642,8645,.0255137992357794,38.53268410480295,4.197875567163558
110.1277,8646,.0468030907088113,45.25806637667601,7.783586038554772
192.16046,8647,.0887073388766114,78.9702395823448,15.06839120015719
121.9011,8648,.0731308656219276,50.096461427868,12.32480480469473
222.22662,8649,.0746482033405499,91.32622508800559,12.59018866645122
178.74023,8650,.0332954439261362,73.45506347197239,5.499678227097561
251.349,8651,.0985859155149851,103.29435487812,16.83064619294085
120.63135,8652,-.0082179503102043,49.574645120238,-1.329482498844305
122.47542,8653,.0866422231553039,50.3324839061496,14.70218681495973
283.0849,8654,.009257935948056,116.336536533812,1.510874720730318
132.19176,8655,.0586523898111924,54.3255098265888,9.812655742265504
152.24678,8656,.0327221716589883,62.56731843918639,5.403428639227241
114.39329,8657,.0485874161468448,47.0110527312052,8.087597744827388
151.97836,8658,.0641122963766354,62.4570085881968,10.75573058523455
110.35251,8659,.0921240046641883,45.35045426729879,15.67592736369629
269.22186,8660,.0279079345139628,110.6393832789768,4.597315581678447
193.78215,8661,.0660804108590037,79.63668911014199,11.09694220410386
195.61339,8662,.1140138964731917,80.38925528079321,19.61793044330905
219.50403,8663,.0445685174586291,90.2073498283164,7.403625779214829
139.39066,8664,.0689993189355403,57.28396890672079,11.60423087083845
213.85156,8665,.0586824860974271,87.8844114354128,9.817840091509392
85.416023,8666,.0700001757055585,35.10255856215723,11.77851494470194
255.92416,8667,.0445996922956451,105.1745620827008,7.408920818898385
130.45039,8668,.0712333965906507,53.6098766203532,11.99350173509377
220.4017,8669,.0502007485688998,90.57625618379599,8.362943181332577
100.50309,8670,.0671747827600734,41.3027378060292,11.28696397004536
191.20383,8671,.0713530910331602,78.57710303234039,12.01438212700496
121.41899,8672,.053350470795135,49.8983335601212,8.901784255310726
232.29385,8673,.0466995600919869,95.46345272073799,7.765963233330461
119.20602,8674,.0561566710774551,48.9888916744776,9.383288785046519
136.65306,8675,.0659387545819246,56.1589251392328,11.07236084912232
178.1214,8676,.0253420942233583,73.200749169432,4.169264860304657
165.7287,8677,-.0146722636196377,68.10784666455601,-2.366014339035178
165.46182,8678,.0483033932785356,67.9981696917816,8.039169884711871
151.99896,8679,.1512889010236072,62.46547436172479,26.53233863844001
128.13676,8680,.067909265422363,52.6590675131888,11.41461287207694
146.31918,8681,.0053888495749147,60.13131265449839,.8777466022715729
111.54149,8682,.0607929554525203,45.8390773454212,10.18177632020429
264.32843,8683,.0638768470808056,108.6283798733884,10.71495574357974
179.89896,8684,.1474848334168181,73.93125501372479,25.81482728482432
218.07303,8685,.0734251685823925,89.61926624003638,12.37624721010812
155.50351,8686,.0649335305914623,63.9057038091788,10.89802615839597
166.55962,8687,.0621136141764957,68.44932144804561,10.40990603393089
98.994995,8688,.0603725265400116,40.6829712658006,10.10921490830881
147.96448,8689,.0943156274965792,60.80746494506241,16.06672610099277
141.59766,8690,.0910319128379344,58.19095736188079,15.48151074872781
175.24631,8691,.0563023287754619,72.0192025280428,9.408318505595124
189.75018,8692,.0387128139344204,77.9797112027784,6.411957528959685
123.05229,8693,.062963839409531,50.5695543321252,10.55693287412493
94.264,8694,.0522463887279627,38.73872212832,8.712709371739312
107.79629,8695,.0507907550797991,44.2999504028452,8.463749843231277
209.53044,8696,.0510353444113043,86.1086044787472,8.505557051177961
148.54909,8697,.0518520886037892,61.0477162005092,8.64523575177971
137.84421,8698,.1009340839529286,56.6484400002948,17.2521067728646
168.34377,8699,.1156548369763161,69.18253551794761,19.91692770586146
172.50777,8700,.0575221106523061,70.89377245826759,9.618068164491472
163.41937,8701,.1205687032753579,67.15880468487559,20.81522782950701
133.33322,8702,.0594630871017734,54.79460409121361,9.952359980076281
97.093773,8703,.000919864333103,39.90164530082723,.1494947488853756
564.13702,8704,.0620865367391308,231.8376820427576,10.40522566942783
406.76279,8705,.0345839472884974,167.1631873668652,5.716213078191454
97.28422500000001,8706,.0457684740604859,39.979913431893,7.607557315462343
112.3443,8707,.0715562806316757,46.169000046684,12.04983376007121
132.21201,8708,.0635648418755825,54.3338317641588,10.66093782458588
121.52052,8709,.0136617350160758,49.9400583167376,2.234489096684037
293.37131,8710,.098428449172366,120.5638383530428,16.80241876785079
212.58595,8711,.015231519138287,87.36429650168598,2.493201031514949
137.15862,8712,.069372519811585,56.36669001616561,11.66919776676098
92.342659,8713,.0571052557853088,37.94912806152092,9.546358400550558
113.15498,8714,.0963720189086137,46.5021570022024,16.43419073810843
97.349396,8715,.0884746589987989,40.00669609823248,15.02709255476401
212.08131,8716,.0734952911946867,87.1569097078428,12.38850645882238
397.34872,8717,.1167484778511652,163.2943822893536,20.11647364346594
82.01194,8718,.0869247414110609,33.70361702096719,14.75224078186086
147.34497,8719,.0643581368362268,60.5528711898036,10.79831520337455
358.48218,8720,.0179208150816551,147.3217936749384,2.937361663534731
194.06137,8721,.0597477785143688,79.7514373278356,10.00144659416502
153.94501,8722,.0697959929128896,63.2652228361988,11.74294543412946
169.87094,8723,.0762745648325541,69.8101411178872,12.87508836534778
163.81764,8724,.0434453672886307,67.3224776762832,7.212969014503223
244.09535,8725,.0594098215155806,100.313395744558,9.943177456926628
272.01218,8726,.017951514269781,111.7860928513384,2.942438800324731
193.82275,8727,.0730903053017352,79.65337408127,12.3177162891594
83.562843,8728,.0315807059640906,34.34097593173884,5.211946409128911
235.85692,8729,.0591827058726919,96.92773154036959,9.904030186512996
153.09499,8730,.0770000198976851,62.9158987190012,13.00232028415074
126.22577,8731,.0801740958761058,51.8737272921076,13.56008344053201
74.979614,8732,.0640351079273826,30.81361317188632,10.742362119472
131.14192,8733,.0599762806106322,53.89406770616959,10.04085513326226
230.48793,8734,.0172461272501388,94.72129205424839,2.825818826325825
189.85228,8735,.0790930928891263,78.02167020652639,13.36992581638619
140.86382,8736,.0796908430832208,57.8893785635416,13.47504975470849
224.47166,8737,.0312903523692507,92.24884645700081,5.163274107627882
81.733383,8738,.0735310675299073,33.58914126967404,12.39476141996706
153.22884,8739,.0676064030239805,62.9709056989392,11.36196575320604
81.431969,8740,.0527237643279542,33.46527220840372,8.794434685640855
71.85494199999999,8741,.052901643393679,29.52949834172696,8.824897042610802
1277.6621,8742,.0703538735740878,525.067863296548,11.84014780686491
88.48979199999999,8743,.0346576703010271,36.36575430154495,5.728610777435947
312.04129,8744,.009699575004369,128.2364510934452,1.583299377354467
302.35016,8745,.0548720626763752,124.2537854715808,9.162700335671623
150.56332,8746,.0829341898307681,61.8754839196016,14.04654095315729
119.29567,8747,.0395320114390976,49.0257342277196,6.550340190024103
134.52582,8748,.0634132162714575,55.2847148441016,10.63469274605946
96.149689,8749,.0835365820506708,39.51366465347732,14.15288922240767
119.67406,8750,.0663862506045749,49.1812373367128,11.15002589264332
84.10524700000001,8751,.0364534555662197,34.56388221449036,6.03088314229661
130.90544,8752,.0983188829992876,53.7968839137472,16.78278055194852
209.10329,8753,.0562838978168221,85.9330629660052,9.405151140620434
119.17305,8754,.0635589471581407,48.975342327234,10.6599174257151
132.32384,8755,.0820173410969086,54.37978940753919,13.88480041958008
102.44086,8756,.1513449325774734,42.0990835326968,26.54292754620552
194.94022,8757,.0979497918765044,80.11260941837359,16.7166419210684
137.59933,8758,.0065405037254265,56.5478041448804,1.065944567746795
177.77484,8759,.0590736528076586,73.05832691341921,9.885236182492326
100.5096,8760,.0810311290475594,41.305413154848,13.71098902495384
80.889557,8761,.0795685959395447,33.24236263797316,13.45354552624037
265.58289,8762,.05475071370642,109.1439126044532,9.141877360808504
215.88292,8763,.0412170464999759,88.7192188972496,6.835340823393886
96.615799,8764,.1013864043787516,39.70521716314412,17.33340516124053
122.96813,8765,.0481140269374144,50.5349679486244,8.006889257663751
422.45764,8766,.0218996994718482,173.6131410394832,3.596703933236705
215.90613,8767,.0472364953147461,88.7287572760644,7.857379241212647
74.647446,8768,.0735138747225727,30.67710545046648,12.39175548488669
190.91953,8769,.041391728695551,78.4602671384564,6.864913409634055
216.6962,8770,.0287960546033231,89.053444348456,4.74573380207754
99.912766,8771,.12615806116581,41.06013832582808,21.84239449548602
168.33182,8772,.0072781685418523,69.17762454738158,1.186604246075772
137.56758,8773,.0940766236626648,56.5347561686904,16.02406656541556
284.37482,8774,.0831722947344734,116.8666419022216,14.0885691059452
371.64764,8775,.0774670940814109,152.7322695366832,13.08428564816168
99.63442999999999,8776,.0687936471232592,40.94575339666839,11.56843783502833
134.73801,8777,.0158278634471446,55.3719164210388,2.591589441353279
361.48868,8778,.1040473585691684,148.5573445541584,17.81242036488086
188.86644,8779,.0262812531882396,77.6165295184272,4.325814253575249
88.13537599999999,8780,.0216552017188174,36.22010354471487,3.55611243356364
124.53147,8781,.0461570499434032,51.1774379674236,7.673647903500596
183.58218,8782,-.0032500048474096,75.4449106629384,-.5270852549958274
152.67026,8783,.0406284275654374,62.7413517291688,6.735729399011261
143.27728,8784,.0777188550579517,58.8812137955264,13.12848226367007
227.60049,8785,.089090128698034,93.53467005834121,15.13635396058788
265.66849,8786,.042557880941545,109.1790907701812,7.062467988761244
180.43069,8787,.0455686239167758,74.1497747107172,7.573575978534254
113.00904,8788,.0067212824857617,46.4421815173152,1.095506278390647
138.13339,8789,.0930713758478154,56.76728137839319,15.84475255465061
206.58707,8790,.0422924372122026,84.89899749675159,7.017479657846089
263.2977,8791,.098828103634757,108.204791196276,16.87406952474171
92.121735,8792,.1143686937823892,37.8583371609918,19.68253681713187
68.81397200000001,8793,.0240041395303127,28.27978167544336,3.946493562458127
270.31155,8794,.0911868298798487,111.087202150614,15.50907650362307
158.72554,8795,.0111448525879487,65.2298288713352,1.82053505973224
162.23178,8796,.1077910968070187,66.6707528409864,18.48851620197757
170.85756,8797,.0339542773629988,70.21560235469281,5.610361279710531
140.51613,8798,.0714314711536267,57.7464919228644,12.02805669444273
143.34703,8799,.0759585556043169,58.90987824715639,12.81969481950409
80.238632,8800,.0322632150746041,32.97485857808415,5.326411851119689
220.22441,8801,.10040069700588,90.5033971066708,17.15628502736956
280.87204,8802,.0364114590419888,115.4271398537552,6.023807951428743
131.20992,8803,.0844513335566795,53.9220129780096,14.31450496333244
517.7624499999999,8804,.0469724828703589,212.779594320506,7.812423618691525
196.39362,8805,.0652334121485454,80.70989850796559,10.95001588673981
103.43546,8806,.0939143202425013,42.50782422934481,15.99510301591679
267.09323,8807,.079613123454711,109.7646017496124,13.46137795995813
97.88565800000001,8808,.0559016334590783,40.22707826540104,9.339472072156628
136.86928,8809,.0857059918245175,56.2477828844864,14.53641506476396
315.47501,8810,.0942874593735673,129.6475722525988,16.06169787318505
325.91513,8811,.0740763657029861,133.9380427149844,12.4901264152872
141.99382,8812,.0615053942762265,58.3537632279416,10.30480510468135
188.55623,8813,.1081339841094464,77.4890456540524,18.55056613792093
135.20154,8814,.0998120917957311,55.5624086542152,17.05060275086302
125.112,8815,.0294001974397083,51.41601250656,4.846770510487775
194.96884,8816,.0515115330231388,80.12437109013919,8.586980440707421
95.64314299999999,8817,.098365685281888,39.30549457010284,16.79116894830402
92.57847599999999,8818,.0186771767890862,38.04603938754288,3.06249674876677
106.93409,8819,.0627191491905202,43.9456207943092,10.51460653357766
127.13622,8820,.0528180598604754,52.2478857148536,8.810582421267092
106.18047,8821,.0227826050080651,43.6359132095436,3.743366502971452
233.12585,8822,.0573261238710211,95.80537134089801,9.584349671560084
155.50842,8823,.0905552449245066,63.9077216221896,15.39671980481268
258.35208,8824,.0548543850972487,106.1723397945504,9.159666779911623
238.79156,8825,.0731087724885034,98.1337508426128,12.32094366738594
122.65438,8826,.0356696309843878,50.4060292862744,5.898880502393277
138.84819,8827,.0722497961648969,57.06103550061719,12.17088958489361
651.15637,8828,.0548260991042627,267.5991436764356,9.154812881967903
151.1095,8829,.0796767225131114,62.09994198686,13.47256570172139
75.32933800000001,8830,.0790033601605568,30.95733570495944,13.35415030379961
165.46046,8831,.0877946109186537,67.99761078634481,14.90644503179752
120.47607,8832,.1126988936397107,49.51083127007161,19.37867646185671
109.23579,8833,.0965295545702603,44.8915271501052,16.46237257669415
126.04559,8834,.0197841605001388,51.7996805409292,3.245810659581476
213.22997,8835,.0957159395947221,87.62896288360361,16.31687126074867
149.39604,8836,.0346975315518014,61.3957786708752,5.735314462599497
112.4417,8837,.0099704934099405,46.209027538996,1.627743282322762
321.87296,8838,.0193951415788644,132.2768730168448,3.181366909875811
199.25494,8839,-.0366995084983696,81.8857862318072,-5.853529611647453
125.94927,8840,.0957200193904608,51.7600968852876,16.31760056812687
181.17563,8841,.0124276528178459,74.4559151637244,2.031388242165502
451.48553,8842,.068354317628995,185.5424392305364,11.49200603934171
164.31349,8843,.0984812201408156,67.5262521327812,16.81187799931717
180.4453,8844,.0833334786317022,74.155778834564,14.11702552966412
102.60526,8845,.0678423565126611,42.16664533696881,11.40298060298896
260.22998,8846,.0997633223316085,106.9440813532024,17.04184913204471
99.481369,8847,.0754566227731498,40.88285146647572,12.73174653082613
261.8981,8848,.1028232762158401,107.629611748228,17.59190723746234
88.063042,8849,.0810008548740734,36.19037717275496,13.70565617345256
123.77039,8850,.1273445510515881,50.8646646219532,22.06117763776327
100.45197,8851,.055687379688353,41.2817295369636,9.302670860481447
188.79135,8852,-.0092216399471875,77.585670541038,-1.491109865186318
179.08607,8853,.056666120553726,73.59718983687161,9.470848165429896
222.11092,8854,.0848476706631459,91.27867702988959,14.38457461294677
95.95471999999999,8855,.0655636651746025,39.4335402166336,11.00728908411105
275.85275,8856,.1103523879636971,113.36441303767,18.95252981456125
207.16353,8857,.0957351072218554,85.1358994291764,16.3202977061502
116.856,8858,.0782537987833742,48.02312773727999,13.22242853142543
149.66228,8859,.0412903254442078,61.5051926293264,6.847745854246726
142.3584,8860,.0709878546149915,58.50359098099199,11.95067538171956
183.47806,8861,.0741766463009878,75.4021215202328,12.50766974576874
162.93634,8862,.0991478241050116,66.9602987340392,16.9314101954167
151.59462,8863,.0699438792554519,62.2993068438456,11.76870713856949
139.22447,8864,.0305681003197591,57.21567148426359,5.042263461022696
393.16989,8865,.0168126439855646,161.5770508140132,2.754192858404068
101.88052,8866,.0952691360144859,41.8688062735376,16.23701831767778
62.270882,8867,.0775073584834866,25.59083419421416,13.09135331266883
152.06052,8868,.0550959102382287,62.49077305193759,9.201118269848584
171.32446,8869,.0529488121589196,70.40747952266479,8.832975752989141
180.60187,8870,.1346790726742977,74.2201228229756,23.41940623602872
124.43607,8871,.0685283831315692,51.13823239487159,11.52228484960789
129.01083,8872,.0540255460784134,53.0182752155004,9.017494288531205
136.0694,8873,.0991263829090637,55.91906429567199,16.92756422357974
108.23666,8874,.068363756656724,44.48092480520079,11.49364782936187
208.51891,8875,.1317569392705845,85.69290623133081,22.87708272180284
101.91161,8876,.047315530175157,41.8815830162068,7.870839481072995
240.47812,8877,.0322324768937736,98.82685933782558,5.321254987813366
168.92567,8878,.0616564212946136,69.42167307211959,10.33089673966868
274.66376,8879,.0714882515401395,112.8757858499488,12.03796353936809
262.81586,8880,.1230946157409312,108.0067742876968,21.27870849936806
127.03377,8881,.0780133876681207,52.2057828751476,13.18020156047877
109.8099,8882,.1002550512436024,45.127463326812,17.1301289813827
132.4149,8883,.0779787346835262,54.417211414212,13.17411577973946
201.97072,8884,.0702026573648079,83.00186285471359,11.81379528349984
149.69542,8885,.0845134904187291,61.51881183974961,14.32549202908452
135.99348,8886,.0689551574963771,55.8878642215824,11.59654484130518
125.47401,8887,.0641362799716324,51.5647840927188,10.75988457577465
121.45322,8888,.0097801098102565,49.9124007168136,1.596509777511548
111.849,8889,.0714761175143266,45.96545161812,12.03584638936412
139.75119,8890,.0431498103288294,57.43213227225721,7.162833267173498
142.40942,8891,.1154427648858097,58.52455815406961,19.87825824457953
103.30338,8892,.0984086966180113,42.4535446483944,16.7988782376313
96.716431,8893,.0562551367283006,39.74657287778828,9.400208656797428
101.70689,8894,.0818648294659072,41.7974513095732,13.85791035012047
167.41431,8895,.0326676413582313,68.80056474788279,5.394276144077035
174.55667,8896,.0686341338351089,71.73578815639959,11.54068282885099
125.84929,8897,.0424209357267637,51.7190091164852,7.039256543947156
159.62077,8898,.0705722201600814,65.59773248470759,11.87820620595969
85.484573,8899,.017934882464836,35.13072986193124,2.93968815615909
103.83001,8900,.0634893243126632,42.6699684499988,10.64786589123993
164.09259,8901,.0925631041957514,67.43547109528919,15.75415670442747
96.464355,8902,.0490352627888979,39.6429797550774,8.163986638124959
149.89011,8903,.115709712338004,61.59882161878679,19.92693507607028
147.49812,8904,.0491000444222719,60.6158096954256,8.175039229195574
201.48476,8905,.0555964567174506,82.8021527914288,9.287055896280418
144.88817,8906,.0981501107602831,59.5432249566196,16.75253467999079
180.2735,8907,.0361077289103397,74.08517592718,5.972647117076859
124.88434,8908,.0098952814849064,51.32245338027919,1.615403630672377
157.78006,8909,.0659551266070063,64.84127452399279,11.07520167876254
146.29495,8910,.0837665978452074,60.121355096606,14.19351385821003
147.98714,8911,.0512316853174506,60.8167772959432,8.539124643491323
303.83044,8912,.057265738501255,124.8621211627472,9.57396201855661
107.28617,8913,.0531036351114263,44.0903115488596,8.859495338925427
94.33978999999999,8914,.0526617510570969,38.7698687776252,8.783815989108595
223.96846,8915,.0587276623559312,92.0420514453848,9.825622391117381
92.847542,8916,.0650979705548256,38.15661471861496,10.9265327799655
121.29259,8917,.0430943589992116,49.8463882312892,7.153428630017423
301.81522,8918,.0705163707927531,124.0339465933736,11.86847071959369
137.21573,8919,.0643387787594811,56.3901599349124,10.79496160705513
94.05780799999999,8920,.0557888029618107,38.65398548874304,9.320090804938868
177.66176,8921,.067857030185199,73.01185557018879,11.40553158835535
106.87296,8922,.0377591914364495,43.92049881684481,6.251009898663222
242.91032,8923,.0468353598711948,99.82639595796159,7.789079213374022
157.64619,8924,.0852174920506314,64.7862593248572,14.44998151865392
150.05061,8925,.0812545727061089,61.66478067952679,13.75035403112219
91.145302,8926,.0538313893749525,37.45706237248375,8.984207214405666
126.58639,8927,.0966237348799577,52.02192764403319,16.4792227827135
118.89125,8928,.0298354279840571,48.85953383304999,4.919596202371572
74.787537,8929,.1008986295380216,30.73467723101556,17.24573588242578
151.41446,8930,.1080560110257866,62.2252683118648,18.53645402093853
292.61456,8931,.0783766704289505,120.2528444638528,13.24401422193997
87.947266,8932,.0476983440279432,36.14279788168808,7.936050659030949
101.56503,8933,.0585009453364872,41.73915254099639,9.78657047120555
138.00955,8934,.0623365136429997,56.716388106854,10.44843926517006
164.86264,8935,.0720309534995949,67.7519307508832,12.13268068269527
134.53767,8936,.0435728300757535,55.2895847186796,7.234595281937543
237.48228,8937,.093176018291435,97.5956892909264,15.8634100515292
114.20215,8938,.0867666112927714,46.932501859742,14.72422301022525
275.55923,8939,.0705681492377619,113.2437880936924,11.87749655719025
90.368477,8940,.0420771739359473,37.13781846370276,6.981004853426852
168.63478,8941,.0696087658496907,69.3021289526264,11.71033606616598
188.51804,8942,.0390228008115289,77.47335109623521,6.464308625382413
126.20712,8943,.0893884740968302,51.8660628903456,15.18934200346013
141.39807,8944,.1084241449960674,58.10893387943159,18.60309116297825
174.52513,8945,.0861800145820942,71.7228264817844,14.62032746916561
106.21983,8946,.0516011049359945,43.6520885904204,8.602300656083246
170.29565,8947,.0349908414948275,69.984679888522,5.784650222505842
117.80447,8948,.0804830268487819,48.41291085466359,13.61446480515038
80.19214599999999,8949,.0803732639888367,32.95575469710248,13.59514123753268
102.90022,8950,.1114145310387845,42.2878620631736,19.14530073181281
510.29926,8951,.0459788581111955,209.7125226536888,7.643337113962651
122.41893,8952,.1027515035048922,50.3092687825284,17.57898607034222
218.05444,8953,.075670993424176,89.6116264958672,12.76930299253121
152.84424,8954,.050037919693037,62.81285052909121,8.335133220819323
130.78207,8955,.0790227524583564,53.7461837933516,13.35755945766796
105.44395,8956,.0499357051136419,43.333233038726,8.317678044513627
190.17299,8957,.0352102345404743,78.1534691496412,5.821562362547088
122.16103,8958,.126428323269565,50.20328222947639,21.89220672583215
119.0984,8959,.0845022970795445,48.944664172192,14.32351340462749
430.91495,8960,.0866213899256843,177.088756142206,14.6984963361754
115.55605,8961,.1357367315917219,47.488900441274,23.61608981317512
70.92746699999999,8962,.0265845562892286,29.14834332702396,4.376403581957095
164.01167,8963,.0605196844261705,67.40221622179961,10.13460927276007
112.56931,8964,.0472420862792379,46.2614701292828,7.858331390165801
125.30077,8965,.0459823858872907,51.4935894031076,7.643937143376549
107.0201,8966,.070519305548887,43.980967453588,11.86898228353404
163.08821,8967,.0594912777589921,67.02271121101479,9.957220001792889
99.812355,8968,.02249781470454,41.0188734333174,3.696044827264849
101.68304,8969,.0555923764724467,41.7876499164352,9.286355194877677
127.82117,8970,.0477493413423248,52.5293726846596,7.944739781218408
228.92036,8971,.0500837970584215,94.07708367515679,8.34296827530679
149.30026,8972,.0262303029064346,61.3564169335688,4.317317525356559
100.41106,8973,.1045173867104176,41.2649171682728,17.89716564516805
180.50584,8974,.0798509640739282,74.1806583456992,13.50322026597812
73.02497099999999,8975,.0428872236586408,30.01033331916348,7.118302745931421
137.58212,8976,.1059974866544701,56.5407315253456,18.16428552007506
203.72839,8977,.081149455621087,83.72419470699319,13.73183401788258
178.54437,8978,.0634958095511932,73.37457286987559,10.64898843381753
146.66289,8979,.0508203184562307,60.2725636748532,8.468802513928727
119.77092,8980,.0737866070254337,49.2210429106896,12.43944521569156
349.76089,8981,.0800615483967663,143.7376933830932,13.54027579306228
84.888824,8982,.0794614772805123,34.88590092438112,13.43470467736615
92.71907,8983,.0630347890995105,38.1038178809116,10.56920763820102
143.86266,8984,.0552188958303926,59.1217814900808,9.222229385722358
283.06693,8985,.1473455566381768,116.3291515847684,25.78860909422589
123.82063,8986,.0932157596215133,50.8853112463244,15.87049634697749
432.81476,8987,.0514110160516377,177.8695018318288,8.569789836561277
100.12381,8988,.0972714994603208,41.1468689427428,16.5951601453755
108.19004,8989,-.0000344843056614,44.4617658555952,-.0056016554783773
72.44467899999999,8990,.0904017069564789,29.77185658847852,15.36941667154795
112.20865,8991,.0735822374329318,46.113253338962,12.40370810687053
134.88239,8992,.0775780095257031,55.4312508085132,13.10375547265891
93.43955200000001,8993,.055999998114334,38.39990707717376,9.356370278221608
95.270912,8994,.0881845068610876,39.15252256301056,14.97560654633421
316.01965,8995,.0935101187514477,129.871397441642,15.92299243222963
204.02443,8996,.0306153588742708,83.84585526986839,5.05017878417421
190.50688,8997,.0783038539631827,78.29068454397441,13.23122174223391
96.89717899999999,8998,.0544152849015546,39.82085305417852,9.084332327056741
110.18223,8999,.1111135080657393,45.2804760189324,19.09064655103289
83.449066,9000,.0321380339887871,34.29421814947208,5.305411543087465
120.83434,9001,.0647208542882145,49.65806586627919,10.8611644386917
199.8342,9002,.0549118576329862,82.123838851896,9.16952953372447
128.6779,9003,.1224404202812659,52.881454342652,21.15855755575629
145.09502,9004,.0867984039013945,59.62823200779761,14.7298557245402
119.12337,9005,.0752350436885368,48.9549258403956,12.69293565518784
171.84912,9006,.0937092417646019,70.62309373330559,15.95851284636725
84.981239,9007,.0617810792076385,34.92387978169132,10.35243578060432
122.80542,9008,.0378408734855216,50.4681006665496,6.264789776468296
190.66656,9009,.0503195912631092,78.3563066176128,8.383243488084501
117.97842,9010,.0391570853600875,48.4843973257896,6.486991860128742
83.728645,9011,.0264397360051614,34.4091139017626,4.352246422219505
154.90503,9012,.0488147409831495,63.65975254019641,8.12636811026278
133.06387,9013,.1250170269829076,54.68391204753561,21.63223788613617
99.931061,9014,.0632804948038232,41.06765683683268,10.61172307570772
101.44647,9015,.0677751844063068,41.6904291376236,11.39130335942722
196.12328,9016,.0741609452393481,80.5987996140064,12.50492284788871
101.82418,9017,.002444298183103,41.8456527938984,.3975460681872527
113.97054,9018,.092752109830634,46.8373194419352,15.78784025290561
133.87187,9019,.0197296684096176,55.0159676305756,3.236782147464135
226.48975,9020,.0745625065420988,93.07820048123,12.57518948053091
97.043205,9021,.0469369348856697,39.8808638816154,7.806371470516792
262.96951,9022,.0622635057887949,108.0699182732588,10.43581725483123
127.42888,9023,.0809713402957054,52.3681572333344,13.70045728145239
85.72834,9024,.024870598357367,35.2309083189992,4.09072613690029
123.28169,9025,.0065487298641768,50.66382852859719,1.067289624837635
126.42448,9026,.0616749538116784,51.9553891298624,10.33409871420157
116.77412,9027,.0353873619971187,47.9894783423056,5.85136936871463
111.53923,9028,.1007007043069012,45.8381485760924,17.21017436391697
204.45595,9029,.0648910595786925,84.02319267728599,10.89066432362623
198.09622,9030,.0232953980372412,81.40959879965359,3.828607834621617
138.74002,9031,.0561420073709984,57.0165819703976,9.380769185605956
78.97081,9032,.0545102086908411,32.4538346011028,9.10061517375517
125.27087,9033,.0954768862036418,51.4813017026956,16.27414308992201
94.735725,9034,.0225339118484176,38.932582177713,3.702042099351996
168.60471,9035,.0635149432673556,69.2897713890348,10.65230036846569
119.99364,9036,.0453375843155868,49.3125718951632,7.534299833381347
85.622505,9037,.0649568559039338,35.1874143800994,10.90206945132517
113.21429,9038,.0480562693963043,46.5265310326852,7.997044745331496
167.67419,9039,.0766067011006953,68.90736500149721,12.93332770547585
161.17528,9040,.0497179375018953,66.2365737277664,8.280495834499892
131.8446,9041,.1125314995673351,54.182840994648,19.34824305087407
194.33366,9042,.0428090758232972,79.8633375935608,7.105052374125427
157.71947,9043,.1181816859092743,64.8163744648636,20.37830768674613
123.77416,9044,.0389624012028651,50.8662139407008,6.454106966606752
117.65163,9045,.0851554498431204,48.3500997466044,14.43900699564989
112.02584,9046,.0509825615295836,46.0381257632992,8.496534104291595
127.43626,9047,.0662675793720678,52.3711901172488,11.12942655466447
150.88602,9048,.0732609389903877,62.0081006728776,12.34753898817934
98.44760100000001,9049,.0778613530542368,40.45801429324788,13.15350270511292
277.75308,9050,.0337320002773752,114.1453724264304,5.573010903539288
86.002426,9051,.0372888658406762,35.34354666866888,6.171687197679609
105.71548,9052,.0018743247538387,43.4448209749424,.3047574322659872
257.6817,9053,.1095624749451502,105.896840510196,18.80929928903753
104.69013,9054,.1085030962252207,43.0234432619844,18.61738557989084
114.22009,9055,.030084162909175,46.9398744799892,4.961230432760948
163.90167,9056,.0251146521197593,67.3570106349996,4.131374406692219
177.16714,9057,.0117086303874486,72.8085865943432,1.913169598523163
114.48534,9058,.0593372369673957,47.0488815881592,9.930665300337392
91.267105,9059,.0535330274263031,37.5071185187474,8.933067332557261
237.93086,9060,.0720436949917361,97.78003767389679,12.13490505818003
80.173134,9061,.0684554400343684,32.94794152786392,11.50959570765138
93.80785400000001,9062,.0992682630835084,38.55126442289752,16.95301523002993
121.87492,9063,.0587432617624084,50.0857024982096,9.828309708483614
90.862976,9064,.0382989135271879,37.34103771340288,6.342082638861314
303.58411,9065,.1061076238803663,124.7608894155068,18.18417825841012
122.88014,9066,.0645933097356305,50.49880758878319,10.83906177957274
491.05768,9067,.0683761651676359,201.8050052458784,11.4958061440217
248.71339,9068,.0862879961097591,102.2112249087932,14.63944812644012
92.458344,9069,.0485032276239087,37.99666995523872,8.073241586066249
98.723511,9070,.036015998682472,40.57140223373868,5.95719897205371
165.66884,9071,-.0040441078251538,68.08324660613918,-.6556125408145758
87.973572,9072,.0630829271218021,36.15360859229136,10.57753632929629
109.83904,9073,.0853881625522033,45.1394386977152,14.48017459807598
90.906082,9074,.0581204978615091,37.35875254999016,9.721058430165197
251.7964,9075,.0476659002409034,103.478218328432,7.930522990131134
156.68654,9076,.019692200809333,64.3918816760152,3.230574620346613
155.58197,9077,.0402860825480852,63.93794772136361,6.677821638055738
103.58597,9078,.0646214397802463,42.5696778008836,10.84393629494397
171.58437,9079,.0296491643469919,70.5142921050756,4.888425442354148
138.92859,9080,.042686539589105,57.0940766749692,7.084277803160258
213.34644,9081,.0615418062973043,87.67682738082719,10.31109533492641
175.72557,9082,.0625940069810436,72.21615916013161,10.4929635254878
217.14491,9083,.0374430347166761,89.23784615621081,6.197684418879652
122.27931,9084,.1382892235998156,50.25189056408279,24.09161211047687
144.37854,9085,.0826303486729553,59.3337874729752,13.9929241540108
115.64604,9086,.011400551763226,47.5258827208752,1.862542614056252
163.13773,9087,.0562936422016247,67.0430619442724,9.406825708377633
117.45087,9088,.0592838044837012,48.26759544109559,9.921455165450324
170.65192,9089,.0168508784318091,70.13109256496959,2.760509222301109
124.48005,9090,.0614275869296699,51.156306410394,10.29136453862549
189.64615,9091,.056809013581421,77.93695904646201,9.495415285472816
111.62166,9092,.0531308806155328,45.8720239990008,8.864162639567548
139.47868,9093,.058265754075785,57.32014159535839,9.746068221713058
168.39493,9094,.037052802198003,69.2035602254084,6.131887974958317
121.52294,9095,.0876548055549516,49.9410528396472,14.88165228828112
249.07271,9096,.0509131310181045,102.3588910128748,8.484666060774604
217.20547,9097,.0670723380929911,89.2627338865436,11.26916711986529
124.41961,9098,.0645359324734796,51.1314679952468,10.82911958457076
98.444885,9099,.0839595981099042,40.45689812621379,14.2276081428729
127.25259,9100,.0850818507602353,52.2957091160892,14.42598908280038
183.28755,9101,.131350642799701,75.32382955349399,22.8018029081407
82.071068,9102,.1075955821332183,33.72791625675184,18.45314479148633
215.05353,9103,.0840869156991004,88.3783728823764,14.25010291719636
215.80121,9104,.0714557229698747,88.68563936545479,12.03228799841667
95.469795,9105,.0543594961782644,39.23425549682459,9.074763273983164
75.722244,9106,.0545781448479532,31.11880430757072,9.11226961908093
83.98699999999999,9107,.0443970756494934,34.51528744156,7.374509372888064
103.5871,9108,.0346916973341153,42.570142185548,5.734333273519938
107.76938,9109,.0710364974357756,44.2888914724744,11.95915861372852
148.69589,9110,.0605671754652661,61.10804511089319,10.1428053821562
130.58356,9111,.0195105798920161,53.6646041475728,3.200487471262863
137.50488,9112,.0960356277274699,56.5089889842144,16.3740279727371
114.89194,9113,.0932549442996003,47.2159778753672,15.87748366127969
269.63147,9114,.0752544939722685,110.8077165554236,12.69634214210842
149.81059,9115,.0952146055048087,61.56614208912919,16.22727504240306
106.22565,9116,.070093924722301,43.654480376922,11.79484885498749
138.7637,9117,.0717645646806095,57.026313500356,12.08618172792955
181.71735,9118,.0378742813902788,74.67854034991799,6.270426061825847
96.086433,9119,.0516862227428838,39.48766897530804,8.616860321015391
119.89351,9120,.0544711080630739,49.2714224823788,9.093907821435662
119.18308,9121,.0737020112988283,48.9794642548304,12.4246514897653
128.51976,9122,.0395914156131234,52.8164651472288,6.560379429003187
311.73312,9123,.1000543374741162,128.1098055872256,17.094089693916
230.6965,9124,.033034374697692,94.80700595642,5.455839148171881
112.39346,9125,.0319685455067861,46.1892028343848,5.276982440263685
104.47414,9126,.0638103747445071,42.93468003750321,10.70344587756586
220.23001,9127,.0301309830135115,90.50569848199881,4.969068524222503
74.744522,9128,.0127655502753401,30.71699979177736,2.086973286633854
111.07935,9129,.1044711011597075,45.64915634647799,17.88881867030104
130.03372,9130,.0549885187615185,53.43864196715359,9.18268608821357
185.65401,9131,.0558680721612268,76.29634967111879,9.333706908672244
203.3611,9132,.1016314287332856,83.57325325266798,17.37746028383399
114.49456,9133,.0662961056806499,47.0526706382528,11.13437802077817
265.92703,9134,.0523748043293282,109.2853403375564,8.734689913403603
109.73386,9135,.0975426891097974,45.0962139375368,16.64372016700496
313.70035,9136,.0322283912517409,128.918258191958,5.320569562389326
98.451477,9137,-.0101610158576872,40.45960717374275,-1.642233691679006
102.95867,9138,.0898962141678378,42.3118826681596,15.27955622716583
364.09616,9139,.0390906118027708,149.6289142220608,6.475762821157849
82.84329200000001,9140,.0995559635816142,34.04526933912496,17.00463512831344
99.63047,9141,.0494181603920975,40.9441259955436,8.229324352278978
105.9493,9142,.1048725768372808,43.540911614084,17.96123225411252
229.24699,9143,.122336569729027,94.2113155007612,21.13949136844184
133.87231,9144,.0562516673609789,55.0161484529228,9.399612468808225
113.53569,9145,.0485091631961578,46.65861353811719,8.074253703639647
102.63386,9146,.0979490022835564,42.1783987895368,16.71650045752229
172.09433,9147,.0943571203093473,70.72386520548041,16.07413314696075
90.21281399999999,9148,.0712890901647208,37.07384721590232,12.00321702692992
171.56702,9149,.0494121445282995,70.5071619511576,8.228297610769987
99.235046,9150,.0444331941911548,40.78162259595447,7.380643063296461
92.04838599999999,9151,.0564943643027546,37.82819366475368,9.441323333341021
102.84507,9152,.0493324528167071,42.2651976257916,8.214697023283064
108.87381,9153,.085826876062593,44.7427678927428,14.55781044276026
90.477852,9154,.0734409603309679,37.18276720057776,12.379007941747
117.2738,9155,.0507436824006203,48.19482677514399,8.455704969405312
305.87445,9156,.0500913272267892,125.702127267066,8.344254331175204
93.456093,9157,.0263669102760723,38.40670476454883,4.340099841076186
102.80231,9158,.0821230400191025,42.2476249813228,13.90343911823432
91.188339,9159,.1040121968724021,37.47474885283932,17.80608237152493
65.882957,9160,.0536379500637566,27.07525210276516,8.951049559657129
108.46937,9161,.1021998041666352,44.5765592788756,17.47969516367974
115.93738,9162,.0553876912121659,47.6456117723144,9.25120821743368
144.34706,9163,.0261870375816208,59.3208504559528,4.310102719547168
129.19263,9164,.0608915331233356,53.0929877216844,10.19879415880697
146.73842,9165,.0808991717672997,60.30360347458959,13.68774568837793
206.47749,9166,.0380751588025739,84.85396451310119,6.304320287298148
118.96661,9167,.0760335440577795,48.8905037696068,12.83283802986666
338.78351,9168,.0682868967707268,139.2264306155788,11.48027955207087
196.95808,9169,-.0030147342314211,80.94186892183041,-.4889865936245693
174.9317,9170,.0518273732735938,71.889910440196,8.641007288894585
169.24977,9171,.0737918304834024,69.55486516922761,12.44035871190576
197.55585,9172,.0839499150641425,81.187528409298,14.22589743651786
139.72162,9173,.0758144081144293,57.4199801886056,12.79443288750331
142.62798,9174,-.0324162040478439,58.6143775454424,-5.181368492873886
181.77541,9175,.0922656840601546,74.7024006805508,15.70116500746934
108.0806,9176,.0836496609639357,44.416790406328,14.17285968176686
374.65628,9177,.0607896199967572,153.9686998700464,10.18120053711858
193.38683,9178,.1150774509037946,79.47422845038039,19.8116657133815
123.64201,9179,.1118532385892599,50.8119055925588,19.22498259664393
96.99305,9180,.0495319950335611,39.860252188834,8.248753940404171
121.43801,9181,-.0090978340280335,49.9061500170388,-1.471181770285857
136.53572,9182,.0896652323856775,56.1107031069136,15.23851017446579
195.32042,9183,.0697512881751952,80.26885636474961,11.73515864784967
85.128319,9184,.106665741996,34.98432376084172,18.28501798770238
281.93381,9185,.0514333221912908,115.8634847255428,8.573604525921805
176.90849,9186,.0935184983224964,72.70229182138119,15.9244870733718
215.59856,9187,.083167269697105,88.6023583457728,14.08768202781975
93.084236,9188,.0074260821754514,38.25388645645168,1.210809162681751
112.45005,9189,.084528543532159,46.212459053994,14.3281529731305
88.843102,9190,.0946054411128162,36.51095053674776,16.11846829894955
186.10451,9191,.0917281437504349,76.4814870970588,15.60543079007441
156.87587,9192,.0363624074258832,64.4696887100956,6.015544559304248
203.3286,9193,.0757092826162036,83.55989705656799,12.77601187846911
109.17458,9194,.0415300719574733,44.8663722958504,6.888337711112083
109.09211,9195,.0176498869902066,44.8324804345468,2.892561405474266
86.897766,9196,.0894247711188159,35.71149548762808,15.19578966444307
263.36032,9197,.0405114394853363,108.2305255039616,6.715938600869615
366.65036,9198,.0785282969942324,150.6785879475568,13.2706551392965
99.108704,9199,.0915053953597066,40.72970110279552,15.56577508916707
190.26488,9200,.0498246276407774,78.19123225301439,8.298711375359554
147.32312,9201,.04595449833605,60.5438917164256,7.639193886784978
160.39435,9202,.0666154112005237,65.915642828678,11.18981125196343
111.33769,9203,.0040071359738092,45.7553237218772,.6522392133570473
263.0881,9204,.0078411048595688,108.118654005428,1.278743518620707
238.2701,9205,.0499287671947961,97.91945170358801,8.31649332127582
107.6234,9206,.090174917053917,44.228899549192,15.32909506496377
284.94177,9207,.0764431897352765,117.0996356061876,12.90465394163331
425.5368,9208,.0852521751591623,174.878552263584,14.45611684162847
103.61307,9209,.0222182292726882,42.5808148136316,3.649601117535353
203.08481,9210,.0832467442951858,83.4597091474228,14.10171233182337
297.521,9211,.054457727342639,122.26919445748,9.091612542400075
261.16449,9212,.0674926963134684,107.3281274706612,11.34220402647243
107.85841,9213,.0476784707891409,44.3254792305908,7.932664698742626
128.14922,9214,.0932354905129437,52.6641880732936,15.87401467622274
173.57471,9215,.0624312512802598,71.33224199263481,10.46481941697278
140.9292,9216,.0926705611764374,57.916247120496,15.77330631780206
99.841545,9217,.0804978053300281,41.0308693522146,13.6170666940318
102.24083,9218,.0835312224832595,42.0168792279004,14.15194274457378
396.24048,9219,.0384076899336262,162.8389401119424,6.360443528984406
160.82477,9220,.0409719717416706,66.0925281802276,6.79385993018175
331.18103,9221,.091994148562501,136.1021163470764,15.6527989680882
241.23674,9222,.0446859299798648,99.13862172199119,7.423569131830833
119.28107,9223,.0507739098091784,49.01973421347159,8.460870888235338
164.29018,9224,.0933742109769252,67.51667265797839,15.89875268343343
137.90816,9225,.0977308552083546,56.6747208846208,16.67742148527832
178.76817,9226,.0687518724069567,73.46654569101959,11.56116868660958
111.42182,9227,.0559369159651971,45.7898977765816,9.345533113617954
158.99577,9228,.0645214378730277,65.34088255970759,10.82660808506415
328.39328,9229,.0757585209293982,134.9564629416064,12.78463960515902
348.83743,9230,.1202998310379446,143.3581883723084,20.76596126293174
239.10333,9231,.0490142878284322,98.26187580440039,8.160408189906279
242.17879,9232,.0593709696742916,99.52576647694519,9.936480046345253
144.53925,9233,.0936067765493148,59.39983283529,15.9402337799647
85.395264,9234,.0105398435083812,35.09402744600832,1.721183871012549
92.326576,9235,.0457935889458477,37.94251859377088,7.611828182454614
108.65874,9236,.0403477249850487,44.65438275135119,6.688247011136301
284.67041,9237,.0501650190153911,116.9881175331508,8.356840451621666
94.354088,9238,.0503796561868286,38.77574468198944,8.393504492879776
180.59805,9239,.0749388725848663,74.21855295623399,12.6410729777391
77.527199,9240,.0854127485745569,31.86056839777612,14.48452450150729
146.33896,9241,.1005934159974659,60.13944144092479,17.19090065649615
213.77252,9242,.0474138223222625,87.8519291664976,7.887580868100636
137.92041,9243,.0927896854287757,56.6797551431508,15.79453752877417
94.334625,9244,.0873725913776625,38.767746169845,14.83161567097506
153.66388,9245,.1084048501159079,63.1496896851344,18.59959792397595
129.80179,9246,.0497096739313683,53.34332804218521,8.27908505036736
158.98077,9247,.081797293944532,65.3347181615076,13.84600414302153
342.68799,9248,.0854805183875702,140.8310152478412,14.49651528843407
98.675713,9249,.1287075878125283,40.55175917339444,22.31283579656236
115.56741,9250,.0788575490417523,47.49356894551079,13.32851891724147
295.20538,9251,.0925501612124565,121.3175675401544,15.75185030977536
116.81448,9252,.0382129321208984,48.0060646830624,6.327570839098982
243.55399,9253,.0344697013287596,100.0909185039212,5.697002605254538
104.12842,9254,.0621272706598547,42.7926029877896,10.41226662001224
89.9823,9255,.078631479718173,36.979115210124,13.28878674214128
87.55931099999999,9256,.0313935836943817,35.98336394144268,5.180577272384534
206.69244,9257,.0823853212992547,84.9423003393072,13.9496976910472
101.75391,9258,.0561205701038807,41.8167746431308,9.377085781860805
143.68939,9259,.0416514975383803,59.0505744716732,6.908900178916682
149.83835,9260,.0197058970080694,61.577550335398,3.232843741237808
94.730141,9261,.044163260712324,38.93028737774308,7.33480802213
114.27246,9262,.0861630134421604,46.9613964489048,14.61731720747346
145.12556,9263,.0099103513752613,59.6407827225328,1.617875999321706
92.28898599999999,9264,.1268540591759273,37.92707061188167,21.970701772248
203.33943,9265,.0613790705191468,83.5643477520684,10.28298426525315
83.99112700000001,9266,.0414247591031744,34.51698347298476,6.870505828627421
109.72537,9267,.094984192917412,45.0927248881556,16.18611178422496
308.09323,9268,.1050599796188856,126.6139568296124,17.99504377495216
156.92249,9269,.1811763425771563,64.48884765970119,32.26559301208174
215.57135,9270,.0583841666458627,88.591176127438,9.766458840854547
122.94589,9271,.1456591112341097,50.5258282008932,25.47143340684659
116.03407,9272,.0586870034855573,47.6853474831116,9.818618264699198
132.31879,9273,.050325705243267,54.3777140601452,8.384287922731636
129.36818,9274,.0297013304709496,53.1651317286184,4.897154729148307
165.55075,9275,.0553215456190817,68.03471635391,9.239851743272002
90.42791,9276,.1202998605512714,37.16224304225079,20.76596667005317
163.44949,9277,.0376714120793208,67.1711827964612,6.236202651001504
153.83392,9278,.0414751230541537,63.2195693031296,6.879033366760893
94.800667,9279,.1041560590945352,38.95927073423996,17.83201534548373
95.26522799999999,9280,.0602814252185102,39.15018666705264,10.09349584197732
98.33000199999999,9281,.0829526126724774,40.40968582231976,14.04979243160002
151.4711,9282,.0620213712923036,62.24854507946799,10.39396227055204
201.14023,9283,.0673192540484822,82.6605647839724,11.3120648503163
355.1701,9284,.0771581963969986,145.960661675588,13.03007388822009
79.97036,9285,.079207042678135,32.8646095491568,13.38996086313674
148.40765,9286,.0833616559609936,60.989590035082,14.12200060444208
176.08968,9287,.0342962847204711,72.36579376203839,5.66784677389656
127.17168,9288,.0513663157233386,52.26245835219839,8.562145656230983
130.65517,9289,.0343456879067465,53.69403298457959,5.676152216316506
98.016617,9290,.0245082382898265,40.28089716032596,4.03039170757085
87.00200700000001,9291,.0947152559895193,35.75433435647916,16.13807813859867
75.26609000000001,9292,.0758216723228477,30.9313433144692,12.79570585715363
76.632668,9293,.1081512768077308,31.49295204535984,18.5536960411396
161.08896,9294,.0860435223997113,66.20109967092479,14.59616128722259
158.33736,9295,.0548797618616581,65.0703024651168,9.164021568858884
138.29767,9296,.0602163170015906,56.8347938674796,10.08226263008759
141.81606,9297,.0896769805919584,58.28071099967279,15.24059763189345
120.04376,9298,.0925547350617462,49.3331692043488,15.75266535041612
188.75395,9299,.0616971513904153,77.57030064152599,10.33793400160708
114.48499,9300,.0239184812464083,47.0487377522012,3.932241489683514
201.16171,9301,.061917935231377,82.6693922021948,10.37608556656796
120.28102,9302,.0664998806590498,49.4306735454776,11.16975245768496
106.25976,9303,.0687726816251325,43.66849821842879,11.56478962585489
119.4567,9304,.1477446606617426,49.091911097196,25.86374828826888
165.79649,9305,.0764768505614198,68.13570563482119,12.91055640543683
210.41248,9306,.0735415014676399,86.47108753130239,12.39658568124607
133.45808,9307,.0188917940781806,54.8459165418304,3.098021013752481
133.60585,9308,.0734864263991255,54.906644083298,12.38695661550251
180.7784,9309,.0338214215261694,74.292669570592,5.588035823488403
169.79645,9310,.0938308550996788,69.779528716426,15.98021023212201
105.10901,9311,.1027515541617482,43.1955861365188,17.57899518971671
153.3564,9312,.0496970334330596,63.023327741232,8.276927045181544
177.05118,9313,.0950820093576403,72.76093168665838,16.2035855537129
82.906952,9314,.0898729738102123,34.07143104508576,15.27542592726576
109.0116,9315,.0469493104077685,44.79939405460799,7.808478414872335
82.280807,9316,.1014671180033499,33.81411057102316,17.3479161942578
91.83348100000001,9317,.0802826788709633,37.73987633174228,13.57919547671302
146.15608,9318,.0347064788517829,60.0642850980704,5.736819215831153
126.39812,9319,.0966708219279954,51.9445562274256,16.48764792494562
68.505577,9320,.076745059889815,28.15304370325076,12.95759431274393
195.75131,9321,.0792558945495648,80.4459348674428,13.39855086764922
135.69063,9322,.1078459636974828,55.7634050219244,18.49844365263783
205.40051,9323,.0870659202099386,84.4113689415388,14.7772588327768
187.86967,9324,.0918450235940612,77.2068970388396,15.62624234002987
91.088959,9325,.1012636757126198,37.43390765996492,17.31134273264917
80.823975,9326,.0829923431339388,33.215411067123,14.05680473172517
172.93402,9327,.0444770583564096,71.0689441071176,7.388092421913488
188.45842,9328,.0210249862774166,77.4488496681896,3.451529858948113
112.79976,9329,.0564405142013245,46.3561758336288,9.432067566202619
90.728638,9330,.0489751288252748,37.28583018504344,8.153727640870024
253.37733,9331,.0799887148149686,104.1279171315204,13.52745872949647
241.67628,9332,.0622219177393795,99.31925502764639,10.42862768983064
75.341095,9333,.0677778477091039,30.96216736026859,11.3917663348202
203.48227,9334,.0644851406907061,83.62304926132759,10.82031898170255
149.72969,9335,.0233951817013418,61.5328954348372,3.845199904764085
101.70132,9336,.0650378344869031,41.7951622630416,10.91610730005552
207.85811,9337,.1450631504716056,85.42134394262679,25.35947683094463
126.30096,9338,.0928614305491914,51.9046273654848,15.80732569855284
264.17465,9339,.0573660029845749,108.565182463042,9.591210127380313
83.962868,9340,.0352842882362359,34.50537015773584,5.834023475297912
97.066368,9341,.0547931453078629,39.89038294531584,9.149158158552236
121.34082,9342,.0312669064707055,49.86620882630159,5.159344461759301
86.713943,9343,.0752664170749272,35.63595160960683,12.69843036513666
124.21231,9344,.0633433228519308,51.0462760121228,10.62259614053043
169.39046,9345,.0479444453784143,69.6126831147448,7.977986461959246
115.73412,9346,.0814733618294374,47.5620800671056,13.78890755217508
247.01125,9347,.0675591013997791,101.51171365865,11.3537446657796
219.16409,9348,.0900828112045186,90.0676481267092,15.31272192111685
108.73663,9349,.0671561950144111,44.6863924164044,11.28373474197145
129.74489,9350,.0760486499170768,53.3199444250132,12.83548574989662
135.84308,9351,.0811565523384952,55.82605585563039,13.73308428903453
166.30829,9352,.0136518887657697,68.34603490140519,2.23286764375004
91.379189,9353,.1010119524333065,37.55318054593732,17.26609994320999
172.78085,9354,.0536127008636998,71.00599738229799,8.94672203846592
98.024368,9355,.1160941493474231,40.28408251035584,19.99705850733217
287.46191,9356,.0604607292300081,118.1353120381708,10.12443519509096
157.84361,9357,.0453399424822191,64.86739102436681,7.534700669881505
187.28726,9358,.1289006554399882,76.9675498951288,22.34850971183839
130.68584,9359,.0378949771697754,53.7066371240992,6.273917764623482
186.69801,9360,.0673584976900811,76.7253917858388,11.31888378608948
124.8903,9361,.0258060624294168,51.324902701164,4.246585831955352
131.36104,9362,.0423773004329909,53.9841172350752,7.031861274466831
203.97166,9363,.1139733692070249,83.8241689170008,19.61055213988157
206.07303,9364,.0254525327529351,84.6877476800364,4.187666347586278
112.89755,9365,.0963280987120027,46.39636360029399,16.42633456632155
241.75851,9366,.0684524823865987,99.3530482585788,11.50908121636177
191.06354,9367,.0431678335906016,78.51944947077519,7.165890154459198
98.385841,9368,.0321182595311683,40.43263341105908,5.302094431708694
157.15297,9369,.0392322211251029,64.58356569284361,6.499685060368783
199.03252,9370,.0505143966568501,81.79438053529759,8.416524704961667
152.65805,9371,.0557124351754521,62.736333909034,9.306974098909302
100.64617,9372,.0224454015340166,41.3615379456596,3.687337154021177
113.32602,9373,.065009836443124,46.5724475800776,10.91125363751313
134.97807,9374,.0486981329694537,55.4705714498316,8.106479453797739
189.77136,9375,.0907930215080596,77.9884153330368,15.43901107765265
107.1786,9376,.0912637976835037,44.046104594568,15.52277365139343
149.60709,9377,.032036525746382,61.4825117535492,5.288384507890363
128.27434,9378,.0743429781348864,52.7156073734792,12.53677211858424
158.00946,9379,.0065474115633401,64.93554872046479,1.067074068540032
104.09641,9380,.0552954021717984,42.7794481620308,9.235363406713072
494.35391,9381,.07170285814997,203.1596235311308,12.07541243769338
195.82002,9382,-.0084244925022619,80.4741719207976,-1.362755909423364
125.75267,9383,.0181079933827814,51.67930217287959,2.968320273667427
138.88074,9384,.0739895389717922,57.0744122447112,12.47493815780698
81.559044,9385,.0135449714415982,33.51749493515472,2.215261826020965
169.72484,9386,.0576845055788398,69.7500998794192,9.646012362713547
94.628334,9387,.0214392951280213,38.88844878523992,3.520275887243556
213.86081,9388,.0741689593532254,87.88821281430279,12.50632491026609
174.50922,9389,.1479281596688972,71.7162881100936,25.89830565592142
269.4606,9390,.0306319371662699,110.737495840728,5.052955566670034
213.87422,9391,.0762210687151553,87.89372378629361,12.86570975125028
197.84277,9392,-.0446669487967747,81.3054410180676,-7.096194025944459
120.11185,9393,.0801605490612081,49.361151462578,13.55769916841817
186.01311,9394,.0478092638041804,76.44392536402681,7.954950171245293
122.61442,9395,.0006356895197484,50.38960732946959,.1032964732170782
106.40352,9396,.1219342758708839,43.7275778107776,21.06565190330304
172.62677,9397,.079603676718,70.9426766839876,13.45971624053144
306.89542,9398,.0740408885682775,126.1217049757496,12.48392038076599
133.29102,9399,.0890092967216229,54.7772615842776,15.12200040836824
314.05414,9400,.021765687900667,129.0636516879032,3.574454112587186
119.88004,9401,.0959265739758242,49.2658868527952,16.35452831133319
140.74059,9402,.037306635921487,57.8387359775292,6.174683530194498
230.83273,9403,.0945608809475244,94.8629910208724,16.11051172442382
266.61981,9404,.0170704948492713,109.5700451232228,2.796794724076979
139.82764,9405,.0520550411207387,57.4635501550832,8.679962169564222
195.09917,9406,.0593600396597266,80.17793149129959,9.93459594070942
162.14767,9407,.0459407626081201,66.6361870054796,7.636857692919426
156.29131,9408,.1243317251930243,64.2294580026428,21.50613365311178
199.24573,9409,.0440841927985482,81.88200129131241,7.321384534465554
97.88047,9410,.0913489166441607,40.2249462055436,15.53792260222909
106.92657,9411,.099863006713208,43.9425303760116,17.05974191206744
161.6088,9412,.0504042100999412,66.41473305494399,8.397699261882179
260.20087,9413,.1338278065094589,106.9321183110956,23.26125473802842
107.38049,9414,.0749849771827648,44.1290732847412,12.64914536867209
121.25253,9415,.0772058221044326,49.8299251784964,13.03843114136624
80.682236,9416,.087756263286982,33.15716202469168,14.89964421098531
152.90248,9417,.0888002635140089,62.8367848325024,15.08488719675052
231.72891,9418,.0483174303836769,95.23128504613081,8.041562984977958
150.94989,9419,.087924418417037,62.03434868041321,14.92946788158637
156.7338,9420,.0835034348310199,64.41130363994401,14.14703563939262
137.15225,9421,.0446525083724355,56.36407220173,7.417891995467657
175.02971,9422,.0892932249725924,71.9301886180348,15.1724234344852
129.88692,9423,.0698602116280033,53.3783130567696,11.75413182443882
96.78778800000001,9424,.0393687008025226,39.77589774194544,6.522743948262446
250.88297,9425,.0086020473632833,103.1028352452436,1.403374161581089
98.398781,9426,.099410661047076,40.43795123190628,16.97856275050932
195.70319,9427,.0813050739044764,80.42615947801721,13.75925225768774
141.5482,9428,.095698676014311,58.170631286216,16.31378524296416
124.29703,9429,.0281488227847344,51.0810925331564,4.637558607020808
193.59088,9430,.0357573011230794,79.5580848138944,5.913639751126946
165.67326,9431,.0395013073777088,68.08506304880879,6.545151471764484
93.524124,9432,.0481773677716218,38.43466277614512,8.017686070836428
109.04019,9433,.0335233817472725,44.8111433975772,5.537963197350581
187.88271,9434,.0537174212560847,77.21225595567479,8.96467103186346
151.56891,9435,.0644469972205499,62.2887410653308,10.81371022359819
404.92944,9436,.0295387089043526,166.4097540708672,4.869943738758683
110.05209,9437,.0327294184152307,45.2269937001492,5.404644989571486
135.76917,9438,.1129368643522728,55.79568181089959,19.42194996868114
208.36423,9439,.029837028836309,85.6293389570924,4.919864126210598
129.60905,9440,.0683422652329737,53.264119634914,11.48990971210912
129.53999,9441,.0941580277177426,53.2357387456012,16.03859514215498
303.42233,9442,.0285050318016278,124.6944043261204,4.697084995755345
117.65477,9443,.0554665287262477,48.3513901606276,9.264744736726572
230.03267,9444,.052652213604478,94.53419845927959,8.782182924273595
193.96246,9445,.0134196356808552,79.71078928610478,2.194625485356484
147.30014,9446,.0693751801276375,60.5344478583832,11.66966096224027
115.01858,9447,.0748581788534653,47.2680218345704,12.6269453184782
105.6906,9448,.0547709385025403,43.434596293128,9.145347675619805
69.82300600000001,9449,.0464275094685046,28.69445416699928,7.719663934926507
161.33508,9450,.0705513643376412,66.3022451165904,11.87457062086158
201.25037,9451,.1084278358327664,82.70582790515559,18.6037593776953
245.92662,9452,.0537806153915877,101.0659742440056,8.975503366703357
229.8846,9453,.0523150653687637,94.47334762984801,8.724464210395224
115.55718,9454,.0584091273750191,47.4893648259384,9.770757381190176
110.95674,9455,.1048735846341239,45.59876855559119,17.9614140655459
158.55022,9456,.0803762916845533,65.1577793851736,13.59567422984604
77.247108,9457,.037123688878341,31.74546223402704,6.14383814970342
112.43911,9458,.0995367602144399,46.2079631529068,17.00118915255166
105.86651,9459,.087151490717384,43.5068882456188,14.79242435376942
381.31226,9460,.0626665755093728,156.7040406121288,10.5055137271023
76.79969,9461,.0678576410978661,31.5615913864372,11.40563779497673
132.71657,9462,.0813793291971017,54.54118568121159,13.77233673203745
99.436295,9463,.0464065827294997,40.8643278608446,7.71610301160672
209.81183,9464,.0033982427723032,86.22424447938039,.5529615410090635
110.19867,9465,.0199575733218533,45.28723219935961,3.274545805726187
192.50681,9466,.0756507957749405,79.1125755367828,12.76576414108987
212.30342,9467,.0613542585656098,87.2481880067896,10.27869863637402
99.45410200000001,9468,.0266299330857755,40.87164582342776,4.383973507526023
204.73976,9469,.0780082618987031,84.13982720082879,13.17930135607491
116.73826,9470,.0755936268824008,47.9747413210088,12.75574790655278
87.10968,9471,-.0119164806590777,35.79858363963839,-1.924267070967309
103.95551,9472,.0561366535332984,42.7215439149388,9.379849268700825
140.80711,9473,.0692475773116955,57.8660730287468,11.64744504724522
142.18346,9474,.1072817527855053,58.43169765958479,18.39638301578165
89.49878699999999,9475,.093742701289514,36.78041076566556,15.96448219356
208.96501,9476,.0449089563200683,85.8762354337988,7.461458192447429
168.50551,9477,.0657840169325835,69.24900416893878,11.04551348649754
108.90791,9478,.067507604967762,44.7567816246508,11.34479495709571
228.74887,9479,.0440522116694435,94.00660816533559,7.315955347890135
168.15691,9480,.0628983215454696,69.1057435547708,10.54559862514532
156.00102,9481,.0634378362566307,64.11016045907759,10.63895398159456
93.57920799999999,9482,.1093182640045254,38.45730009017504,18.76504077149956
108.46922,9483,.0940375634768396,44.5764976348936,16.01709572438654
101.91821,9484,.0317003647620174,41.8842953514148,5.232009061250753
123.54211,9485,.048800692793201,50.7708507005468,8.123971928878801
325.69867,9486,.0443222185815321,133.8490863393596,7.361797768759103
111.89635,9487,.0636020345663378,45.984910568438,10.66737616495539
174.98462,9488,.0791209895778047,71.9116584370456,13.37483049781581
130.03746,9489,.0747034468976123,53.44017895710481,12.59985841832465
104.62612,9490,.0373263445863199,42.9971377200656,6.178006802639492
215.9532,9491,.0371159122161871,88.74810115761601,6.142527107858326
82.578461,9492,.0172794457745408,33.93643442314468,2.831325448625059
213.99786,9493,.0848737230295559,87.94453486585681,14.38918146331935
236.09662,9494,.0420011701025555,97.02623862360559,6.968128429254411
230.88811,9495,.0809111504715816,94.8857499790268,13.68985552538425
227.63193,9496,.069650095830536,93.54759063696841,11.71753399052584
113.89378,9497,.0619970157889069,46.8057741615464,10.38975277788047
117.72006,9498,.0767000007913087,48.3782217311928,12.94969107462598
190.40971,9499,.0891001738931099,78.25075157243479,15.13813779404237
78.864639,9500,.0175073216552288,32.41020257968331,2.86899189150492
234.0323,9501,.0978898031529178,96.177885924124,16.70589465388102
152.4127,9502,.0402060930256751,62.63550490247599,6.66429424358515
100.40871,9503,.0409384010810515,41.2639514125548,6.788178614833932
139.04698,9504,.0715493687974358,57.14273021516239,12.04862769508869
99.809341,9505,.0549853166490722,41.01763480023908,9.182136522676609
269.28973,9506,.1419292003761058,110.6672751260324,24.77183290931974
96.373817,9507,.0872724558796687,39.60577226946196,14.81386502553743
171.76344,9508,-.0124145786386942,70.58788269078721,-2.004201478274689
278.69055,9509,.052184313364684,114.530634985134,8.702085116258409
140.82841,9510,.1407640896537716,57.87482647419079,24.55383331348492
130.91628,9511,.0418025832996628,53.8013387188464,6.934488851532031
321.75256,9512,.0209030737610002,132.2273934472928,3.431306408492289
103.92654,9513,.058908602916692,42.7096384072152,9.8567956868675
86.075371,9514,.0363142151729554,35.37352413711548,6.007426332982584
113.29324,9515,.0502414749017174,46.5589763152112,8.369899643933451
254.7612,9516,.0404011422179635,104.696632180656,6.697281803536706
122.35916,9517,.1124896234654754,50.2847057105008,19.34063047979928
140.87273,9518,.091559683926194,57.89304021607239,15.57543922104816
242.39909,9519,.0758751744730301,99.6163009385092,12.80508178345132
199.44121,9520,.0136731379595091,81.96233572865479,2.236366921435055
181.27449,9521,.0406923866582589,74.49654265746119,6.746550296495293
85.82950599999999,9522,.0268258622966522,35.27248348621927,4.416663089380394
247.28986,9523,.0054971374366863,101.6262111908168,.8954332708330949
162.51848,9524,.0502872462473585,66.78857503858241,8.377718183024374
212.62015,9525,.0959443134278139,87.378351329582,16.35770011889456
230.26886,9526,.1107876603123349,94.6312630733368,19.03150368636968
300.56509,9527,.073317322462999,123.5201933185892,12.35739459302031
95.147537,9528,.0716334961214898,39.10182038781556,12.06330787019977
142.739,9529,.038132455434377,58.66000231132001,6.313989247279035
92.86075599999999,9530,.0961946263873346,38.16204514246927,16.40246198395959
167.41957,9531,.0600738053454991,68.8027263968516,10.0576774466882
184.57198,9532,.1333691734760284,75.8516787521624,23.1761039209561
236.67986,9533,.0887170725663951,97.26592686401679,15.07011905446186
157.27637,9534,-.0109361514932023,64.63427814203558,-1.766828205380449
201.40842,9535,.0374217448098767,82.77078011418959,6.194094101532493
109.4219,9536,.0741976948479888,44.968010893372,12.51135225290558
75.048264,9537,.0386643460836701,30.84182556764832,6.403773665110812
100.82809,9538,.0378645558241056,41.4362997670292,6.268785231139145
205.72586,9539,.0666414288896208,84.54507473849679,11.19432884881195
103.27507,9540,.0760167737461686,42.4419103741916,12.82989861533934
116.12612,9541,.0796345645092868,47.7231763400656,13.46514958695086
196.87292,9542,.0328364405616705,80.9068715784496,5.42260942195193
222.4351,9543,.0896933875193521,91.411902003788,15.24351290625771
116.49827,9544,.1203853513917442,47.8761150594076,20.78163007274686
183.50409,9545,.0514857554771379,75.4128188059092,8.582571750887421
80.126373,9546,.0190262793992287,32.92872463291524,3.120285418388661
85.38883199999999,9547,.0174150868521148,35.09138415206016,2.853745027495272
294.46869,9548,.0522745213728581,121.0148175061572,8.717524516947705
106.61101,9549,.0949150766242709,43.8128478762788,16.17376599274887
107.6172,9550,.0674949445131039,44.226351597936,11.3425947319174
212.77661,9551,.1012134624224636,87.4426501124068,17.30231687608289
163.98395,9552,.0905398494630124,67.39082441392598,15.39398189329442
126.15298,9553,.0982730162195134,51.8438135224424,16.77456020712386
159.34636,9554,.0446079220487492,65.4849609840368,7.410318668318473
95.120514,9555,.0534315784350194,39.09071501897832,8.915682232310536
103.64503,9556,.0714368369272015,42.5939490913964,12.02899287194063
198.35756,9557,.1020628248948749,81.51699905469279,17.45505110032857
135.67899,9558,.0642783852974111,55.7586214489212,10.78449945119563
232.34694,9559,.0569616357865976,95.48527058076719,9.521658987863932
128.43652,9560,.065955055834541,52.7822568468176,11.07518939841512
279.29724,9561,.0485933025506163,114.7799602347312,8.088601562807945
102.99593,9562,-.0175957974292559,42.3271950332884,-2.833322915633176
136.52296,9563,.0471782373499971,56.1054592588448,7.847458146308647
141.77773,9564,.0712312693320227,58.2649589074724,11.99313066282477
167.28267,9565,.1218582599809898,68.7464659892796,21.05170282033176
126.80479,9566,.0781457206114927,52.1116812818252,13.20344390256631
108.84132,9567,.0417899726814776,44.7294158062416,6.932352903576721
86.40239,9568,.0786395725789827,35.5079158261132,13.29020892501002
87.63563499999999,9569,.0905222350715517,36.0147300433238,15.39084942147374
112.09164,9570,.0779438084016312,46.0651669234032,13.16798221573039
124.74972,9571,.0367813769319803,51.26712996123359,6.086138558529933
87.695953,9572,.0232302784145799,36.03951832136564,3.817780608807398
253.91324,9573,.0891783222530495,104.3481546408112,15.15201605178101
100.4094,9574,.1347047965734272,41.264234974872,23.42418741674026
128.08392,9575,.0407433974546781,52.6373523931296,6.755181036955247
149.0508,9576,.0600980984854362,61.25389888190401,10.06186809336617
134.79433,9577,.0415232578393154,55.3950616814804,6.887183867743694
91.560402,9578,.101872890825189,37.62765181867176,17.42088547692963
142.40982,9579,.0106750451720152,58.5247225380216,1.743380712840348
175.50006,9580,.0815861458333391,72.1234835975928,13.80878487209213
227.86937,9581,.0732503598492396,93.6451689508756,12.34568985865543
76.102097,9582,.0396409354078118,31.27490865086835,6.568748674720837
140.33052,9583,.107072490925078,57.6702136595376,18.35854408009073
108.0904,9584,.0873485966496751,44.420817813152,14.82736205330139
91.277672,9585,.1201884530234608,37.51146113179936,20.74555689077751
135.94551,9586,.1140807567279487,55.8681504761388,19.63010352534047
90.744286,9587,.0294011951150506,37.29226088524568,4.846937411970814
141.19759,9588,.1065731489220149,58.0265446426892,18.26828455134507
159.75192,9589,.1149425647016391,65.65162987296961,19.78708366122192
140.82056,9590,.0294900636586008,57.8716004391328,4.86180493206154
131.80836,9591,.0795576815814673,54.1679478085968,13.45162573313785
136.66382,9592,.0649539806215731,56.16334706754159,10.9015710345205
114.53475,9593,.0696694289699819,47.06918711583,11.72090110305466
121.1666,9594,.0387383593560805,49.794611396008,6.41627106847789
96.555542,9595,.0611875534052032,39.68045395365496,10.24990735078044
150.74594,9596,.0530087184843249,61.95053341288719,8.84323660593661
109.03371,9597,.055309707694139,44.8084803775548,9.237819380409862
94.601929,9598,.0660351103802652,38.87759738960852,11.08908091605868
143.99109,9599,.0661826954989272,59.17456106746921,11.11469363582565
172.71872,9600,.0494373308137307,70.9804644449536,8.232596254065623
139.97917,9601,.0224680662727704,57.52582290569961,3.691102509211908
154.60114,9602,.0551431308009863,63.53486594226319,9.209223617721966
224.61116,9603,.0760177423974262,92.30617536026081,12.83006839424082
168.40533,9604,.0828691797109067,69.20783420816041,14.03506768595706
141.11032,9605,.1052267258583805,57.9906801739616,18.02513373587038
133.06924,9606,-.0029393967482858,54.6861189020912,-.476784886931509
206.87422,9607,.0802149405877696,85.0170046262936,13.56727240386045
87.814018,9608,.0960007866806951,36.08803829959784,16.3677978906481
106.35167,9609,.0560429985905542,43.70626954099959,9.363757914236698
129.52069,9610,.0392164961242892,53.2278072199172,6.497028449188789
75.787834,9611,.0674975942582176,31.14575916609992,11.34305522144099
179.98706,9612,.103078039832349,73.96746057915281,17.63777955755213
248.78,9613,.0231121140784164,102.2385989464,3.798135613052972
106.57732,9614,.073042011427786,43.7990026379216,12.3092765957432
201.89272,9615,.0176355629338557,82.9698079840736,2.890193139061119
108.68804,9616,.0457038561045016,44.66642387583519,7.596569317322277
185.6821,9617,-.0048064751378626,76.30789353414799,-.7789073505995214
97.768997,9618,.1362445782878535,40.17913527484036,23.71060356950928
79.331718,9619,.0728855857515883,32.60215330947384,12.28194290896462
106.58292,9620,.0800348815845619,43.8013040132496,13.53558292874905
114.18,9621,.0499765578798286,46.9233990984,8.324654254388413
117.60369,9622,.0208024604314068,48.3303983299572,3.414618029266467
228.78917,9623,.0624511283218559,94.02316984849959,10.4682563574244
113.90977,9624,.0271338312619647,46.8123454100276,4.468058761647762
110.79238,9625,.079024611773126,45.5312231897144,13.35788632751899
94.502754,9626,.074756515083019,38.83684044350952,12.60914789937388
127.44803,9627,.0505764621415559,52.3760271150364,8.427129545667883
140.29277,9628,.077727670156732,57.6546999240676,13.13002995505176
151.62593,9629,.0670598312568226,62.3121739976884,11.26699453730879
204.93936,9630,.0360976297163064,84.2218547928768,5.970946258095791
169.30969,9631,.0090590708343998,69.57948988523719,1.478273152767182
166.05923,9632,.1815320280664756,68.2436812336924,32.33486053690744
205.78448,9633,.0721016819998844,84.56916520666239,12.14502863236438
235.77737,9634,.0714319101309357,96.89503968191559,12.02813328352365
79.58908099999999,9635,.044469690298904,32.70791917707027,7.386841097422475
129.81305,9636,.0771895726033057,53.347955450434,13.03557967033933
141.46924,9637,.0994219645344513,58.1381818940912,16.98059085724089
301.04675,9638,.0813937942374965,123.71813625439,13.77488571998701
83.752449,9639,.0523849932079505,34.41889639074612,8.736434036312344
194.96281,9640,.0413773064465052,80.12189300206281,6.862471618821886
135.23242,9641,.0286114590946694,55.5750990953096,4.714874264724656
124.85283,9642,.0520430639785673,51.3095040344604,8.677912611540048
211.70493,9643,.0520014150347204,87.0022326282084,8.670785732935636
179.27832,9644,.0093503191408141,73.6761968738016,1.526022051029833
129.8502,9645,.0464854393663384,53.363222609976,7.7295217564283
98.479568,9646,.0398227665591165,40.47115144773184,6.599483164631791
112.2644,9647,.0471650810975079,46.136164352272,7.845217769915451
166.7923,9648,.0349279807694751,68.544943592924,5.774075609945914
91.816582,9649,.0467267493178977,37.73293152073015,7.770591160389792
111.09827,9650,.075034362413066,45.65693170740759,12.65779257389187
137.55635,9651,.0353830463094696,56.53014108923801,5.85064306209801
120.61456,9652,.0501541079448427,49.56774510385279,8.354976846984835
202.71663,9653,.1026964549504271,83.30840193880439,17.56907636426468
123.37151,9654,.1275953872073778,50.7007409450188,22.10746389222268
87.00430299999999,9655,.0208250994584242,35.75527792036364,3.418372938682054
200.24335,9656,.1002758335742526,82.29198308679798,17.133860979152
152.90344,9657,.0728860949382951,62.83717935398719,12.28203187687131
76.54879800000001,9658,.0841197858876078,31.45848484022424,14.25591096540902
144.61821,9659,.0619514182488023,59.4322822274148,10.38187218537397
83.12803599999999,9660,.0282161419632849,34.16228769919567,4.648806746718555
200.11865,9661,.071753247687016,82.24073638976199,12.0842065875675
201.12111,9662,.010916838604975,82.6527072310668,1.783084827585231
125.58279,9663,.0632955925079084,51.6094883084652,10.61433583231075
117.37078,9664,.0873241116307478,48.2346816643064,14.82302162548934
100.82635,9665,.0520981062153046,41.435584696838,8.687331777275455
173.02112,9666,.076267948524761,71.10473871266559,12.87392840729741
163.65427,9667,.0771148140231562,67.2553391606876,13.02246159220705
127.03632,9668,.1298610715437794,52.2068308228416,22.52607220818788
148.83492,9669,.0381366129279763,61.1651808630096,6.314690857010145
109.19654,9670,.0278506761841818,44.8753969748152,4.587751376134149
209.46089,9671,.0737048080708444,86.08002221909319,12.42514055686317
76.79181699999999,9672,.0706885960406302,31.55835589930196,11.89849423106782
216.77599,9673,.024307704033598,89.08623483728121,3.997011332180865
124.48743,9674,.0399780986542402,51.1593392943084,6.625743008227288
130.57448,9675,.0434859432897059,53.6608726318624,7.219853136127009
388.8797,9676,.1289041494181132,159.813954846436,22.34915537228263
162.55392,9677,.0151624076333624,66.8031394567296,2.481802400265334
293.15213,9678,.0716827444417715,120.4737641665444,12.07190225007361
131.43307,9679,.0250007287167195,54.01371867523159,4.112398708547175
87.286705,9680,.0403233678934556,35.8713338123954,6.684127503318306
220.52483,9681,.0451671575036657,90.6268576738204,7.505333523506015
94.120918,9682,.1172574882068513,38.67992116676984,20.20942222564418
172.48038,9683,.1168799007911669,70.8825162671544,20.14046779146937
151.89951,9684,.0822688316618884,62.4246044016588,13.92915090562469
130.95088,9685,.0407253696744843,53.8155579306944,6.752130787423468
93.853477,9686,.0311227766948032,38.57001364550276,5.135189638939583
144.14395,9687,.0796693279352005,59.237380394726,13.47126488131499
108.75078,9688,.0007926944082158,44.6922074987064,.1288191218518088
99.485046,9689,.1762186309564017,40.88436256595448,31.30267028906592
138.24229,9690,.0434270550414734,56.8120349093252,7.209862251354877
131.38741,9691,.0721762711520502,53.99495424711079,12.15805153000737
174.42062,9692,.0204440059464307,71.6798770647256,3.355176089373551
148.7536,9693,.0720501078325436,61.13176160556799,12.1360246054306
101.48568,9694,.0212607549156563,41.7065428745184,3.490647320557299
112.63121,9695,.0434465257798505,46.28690854585479,7.213165560172207
98.746025,9696,.1058066637132265,40.580654584477,18.12982469510513
146.15504,9697,.0853180115886283,60.06385769979521,14.4677636656086
266.88535,9698,.0434162941849913,109.679171409758,7.208036645458372
238.86012,9699,.0328110679454244,98.16192625198561,5.418350273053091
100.11102,9700,.0632867913730893,41.1416127658776,10.61281273347543
168.68791,9701,.006227295191608,69.32396325105078,1.014740026742378
104.68746,9702,.1005649614306779,43.0223459991048,17.18578930954169
92.661354,9703,.0061744618830916,38.08009892047752,1.006104214089256
160.4639,9704,.146056787773792,65.944225088332,25.54617763707472
102.16517,9705,.0658293877033585,41.9857860033796,11.05338499632303
85.93757600000001,9706,.0180086908785918,35.31689592045088,2.951895279047296
116.74651,9707,.0586485492172492,47.9781317400188,9.811994177503212
186.51846,9708,.0567698613389589,76.6516039393848,9.488683622294323
141.79646,9709,.035374801957211,58.2726561860248,5.849255591438003
131.63989,9710,.0727509822966097,54.0987133976132,12.25842584049708
166.58366,9711,.0652137405369823,68.4592009235608,10.94660498996505
463.19254,9712,.0648180046141658,190.3535506552952,10.87800186333039
157.74373,9713,.0662293641868129,64.82634435155241,11.12279355902363
118.51514,9714,.0340089351890097,48.7049677125832,5.619546990653586
226.52542,9715,.0865335931459165,93.09285942014959,14.68294452011821
100.3418,9716,.0550616860579974,41.236454086984,9.195243973268102
139.99533,9717,.1149791376760056,57.5324640173604,19.79374849836534
109.38416,9718,-.0073139386785903,44.95250126750079,-1.183767679144309
195.55293,9719,.015187266605813,80.3644086464484,2.48590232531946
99.356201,9720,.0905591928665581,40.83141244021588,15.39742190916748
157.55469,9721,.0322730759355236,64.7486564958372,5.328066215260074
590.8608400000001,9722,.0703963369598605,242.8200999030992,11.84754863869864
119.78969,9723,.0112084905967033,49.2287566276372,1.830988829855169
195.23926,9724,-.0004553671738789,80.2355028608888,-.0739546079757109
90.103996,9725,.0800549696303683,37.02912738368047,13.5391180405754
154.29494,9726,.0890875141125773,63.4090300270072,15.13588966343392
133.2453,9727,.0506236916702582,54.758472498564,8.435199876584408
242.37033,9728,.0765479693584451,99.60448173236038,12.9230278200135
98.952538,9729,.0867455187363881,40.66552314217544,14.72048612898576
94.78907,9730,.0585718425018976,38.9545048325116,9.798781529415978
681.12628,9731,.1253523516241146,279.9155742936463,21.69397337439397
102.07385,9732,.0812957539502303,41.94825714713799,13.75761006354672
100.25312,9733,.0551830004083998,41.20001016482559,9.21606748172927
85.682281,9734,.0985188116987849,35.21197991788628,16.81861661573231
134.71721,9735,.086844796180287,55.3633684555348,14.73807539195257
171.61613,9736,.0555926293757441,70.5273441908644,9.286398625935389
151.3539,9737,.0359835021094975,62.200380581532,5.951726614654324
197.93846,9738,.0439413206547789,81.3447657689848,7.297131590916003
197.85292,9739,.0786468785761577,81.3096122608496,13.29149283984144
112.15561,9740,.0429748574358325,46.09145602692679,7.133162740206017
83.506989,9741,.0666281986469038,34.31802217860132,11.19203159309773
87.71669799999999,9742,.0423144835391905,36.04804368407624,7.021215691681936
207.86722,9743,.0716820520459544,85.42508778713359,12.0717814163657
123.82383,9744,.0960212469313589,50.8866263179404,16.37145645250091
128.70137,9745,.0248155345013098,52.8910995710356,4.081556371498855
236.73766,9746,.0083920267415429,97.28968034508081,1.368966547870766
107.61387,9747,.0631438755638099,44.2249831015356,10.58808201460105
139.2608,9748,.0569936632107797,57.23060165670399,9.527166677856414
208.12442,9749,.0709431079174123,85.53078666826958,11.94287199190138
139.03429,9750,.0534558688863708,57.1375151342852,8.919844675276853
88.00778200000001,9751,.0640354202707724,36.16766752978616,10.74241621294656
210.06993,9752,.0695013324703776,86.3303132244084,11.69162713367911
135.35931,9753,.0342875380317523,55.6272457944828,5.666376362514892
75.138313,9754,.0678565249159824,30.87883209388244,11.40544374780244
187.15919,9755,.1088022702754799,76.9149182632972,18.67156240868591
210.44713,9756,.0477564448619913,86.4853272911444,7.945950141885469
190.05298,9757,.0216261124859067,78.10414985444238,3.551283701768431
141.1505,9758,.0661681177076936,58.00719254193999,11.11216355883354
172.53728,9759,.0275872073260299,70.9058998843264,4.543749634074892
91.158592,9760,.0611672076160149,37.46252402928896,10.24639380241681
108.55288,9761,.0770079504579798,44.6108785384544,13.00371167349823
91.64020499999999,9762,.0565250139601172,37.6604476499754,9.446591625689949
86.07682,9763,.04048765422666,35.3741196179816,6.71191514719255
84.63121,9764,-.0244270041267096,34.78003190585479,-3.919937506201489
149.13214,9765,.0731612150163161,61.2873263585432,12.33010899805909
155.19913,9766,.1226049918914627,63.7806158409044,21.18877573207436
131.35153,9767,.0287174712044029,53.9802090066164,4.732596018310434
377.27798,9768,.0639626221361367,155.0461133874424,10.7298090585976
313.39764,9769,.0390746358397604,128.7938565266832,6.473064194469291
210.26743,9770,.0581147984796737,86.41147780070838,9.720077201279253
87.417152,9771,-.0027682922444072,35.92494229586176,-.4490692776767979
245.57275,9772,.0655984832845591,100.92054787127,11.01332841866011
185.96312,9773,.1244815950113744,76.4233814796256,21.53370422052854
190.68848,9774,.0710628517724397,78.36531485818239,11.96375494125347
229.02821,9775,.0168601204128134,94.1214056982148,2.762036041874406
225.78555,9776,.0238999405074125,92.788802533734,3.929156788674796
214.50639,9777,.067844789984491,88.15352029363321,11.40340365407036
110.97511,9778,.0168214316068328,45.6063178885868,2.755644559734648
109.49942,9779,.051903789481551,44.9998685032696,8.654081419390344
130.26291,9780,.0973575435538807,53.5328298620508,16.61056602927146
118.33244,9781,.0466285882325228,48.6298853425072,7.753883578331601
146.39487,9782,.1141718479545005,60.1624182078156,19.64668959061856
88.107254,9783,.0527356859290903,36.20854653096951,8.796476128427782
82.923119,9784,.0633591436704118,34.07807503346572,10.62533420982913
103.53539,9785,.1137606836988783,42.54889145015321,19.57183599395168
170.36865,9786,.0578002160026029,70.01467995976201,9.665926067743136
96.106567,9787,.0522083023661221,39.49594324153195,8.706190777717538
159.95349,9788,.0387200752420188,65.73446705598118,6.413183644987406
209.269,9789,.1087231001629127,86.00116312772001,18.65722407466108
129.6897,9790,.0169562792274349,53.297263549236,2.777922776312051
413.98193,9791,.045909177776038,170.1299642749684,7.631485817523346
248.83177,9792,.0071355702803753,102.2598743393876,1.163272538125363
118.19645,9793,.0129184344427096,48.573998908426,2.112129317334967
107.01698,9794,.1046025927122183,43.9796852587624,17.91253240878074
294.22321,9795,.0922972511565761,120.9139350748148,15.7067886067393
149.68623,9796,.1642813906342188,61.51503511845239,29.00362486039031
235.96521,9797,.0473361453694621,96.9722343857748,7.87435058091767
123.5475,9798,.0973256564013636,50.7730657743,16.60485659528864
112.02765,9799,.0553874851588382,46.038869600682,9.251172839166813
222.75516,9800,.1119047143006664,91.5434338229808,19.23433435284759
128.85342,9801,.0067993856765133,52.9535860207896,1.108279697123359
99.420708,9802,.0420400593179276,40.85792222919504,6.974716843520746
160.59782,9803,.0910421443201338,65.99926083546161,15.48333119484557
95.7761,9804,.057024770812325,39.360134562868,9.532516356723013
129.6344,9805,.0522552528446432,53.274537467872,8.714226527268412
262.88281,9806,.0958127197747274,108.0342880516628,16.33417256097917
199.55975,9807,.0026496081326425,82.01105091283,.4309823919319987
231.942,9808,.083328001216211,95.31885648695999,14.11605843683483
140.03435,9809,.0397711069206074,57.548499671878,6.590750689655434
181.0578,9810,.0342641875494593,74.40749176106399,5.662450961141333
96.453461,9811,.0569786843033479,39.63850275814468,9.524590764122722
239.0499,9812,.0917348398858844,98.23991821801199,15.60662303397031
172.01953,9813,.0756158790749745,70.6931254064564,12.7596465178205
127.60375,9814,.1058549592971534,52.44002178755,18.13854580091663
278.33829,9815,.0700518261446705,114.3858702578052,11.78751382180637
91.563942,9816,.0361151020666658,37.62910661664696,5.973888880397041
191.31357,9817,.0150957819374922,78.6222017695716,2.470814501806322
108.51367,9818,.0405222470243821,44.5947648015596,6.717766808223629
325.953,9819,.0542148204813293,133.95360576564,9.049950541474663
176.01118,9820,.0802816473464129,72.3335334114584,13.57901390505223
278.28769,9821,.0697483377635656,114.3650756878772,11.73464474980294
162.6481,9822,.0364810927374811,66.841843658228,6.035539362625325
122.01635,9823,.1098504504640574,50.143824554038,18.86150318064706
93.73644299999999,9824,.0145291221563048,38.52191736690683,2.377390652268407
108.40034,9825,.0724838434559984,44.54819071835919,12.21176239779899
159.14873,9826,.1191009604814909,65.40374298295239,20.54644841788329
137.29929,9827,.0393829929764647,56.4244997424852,6.525158860782096
1126.6382,9828,.0621808105742849,463.003099475416,10.42152155189282
147.20815,9829,.0257289045325405,60.496643659022,4.233724869977824
443.62653,9830,.0587442577676598,182.3127055336164,9.828481292218076
222.81459,9831,.0336763718341823,91.56785716864921,5.563664665346844
121.93449,9832,.0607057118372586,50.1101833782612,10.16671652204297
110.61221,9833,.0647383124562801,45.4571805481348,10.8641900474439
75.27151499999999,9834,.1010630312961938,30.9335727718182,17.27527954078577
311.35242,9835,.0559772492397388,127.9533531609096,9.352462068471787
112.29579,9836,.1119829795430968,46.14906438290519,19.24855397075883
222.59871,9837,.0586469023870136,91.4791391497548,9.811710502144589
115.37871,9838,.0283581465966913,47.4160208161548,4.67253631641434
138.68187,9839,.0038966177307718,56.9926846533756,.6342151523988387
135.63423,9840,.0492712806822891,55.7402268846924,8.204257815070221
99.585075,9841,.0620225041263217,40.925470471791,10.39415806684468
264.31555,9842,.0767279516963051,108.623086710134,12.95459354217405
301.25198,9843,.0397504754932861,123.8024775505624,6.587263307319664
167.15712,9844,.0570490611626541,68.6948699763456,9.536693765676773
89.811584,9845,.0441104835245945,36.90895778324992,7.325847835785602
120.85275,9846,.0434428748741243,49.66563163767,7.212546160730978
113.5331,9847,.1261652631235922,46.657549152028,21.8437217196554
84.81658899999999,9848,.0792132983854317,34.85621523744932,13.39106082937867
229.24681,9849,.0570233593412737,94.21124152798281,9.532273617694749
158.89745,9850,.0990403535745495,65.300476984306,16.91213371215321
124.02061,9851,-.0050798742464751,50.9674950031268,-.8231002706966721
108.95927,9852,.0247953236970768,44.7778885240876,4.078190799751615
160.31038,9853,.0051832193963615,65.88113452755441,.8441662733410342
161.56322,9854,.0619053314963108,66.3960015036136,10.37390740774712
244.98091,9855,.0372069476327711,100.6773253758908,6.157875107659477
200.27432,9856,.0286396222069907,82.30471051428158,4.719582031705021
144.40128,9857,.0392977416907779,59.34313270064641,6.510754677498708
105.95094,9858,.0745309867008601,43.54158558828721,12.56967300547257
75.103172,9859,.1022187676602551,30.86439055273936,17.48310716881119
181.77293,9860,.0678090751968231,74.7013815000484,11.39719485890936
234.14908,9861,.0931116155333202,96.2258778189104,15.85192696309277
91.53594200000001,9862,.0283310980798652,37.61759974000696,4.668016136032828
165.41776,9863,.0568242608116154,67.9800627994688,9.498036898014314
127.51243,9864,.0770208997553153,52.4024929313084,13.00598360660303
136.61845,9865,.0795849398180254,56.144701817786,13.45642039002943
149.72629,9866,.1111008511462555,61.5314981712452,19.08834890221928
122.24058,9867,.0507254877695682,50.23597408793039,8.452595549311946
126.27107,9868,.0213201952248145,51.8923437746716,3.500510792019468
121.85838,9869,.0507895758107225,50.0789052217944,8.463548297689503
137.49196,9870,.0782076415216061,56.5036793825648,13.21432045929009
108.14161,9871,.0830928298818767,44.4418630686068,14.07454156670663
113.9559,9872,.1270166141214382,46.831302989292,22.0006816529591
95.995499,9873,.1373056695421377,39.45029874958011,23.90823491794874
143.37781,9874,.0355213812911139,58.9225275922628,5.873925642685986
129.87874,9875,.0748083196211827,53.37495140495119,12.61821665698896
129.05444,9876,.0262058363289524,53.0361971758672,4.313237508268875
449.72449,9877,.0455089258058467,184.8187224434612,7.563426581915367
197.40343,9878,.0480466410795381,81.1248899043884,7.995403697465838
146.55217,9879,.1124006433050996,60.22706219693959,19.32445601637641
134.32491,9880,.0227503580347711,55.20214889461079,3.738007565222988
112.4816,9881,.1007112086705263,46.225424838208,17.21206152158126
85.29510500000001,9882,.0890318346856389,35.0528661153874,15.12600241881995
87.096008,9883,-.0121571105565641,35.79296499615904,-1.962888155932583
99.63181299999999,9884,.0895630307867856,40.94467791466244,15.22035171461619
336.52856,9885,.0807119970938336,138.2997366341728,13.65478146100156
113.75658,9886,.079125056944538,46.7493904660104,13.37554561698795
157.32802,9887,.0633442879674816,64.65550421983761,10.62276316941294
162.42227,9888,.0228866945270849,66.7490365885276,3.760665716575392
146.71454,9889,.0444360390948359,60.29378975265519,7.381126197375878
327.38266,9890,.109842434882312,134.5411386676808,18.86004992122165
259.4382,9891,.0576221179244348,106.618691539416,9.635276435218465
122.17903,9892,.0565453542120018,50.2106795073164,9.450087949454444
156.39879,9893,.0639303003208452,64.27362797054519,10.72421187263549
89.119759,9894,.0360599768146481,36.62464546426892,5.964605084069183
176.21091,9895,.0717235288085227,72.41561442829079,12.07901989628117
247.27718,9896,.0825441764774667,101.6210002195384,13.97772089314466
168.45927,9897,.0707305057803313,69.2300013840876,11.9058010126964
133.42656,9898,.0673806427466807,54.8329630864128,11.32273180700646
107.06721,9899,.0237236103449061,44.0003277735348,3.899822853501456
221.64606,9900,.1010820847405014,91.08763822007279,17.27870383558314
170.4521,9901,.0374229472891271,70.04897456174801,6.194296884888525
109.93847,9902,.0593999840324636,45.1803004385836,9.941481614023065
562.38892,9903,.0678375771191639,231.1192830765296,11.40214972413069
72.38943500000001,9904,.1218684892794716,29.7491535208678,21.05357985735629
110.16243,9905,.0572986055116126,45.2723390133084,9.57961581189492
143.2769,9906,.0364695156086394,58.88105763077201,6.033588870115983
179.75409,9907,.0596314552883883,73.87171925590918,9.98138840575939
111.40881,9908,.0152719817687953,45.7845511885428,2.499874940215126
144.24658,9909,.0748605971433169,59.2795572072104,12.62736869012445
211.7211,9910,.1441063838333741,87.00887784946801,25.17987911740448
157.92885,9911,.102746060199305,64.902421244538,17.57800615548551
124.69025,9912,.0628914178864145,51.24269017717,10.54440437135899
111.54267,9913,.004050189482008,45.8395622780796,.6592612092070296
115.18761,9914,.0656595893366842,47.3374863830868,11.02392800584619
103.99014,9915,.0829065505995041,42.73577545558319,14.04166297090514
106.15514,9916,.0468800452737567,43.6255035957832,7.796686295647566
117.47556,9917,.0907386799725248,48.2777420405328,15.42934493030226
305.77631,9918,.0788434636805476,125.6617956644428,13.32604312199249
277.79794,9919,.0475038259047059,114.1638080866472,7.90291196747215
304.86301,9920,.0771009718896154,125.2864660060388,13.02003278544098
96.18641700000001,9921,.0495971508942923,39.52875838794996,8.259875904886437
160.80103,9922,.0402181963714061,66.0827719926764,6.666341026336728
179.82738,9923,.0984466999347113,73.90183850551439,16.80569017276884
243.84773,9924,.0973444839345537,100.2116338590724,16.60822766631267
185.57993,9925,.0724159675701589,76.26590576320839,12.19990791797873
183.70865,9926,.0466893729636732,75.496884758962,7.764229296296658
688.10461,9927,.0769343708344265,282.7833879530468,12.99080280701557
177.46114,9928,.0051921666578764,72.9294087990632,.8456272575255864
219.26572,9929,.0642979579533411,90.10941397931359,10.78789001683696
131.86975,9930,.0827639018362993,54.19317663563,14.01648937308658
83.449066,9931,.0631303979999407,34.29421814947208,10.58574998582234
275.18423,9932,.094611020395153,113.0896781386924,16.11946454948695
115.62358,9933,.0211023496779785,47.5166525619704,3.464364560753896
142.69579,9934,.0512427695766874,58.6422447349052,8.541019869974688
165.60033,9935,.0580302020220841,68.0550917447604,9.705513386697671
110.62753,9936,.1224156814471857,45.4634764534964,21.15401551055737
162.03,9937,.0352425643493655,66.58782935639999,5.827002428503581
357.66919,9938,.0563851070646034,146.9876874020972,9.422544695735329
102.34727,9939,.0455301673903309,42.0606217975276,7.567037837229696
146.14319,9940,.0599703669423425,60.05898782521719,10.03983512088705
84.30407700000001,9941,.1063777237643012,34.64559336743076,18.23297236861619
151.42429,9942,.0999490384545805,62.2293080474852,17.07518555475156
131.0127,9943,.1252241621427687,53.840963470476,21.67037039723134
171.27887,9944,.0668653670951767,70.38874386173561,11.23321735168404
287.47974,9945,.0518384943715182,118.1426394528312,8.642909947277397
204.82411,9946,.0326894313718089,84.1744916667068,5.397933371821666
108.53069,9947,.0356439803333726,44.6017593387172,5.894562465557443
168.25592,9948,.0621893358489407,69.1464326924896,10.42299528014901
101.34481,9949,.0691731448909252,41.6486509562228,11.63448751737373
138.23283,9950,.0631040371570002,56.8081472288604,10.58118884847877
222.14468,9951,.0698756481665514,91.29255103543841,11.75682085399086
118.62077,9952,.0706449805340838,48.7483774047076,11.89089038154395
145.22469,9953,.0969041317356417,59.6815211754372,16.52939919207106
103.59304,9954,.0227273441467129,42.5725832872352,3.734183126113246
95.84118700000001,9955,.0693331678649029,39.38688270857757,11.66234622710968
264.89664,9956,.019960423504343,108.8618913868032,3.275018133134243
127.36962,9957,.0519549393326806,52.34380375084559,8.662833260156923
237.81296,9958,.0062517253150445,97.7315855040448,1.018733381038009
129.29987,9959,.0460496844095162,53.1370590592156,7.655384163201884
135.56268,9960,.103174446641156,55.7108227052784,17.65514145804528
162.61237,9961,.0870684876804709,66.8271600617156,14.77771384249327
127.21626,9962,.0257456605868413,52.2807789436488,4.236517746374918
164.63498,9963,.1422544409925185,67.6583716246024,24.83273284976545
260.25558,9964,.0868068271305709,106.9546019261304,14.73134810278961
207.78795,9965,.0749548541943298,85.392510997446,12.64387113371774
293.48422,9966,.0882576161496107,120.6102398330936,14.98857800675012
375.21146,9967,.0263839353902078,154.1968565762248,4.342939375444697
123.30272,9968,.0994910371683855,50.67247101487359,16.99298458133225
148.08942,9969,.0993039412305797,60.85881027246959,16.95941588024841
169.85938,9970,.1031153209699371,69.80539042167439,17.64449331847813
137.31425,9971,.0692974753559152,56.43064770228999,11.6561320627453
100.47301,9972,.0571921658801543,41.2903761328388,9.561306706933987
165.52631,9973,.0926458942891773,68.0246724944428,15.76891031760942
190.83359,9974,.0498514059713145,78.4249492463692,8.303283628538512
99.61528800000001,9975,.0301667323550439,40.93788680264544,4.97505352107529
133.61116,9976,.0630559191306597,54.9088262802608,10.57286344118986
122.12962,9977,.1161996841575886,50.1903739796456,20.01631335536743
93.542633,9978,.0813131804735694,38.44226923256404,13.76068066344095
80.550346,9979,.0548716009093854,33.10296052611849,9.162621093601231
112.48923,9980,.1145843680095426,46.2285604620924,19.72182095023563
276.90173,9981,.0930878893984686,113.7955017325924,15.84769675141198
139.12485,9982,.0711196436513039,57.174731661018,11.97366013946029
187.05362,9983,.0308995525143848,76.87153322876559,5.097786193222252
143.76086,9984,.0497270806035122,59.0799457742968,8.282056788678899
211.65732,9985,.0527887898608859,86.9826668283216,8.805569887061301
262.16907,9986,.0875802896920796,107.7409695469116,14.8684392422109
146.80348,9987,.0661092149899238,60.3303405243824,11.10194095834523
112.18491,9988,.0596607963095718,46.1034971514108,9.986447602927273
123.08794,9989,.0398648318824747,50.5842050518472,6.606594162865475
203.63228,9990,.0089084983367601,83.68469735292641,1.453592896791923
210.41946,9991,.0754500298278702,86.47395603126479,12.73059161367387
201.22824,9992,.0603419048145436,82.69673336301121,10.10393112667171
112.51375,9993,.0391288421291363,46.23863719835,6.482220783988175
89.206245,9994,.0692425914875942,36.6601877404506,11.64657706246997
106.73438,9995,.0405494674251299,43.8635479966744,6.722371508965201
230.04517,9996,.0888732928606471,94.5393354577796,15.09785245389641
81.6726,9997,.1023177569196764,33.564161895288,17.50091885414576
196.26471,9998,.013754425820211,80.6569216698348,2.249753941395519
138.35767,9999,.0986770115460956,56.85945146027961,16.84697810201384
232.00871,10000,.0915354887110457,95.3462716205548,15.57113206608871
