draw,price_draw,price_block1,price_block4
1,157.2582520372602,139.6904327583031,149.3797316051499
2,150.0703113095649,144.1579272138568,158.3826947327058
3,141.0124074757304,159.2605042467645,158.7578904887571
4,155.8448549707441,137.1031273872786,148.1789096997944
5,137.5913925196957,162.0699564871441,141.7599822646266
6,150.0967709832945,131.6210512265707,137.7248647304023
7,164.5161603046908,144.7163552088834,147.9208755093462
8,137.9421696499782,151.073377450441,151.7553363282404
9,152.9666755071045,157.9868182063293,147.7238605828568
10,143.5572003820877,152.8899352689176,159.0509328646503
11,147.1462739404244,138.3418734019969,133.4110905913404
12,149.0134561561577,151.0398509267743,157.2108182478031
13,139.0564986312684,142.1495132062176,133.4599233109904
14,144.8208101056809,164.217671560659,160.4833074858487
15,149.775664461736,149.0685182140829,130.6055185449286
16,149.4247247101117,137.8023110949621,146.5766582185575
17,150.8351963789348,144.383164789486,140.5381519409748
18,143.5565247626087,136.410875967365,149.1122214906381
19,155.6668892607104,132.8370837251082,151.4316093064987
20,145.7940739898864,162.100623942215,179.942286240846
21,143.2858966493962,155.0104361667541,159.056916172668
22,169.7034660311805,147.3791809595228,137.9846483872416
23,156.340526666044,159.0828920535774,155.299048182889
24,149.4132074215226,153.5686834330444,147.7903635639568
25,145.6874951381119,146.6966700333039,150.5839858716575
26,146.655512898152,160.6579467139902,154.8781912206544
27,145.2620974318368,151.4817677039496,143.8552353966408
28,160.0305933635731,144.5466953443085,143.0179089412256
29,139.9609131819159,148.5993309749522,148.1914573597204
30,160.060297983893,141.8072587606329,153.5645733539772
31,149.0885905271159,146.6190686100995,137.099991265387
32,136.7103307898687,152.3827035829056,157.8560348326583
33,133.7022330299803,147.4868337440582,152.3992188822162
34,152.9652042844158,157.293033911525,140.6010646767914
35,150.5480247558485,139.4555140138328,141.1986888341635
36,140.1553259043337,143.0854901510845,154.7012774244552
37,137.3338292746657,149.1084074498657,142.0175706468202
38,142.7525056428707,139.2657777648158,138.9840915652612
39,145.1954072591151,151.4222975700959,150.214021954178
40,140.8142834562882,148.9184643768389,146.9499266701584
41,151.2637808488238,151.2306536154949,149.7013143761226
42,143.0399913588531,166.2087354576435,163.9305876985498
43,138.7247741093628,148.6416970245714,137.6435414499554
44,145.3238487074529,158.8511385481678,164.2998884806765
45,150.7902312777813,146.0462589580362,147.0704996770288
46,129.9642266949758,163.0160507430615,142.0073848683241
47,154.8132008692417,156.1959584916257,158.509807520454
48,144.0722930694235,134.9442121978208,146.5189284721164
49,153.5023333792888,138.2951378038258,139.5861011156217
50,155.670004894757,149.7422262154913,151.1370150645058
51,132.5519397102489,159.0821088575626,154.9915115888417
52,150.851225182724,140.8005475584123,161.605571947777
53,137.2018940128098,147.8787946573065,163.1280404148382
54,148.6147782456916,147.4504937867333,163.2438998554139
55,137.1860995553596,134.1872110140532,154.0964296286966
56,135.3447107776279,142.5806829487391,128.3601114674942
57,156.8383575737896,166.6902113304128,168.9532844037888
58,157.2517510796064,139.7336226326881,156.9225302108411
59,162.844121118714,167.6926058392299,141.9607079772349
60,157.3296650103482,129.8101370907256,156.4229760889887
61,158.1742506742002,147.299008899196,151.2238618224807
62,143.0505672880016,145.8749763055093,148.3378988176192
63,158.9084019791343,149.7635912161985,172.6839293216389
64,137.6786306188066,153.4926786694745,154.856083235064
65,151.6503339159108,155.8002750857903,153.045306376565
66,154.4497122341156,163.5371126319984,158.6066230059102
67,160.4309203910769,133.5126657349726,142.966285895153
68,145.4377613763215,132.7907646107302,143.3843422684694
69,156.0159570497501,151.5435817939046,140.3524927152634
70,152.5874249889521,131.2347305652967,136.6813102831369
71,148.8554364097388,144.3994698277558,137.5854592803862
72,137.6174420314928,150.8971286569142,158.1146079062149
73,143.2993758270419,152.7062249461167,152.4071849767596
74,143.4454897391504,154.5267191235097,145.7255493315937
75,146.3254330557615,154.1048267502249,148.8855303489067
76,149.7997017192506,166.9227893874408,153.2248075393304
77,139.76965095958,152.3986621856736,151.5915056550902
78,158.5679982190026,136.7686070821367,151.148598400256
79,140.4721385737755,141.3990205129026,157.569242954228
80,144.2430095240587,151.4818269289997,141.4515885197067
81,143.3997779431719,149.7494232440089,138.2529718887475
82,143.3091503461562,144.7943276168665,147.128075133833
83,149.901886477175,145.4139131325757,142.6994136951687
84,162.9899122569425,143.7212255724727,143.5448905977688
85,152.8103128278416,165.3090858848032,157.4137044043648
86,157.3477398332789,143.150576548074,155.1528022918476
87,151.6168016941255,152.6205504030506,155.128665882949
88,138.2795106968995,144.2249728911085,146.0217999932527
89,179.2900792921187,149.9688764188158,163.1455823400645
90,159.6170209983985,151.9505341748416,166.3792723645684
91,155.132208760206,151.1527512048725,163.9500433338033
92,154.4535353536726,174.9534278020741,153.0330208548155
93,145.2449051478877,138.8315187385283,134.2203489945744
94,141.8741046124575,145.8892925538493,160.2231957967381
95,166.9387803953773,137.9344854964427,163.9589991585373
96,137.9446230944723,149.0497867601837,149.248797559753
97,140.0583230900393,154.0549035220166,142.7287893671058
98,143.7460240184253,152.1797377952901,139.6564377617396
99,147.8622831941754,138.3496897180004,161.327923207963
100,143.8773499958757,149.8068843774068,142.9489527826306
101,134.038398082144,147.9389826351086,155.366396614057
102,150.4751799629419,147.6968515462481,140.0060821409758
103,148.9462463412783,165.7145103765828,147.4398640570135
104,144.5317537927259,154.5347534036281,149.8179811998166
105,155.4725808413832,163.1021868281925,144.7581156612372
106,142.0669193310541,129.4648403427808,156.8414370616849
107,163.9231138965546,154.6993332181195,144.6282286209513
108,144.4088665963324,160.6535890267623,152.1209046439614
109,147.8258920586615,176.0295276749067,131.3454397504648
110,158.1259975026432,162.1493196728934,145.7994286396965
111,139.3921456377249,148.5417280295712,150.3006899308562
112,147.1075571447805,159.2184988399446,146.6519625483845
113,151.6381738257597,131.289500036139,140.2940328438055
114,139.7137354792477,146.6372452977966,147.9539401110545
115,144.3467753579393,139.3004620807718,147.079386941769
116,144.8978446025843,141.8728969433751,145.7663494883691
117,141.8024043234797,147.9068806282315,135.2507560712017
118,148.9262980174261,155.5035524220971,156.5997751615501
119,145.3207188115907,152.3544572602767,164.9814192611711
120,162.3707657589586,144.4465933341057,161.9895987960747
121,149.0367517816527,141.9135056279567,138.5077079402477
122,142.9178255547486,143.5881276751507,149.5134683213332
123,150.8653975186597,137.1884467459771,172.5039734735998
124,147.2453809443018,164.7468467374719,128.1703347053256
125,132.7971368448984,153.9187128506987,145.3957796842285
126,149.8231112065496,149.6879736456506,143.3736766044042
127,155.2235859948183,148.0324474272757,152.2794026050881
128,150.8720166391606,150.8282551476469,144.9760303506778
129,141.7463249385061,179.6169274125737,138.8790791190249
130,146.9176512707789,149.8037456115313,136.8832832204885
131,143.3355326450158,135.6969972159844,145.7479085181653
132,140.814278717272,139.5623164328036,150.9047161805453
133,128.2563541382722,145.8208999112691,139.3017602856053
134,153.5894190693251,144.5670301329741,144.3296607263843
135,152.8542588920736,137.5436094361986,138.6185759441092
136,148.6950524997997,148.0356488786297,166.7997782956666
137,164.5366707795879,141.7135875648712,151.2192170725503
138,149.0922950728867,147.0747709832351,144.8231264166974
139,129.1739842144067,138.4654021275643,155.9655367291899
140,125.6184683248936,142.3373480721894,153.5135657464581
141,150.398398679002,144.4517810165913,159.5040908864912
142,151.5372116420508,166.6625722940215,142.0589285524449
143,141.1997730924261,135.8697763759398,161.744150346369
144,142.1255842121308,154.8819735367433,145.8338405993102
145,141.4010015000217,148.6986019433272,136.6890915621936
146,146.2635280442423,133.295142234382,137.3172944012584
147,149.0518973717095,148.853124711427,160.892897683258
148,161.4627934658718,136.3923061708899,151.0658894035558
149,155.0123309332316,143.3141090168037,154.268444861993
150,152.4724783970559,147.8855674938017,141.5982222330093
151,146.2634254026888,144.9942602164345,148.9582339789578
152,151.1266364566827,151.3112527006054,146.9783249835953
153,144.7773715543245,139.557613999054,152.4428592640581
154,131.0158178411522,148.2439570476338,151.1584337363367
155,152.7599201868093,141.67570827695,150.5962254596593
156,141.5483167106493,157.3096700168728,146.2285275475644
157,144.421204813099,145.0145768652804,149.4475041653442
158,141.2325384754618,123.8146990559438,145.0038543037626
159,154.3048511312612,142.403939378133,152.6178938716282
160,151.5516135666693,158.0692771951524,144.3080553382066
161,133.3089882986768,146.7859736880026,141.3808000286061
162,145.922026832302,143.7159830918114,139.3094886846925
163,137.4553343012118,135.7817218249739,149.7102598530205
164,149.8864485578924,152.9412818196995,137.3201522029409
165,136.8242990499417,146.5004731987468,132.0262823864806
166,142.1800229050032,154.0711067716431,159.9618935927394
167,162.4792169853573,140.5051636736729,156.881104493652
168,143.9865978979592,151.9565757384158,149.1504559048695
169,141.0883293390206,159.0134445450127,150.1975276611522
170,145.2681380882201,160.0451676843299,144.8551201536636
171,161.5744574414286,153.1436382466585,153.744559168435
172,156.5413536467164,146.6787572084494,129.5201625518545
173,154.0863029115378,138.9005369746818,131.9324116405766
174,158.5719914469163,148.9416521376682,136.1842168833755
175,149.029010195064,138.6700482269748,144.3905773979014
176,146.3983689364492,157.6290592785398,158.7279494825667
177,147.5638999780327,161.0614374737079,144.5618741175117
178,146.7013511240249,167.6738423409753,156.6248836189483
179,145.8702032476482,154.6482400280417,145.4923132166723
180,131.3382508678331,144.6222637803822,134.5899734277231
181,151.9031959180385,153.546148344938,147.9721580999753
182,134.8045033716393,160.5374038017642,139.7371254640586
183,142.2321244971406,137.6600193820229,149.7934394904693
184,149.0096581682456,140.6965891793712,130.9383132783083
185,165.0069748113255,149.6184185610309,150.9337136351139
186,136.9858237204297,165.4452255637969,139.3354409969914
187,167.3432036745349,140.2040595056571,142.0755716212464
188,158.1995234965415,150.9175328297112,141.7624336970228
189,143.4719196923239,148.2346179099002,152.6338247735976
190,150.7218858501447,143.018517812179,150.4737453718556
191,146.1719642982492,147.7229641119054,145.990579687451
192,164.1490624252038,147.2717009881543,173.5192984577637
193,161.0467273129837,166.4507747952059,134.2966811273034
194,140.0557768619736,147.1108046488161,138.7762499430339
195,154.0639710883576,148.5238787942698,149.6183934791786
196,138.6445025779428,142.2085676986777,140.6955991223618
197,160.5928770436671,145.1564175271518,144.4684924809565
198,143.9081831289517,163.4947276000932,143.2906535372773
199,159.3663184700614,159.5922172309414,159.3367170139628
200,163.4823043314655,137.2819149375431,146.912944921437
201,139.2063922827053,140.6471733946506,144.629303501195
202,146.7059996600845,135.705602677814,146.3801598827486
203,144.8846552307496,149.3887138553042,147.4275109065612
204,153.7204565711951,141.2309582099433,145.905937773992
205,149.5181349649016,148.1093596796791,150.3594986177096
206,143.3424763289906,154.6871049026022,136.5205784965118
207,157.2735261906332,162.4030389727744,143.9401927019806
208,137.9168738613761,145.5493084541086,153.942060093503
209,158.3201384727659,141.6904224518486,141.8861134177467
210,163.5271092765176,154.8356583414484,152.9883748576983
211,135.5258467367015,126.983919012265,148.118792134546
212,141.5263518618735,156.2944044373928,145.1318441628052
213,130.3317539521647,151.740954962488,133.8510284484232
214,154.5763423483113,131.5543713235509,130.7169381252743
215,163.2922779986443,139.5405752482833,154.6243585560984
216,133.9020371476493,145.6296703015532,156.5464955383032
217,142.0597565005892,152.6054481670416,148.2585728390552
218,153.0039443583597,141.0037655668425,159.4302063215068
219,158.2100465948336,159.1863359405488,142.807259636218
220,135.4507002043127,140.1117385671871,141.9209282080751
221,141.6120324746458,145.3028601162318,152.6228259305174
222,166.1620828000222,151.217164760154,154.1657912684844
223,154.0098563483965,136.4809432924648,136.533685786237
224,158.0039857773081,151.3325021760369,141.933666843864
225,135.647107258189,140.1297544133326,152.1387366355277
226,159.1788603132222,141.5199933764764,142.6954548257072
227,146.1160823945081,142.0230227872173,164.5768248356165
228,139.3741638974669,134.7950674250782,137.8980226486607
229,139.28275163585,144.5284486433898,148.0878704072837
230,130.7376082340788,144.9075766741992,158.2732995948367
231,148.8661273832455,130.0754277013077,148.6954968002813
232,150.2207040513024,134.8593391627328,150.9227863347265
233,165.2324476988497,150.5572231407997,142.4841901641675
234,159.1989643900932,136.9276581573712,136.6982924072151
235,165.5006843754841,165.5071948381628,139.2887229918643
236,154.6749374999187,151.8513543949467,149.7981398729682
237,136.0839257359168,157.7556115868367,135.5835746798951
238,173.0223832854704,157.0960944053999,162.9406016996839
239,148.0592653025901,146.9576967102596,155.3042112122971
240,137.9984320619264,142.3203151180569,150.3537613422808
241,145.2061269279516,164.4375294009434,145.3929339554139
242,158.2762665569704,143.8127381019952,162.7127670992317
243,146.4623783435815,154.4915269118348,142.4829588053103
244,147.0621491897541,149.2628516924064,148.8032706012803
245,164.6549975499745,148.811272587637,146.5640479457372
246,143.8032205544347,128.1870984393415,138.4973803461536
247,151.0914767862169,147.471130789952,138.1824232006944
248,146.3024379997479,175.9023884365622,164.7385666577556
249,135.0549903503574,153.262104832423,156.8852154244575
250,151.6326623478385,138.5205899780046,151.7662127797857
251,148.3306476942427,143.5965559274874,142.0267936760787
252,157.4607018525379,146.3850748547212,134.0788345023938
253,156.4977721497815,154.4736654830939,138.5683966991795
254,137.2898310231272,139.056148317351,149.4027598590188
255,144.6354277480494,144.2073071206586,150.8350998320964
256,158.6988812121679,141.9672547367003,162.4746282959306
257,155.9269547762495,146.8892269017012,151.3196071884033
258,131.006652838253,138.879082229355,134.9185100620983
259,157.4761034654548,139.4676046175055,142.7673737879321
260,140.584217543621,158.7906544085994,140.3850968969981
261,150.072810108851,142.6234585783248,138.2708322541594
262,148.4821521615489,157.8764478608814,130.0760458032698
263,145.3910614403341,160.8925601439603,141.7629857082526
264,167.3986502922378,151.6913212663802,147.2289144310429
265,144.5191551140094,158.4343223039851,147.0722573626087
266,158.4477009453396,143.4925650711181,140.8709172092122
267,148.372445894603,134.5779865824946,139.5246745868668
268,165.2433600010873,134.6624683297107,148.5056137286852
269,142.2783524836999,143.1473870938636,140.15878447937
270,144.7505604136104,139.0332830755245,136.6038304613704
271,125.1795020353909,134.6516784415854,147.640261068025
272,155.718731404271,146.1241158357284,155.6414271880604
273,141.4142630916218,154.5353647069186,157.4146806694462
274,149.4594693286621,159.4234700706437,150.2383592839113
275,141.3311707766857,138.0122511363554,131.0940590380011
276,142.4183921593118,136.2477689980577,144.0020723412022
277,138.8195930891802,148.2444388047538,150.9982957194994
278,155.7038318289938,148.6799596612737,145.6123365140697
279,139.6674854592816,139.9894929687,139.9033633057841
280,143.3514956140078,143.4151614042044,146.643862283008
281,165.8528469799842,136.7234119967492,146.8793649903282
282,146.7232914279288,135.2022234102354,144.100319114864
283,141.8488518923799,142.7145877386155,154.074733861296
284,144.8518274188815,160.0388115956451,148.6512045234333
285,146.1966915058856,151.0508782901822,159.2371537377541
286,156.6490064565189,150.1458308977634,156.0375255238308
287,170.250651719582,161.4928723002459,137.581897821544
288,149.9869923715812,161.0396752872464,139.4722495703415
289,146.1648277533488,147.236733689497,159.0457872443014
290,142.8457215676655,158.2633126930404,143.9845244602989
291,139.6329644415132,133.9389542560339,142.8706792267535
292,152.2843874750483,152.9864213320024,144.0056322700679
293,162.5235841854322,170.6114629725655,140.508749510581
294,150.9336408150381,153.3085997214421,143.1354421238076
295,155.912069538205,139.9121964579459,144.6653097656876
296,155.5023590903772,139.2958733396649,150.2345671136774
297,144.8971117007776,154.9829494232651,145.265517447725
298,138.5221568110682,153.2244767576982,139.1497373969289
299,152.5967144991545,149.6525331106965,150.1273276939625
300,150.4581586814473,151.655008709802,163.5840218334027
301,145.2327023571687,160.5283976759385,138.6752911138343
302,142.607063200025,156.1004969056162,151.4837281429702
303,140.4723860400804,145.5808386252738,145.3856085493251
304,145.8856154166593,137.2760948183277,138.5363985156195
305,133.6770729613786,157.351432836863,152.3962412246157
306,141.3773483953114,134.6937633051228,135.4065940541581
307,156.6453310865642,150.2340711728616,135.205432547726
308,146.8873774749993,166.3583150388623,157.7047160444321
309,147.4412889459267,142.6788372813317,156.5028146710322
310,150.598657246477,144.4299920488312,142.981719398253
311,156.197276933613,159.047392049287,150.8871385657845
312,146.5197681305677,155.1726015350307,156.3398687805731
313,179.5841465378185,148.5158610078978,144.2880867237351
314,139.9762535666538,152.2055180394553,146.9393000469925
315,159.1651358604251,160.1037756855545,147.91842292084
316,149.5998864756105,148.867565989013,139.1185985996605
317,152.9760364421885,144.6965214015341,143.2291183921447
318,160.8593571907112,138.6380158158867,154.1500454160633
319,144.1797604017756,160.0215584222818,145.5112085822817
320,140.7944828621222,149.6054023311009,142.6424331510094
321,159.955721333507,138.285342477645,159.6237914007961
322,148.4107196496375,158.8751220493894,150.935993789167
323,139.7857847907683,126.4417140205097,133.8434019334272
324,136.8122217539494,147.9927277805675,141.9992647828789
325,136.9720090201948,139.1001563689594,137.8101499099959
326,137.0070383506042,160.2195154863419,134.453456720735
327,149.33530913491,139.9932144428549,160.9699378433084
328,168.405450536735,146.7318555633227,146.2792487204201
329,143.7242297373806,151.6785571686619,134.8117668801254
330,163.8343330855344,148.1022007728223,149.1630150181296
331,146.210190875216,146.0506234192989,143.9237663687608
332,146.0512369268788,146.8921774555125,147.3975577943207
333,143.8710824740575,164.5366487908484,153.4160302860111
334,141.2882476681657,171.2127850214138,137.5784559032133
335,148.1122120145067,148.9606549274169,159.0656905866117
336,145.7754288331236,133.2730808364238,148.1358332204876
337,139.7387011902886,168.8717229811918,149.9606499768921
338,148.7398704543922,140.1053743661053,144.1661683773832
339,146.0740066565,131.7056012281134,150.2144542926971
340,152.2133035925547,151.3024010967319,146.1267043815165
341,156.788073839053,154.5907176796103,169.6856020171911
342,164.8734998951782,150.0747520547651,143.1141495974907
343,137.1751211162223,141.5730876969412,139.6972987950817
344,151.7927871427522,131.6531144911911,137.9513464982001
345,140.1740573865397,143.507863179474,156.7193836852392
346,146.3131405816339,148.8674496682068,138.753177194515
347,140.556117702582,153.9766618263669,141.4064777209572
348,139.0414461892356,158.1959796719642,156.219026472013
349,158.3262469817412,167.219886220912,152.8597413777415
350,150.6605735381676,149.8000107993369,155.3480475750588
351,150.1975666762335,143.772045045384,140.8848791451451
352,146.0040096993569,148.6281450723793,153.3747692136566
353,147.5358355811837,140.6193452533719,157.783774747773
354,138.6157127927631,146.1535914310631,148.9839949454158
355,147.7753628035228,130.7073453367717,150.5474016391262
356,156.4029285262995,143.0446122607868,143.0545784448743
357,144.4036742620383,143.029008211076,144.4696580566657
358,156.8588421333274,148.4607942213751,152.9849545697957
359,148.8361868746788,154.0035521581412,153.5192156803182
360,166.1060017259302,152.0861163461497,143.2312055015614
361,134.0020414584641,150.1991468832441,146.7111042711376
362,156.9466004312774,134.0926015935235,138.3276979259748
363,155.7241535315614,157.5866855605272,144.6605286483148
364,154.3146394890009,142.9852254495519,156.8591904185625
365,145.0966371403176,156.9229382415243,143.5413531497833
366,142.268256168728,151.5633459994395,144.0274096876434
367,149.1090323464914,161.704055619297,147.6017547432237
368,145.3034342228312,169.4568288289058,169.3155238791158
369,131.1987376083514,141.1796695107253,150.36642469179
370,150.8925081445482,147.054205326706,153.2429729922431
371,138.4656290509397,148.4323595529633,151.370274819395
372,141.3446456208697,139.7250130606941,150.1871031940059
373,148.3185131760716,157.0715759804358,163.5425579544851
374,136.1010915024728,144.1624533794385,140.7640021095733
375,146.2632005169867,139.7723331192351,144.3177600674305
376,135.2083527794525,143.5480637068298,148.6751656713945
377,147.7357948394082,153.9044341129405,144.0186787281849
378,143.6728700190564,148.3960151848329,139.6460999365273
379,155.8299057532095,133.4862508891573,140.5085792143388
380,166.7221794452716,144.9526473795283,144.9995634665401
381,146.7979590342796,136.2708101340377,143.2892926397483
382,134.0515543049173,152.3246656178466,155.2017022648347
383,139.8855395826929,161.191556767617,130.2991121750632
384,141.0210900998382,150.4963120024245,147.6354604410936
385,162.9845262861851,137.9852668814368,140.4607155163121
386,139.7376430631722,140.0154651757874,140.8269814374611
387,130.9569444164654,148.0391036777185,146.9990670388121
388,131.4041010860618,161.8926917700614,140.9763719375951
389,135.0741010106217,141.4462078705702,149.7926031312022
390,147.1076236048268,156.0304587739499,151.1834949786789
391,150.5728229244257,131.60418123848,135.171684349044
392,158.3975858432045,155.4619656954967,141.5615268771036
393,147.8288825811281,153.3645125540202,142.1081082434056
394,146.1654408173345,153.9910113522305,142.9661332997024
395,155.4831362603391,163.577371422866,139.8357854864896
396,160.9123742187641,145.3046112057019,138.5246224425915
397,156.5560861774909,142.4075137602165,140.06222356188
398,142.060165692425,152.2814813546642,144.6820720349806
399,137.9052576449405,141.7017924531888,133.0630778203876
400,155.4890603529954,143.0885740475143,163.0081137235169
401,147.4989681713215,161.4447446488273,151.3291330120219
402,143.5481076369889,155.3849448358321,144.8667612520713
403,148.5600261331928,161.2207307338316,139.985512909821
404,144.5095073670669,152.5174227435045,138.2494696497825
405,142.3151011713828,151.6628770423698,131.9901933451208
406,154.1938629522872,163.0299278797794,151.3737696847282
407,173.0541174222962,144.4387705647311,142.6712055052175
408,145.2595194091076,153.4498014061257,140.729009306539
409,157.8138778394582,140.9955559710255,146.0448306578589
410,152.9797337510886,147.7080353230309,154.35202063265
411,147.5194854238296,130.6493405371903,129.1033954028813
412,139.9794237987658,135.0763460560536,135.272003053697
413,157.7837906291783,155.1947567818738,138.1484832616043
414,139.061777943367,145.362869149972,139.4782643260005
415,133.3222106544453,130.8665272937155,149.6202171983757
416,147.8828061400087,148.7542455788384,144.2186759632946
417,154.8403501011849,137.3098202413196,161.4792126259096
418,142.8216039591954,158.7768699022164,143.1460432775665
419,161.9969872166663,144.2884251140005,149.9321369911446
420,146.6537124881109,147.7747037572199,153.3807539200098
421,147.2403973704088,152.542293869553,165.3630265109912
422,147.1228898472887,159.2618084477815,135.4039836328605
423,141.1778232166698,167.4595650689875,162.0746188777307
424,157.4597750649071,149.6699059673133,134.5878084394946
425,166.283029267966,142.6845721054998,144.8428378404778
426,160.9923239700883,150.3519101263481,136.5177951389085
427,133.6178524767064,163.8715743629207,156.5960366089371
428,151.3569325918568,147.8335694061965,161.1989478761101
429,157.9637138091482,134.3382340296444,147.1571220329583
430,148.9700330284346,135.127533204374,151.4015904105512
431,155.9955224484118,155.4319994875604,139.2296221146731
432,148.2655929279974,151.3345876833596,147.733126794649
433,154.8314278865541,155.6555914479514,153.8593612232063
434,155.2175376910014,150.0612031022441,125.8807826304582
435,163.4449002623464,147.4565042019486,149.614130763492
436,173.0450713191692,141.9903601396659,144.8391757611174
437,152.0585650170846,152.8184981796018,162.9751052044234
438,140.105580975958,147.2723478660768,171.9029662884125
439,139.8607634976059,155.0082568960124,155.5962770091596
440,147.7575145281769,134.1783851213512,154.47659063758
441,141.4606136242026,128.7021381357644,144.8815723390284
442,148.0595396406192,137.6469714163507,147.246706207684
443,133.4638730366628,139.5515708148584,143.4362942790033
444,155.4010267921916,138.6815915757911,151.9940340647189
445,140.6160704666959,160.8992167450554,139.1517047049718
446,142.0244248502079,142.7239849530931,153.5800174592965
447,141.4659401491912,143.4770046205245,149.5862081072518
448,139.240557471545,148.2325411424944,150.6250431200402
449,139.2456037949892,138.7105736473593,150.6422905026325
450,148.8657835956043,128.6676098640543,137.7569655804942
451,135.7726139541728,150.330207349639,145.6287293952908
452,141.5404327870212,131.7090271714826,140.6137455904468
453,146.1781084550202,149.2476841395575,138.6277738837396
454,145.7595603551705,149.430608387655,153.6392313946006
455,149.4831165587839,161.6173880177701,143.4404509844476
456,134.815298755777,132.4148084946024,151.6418702536466
457,137.6070160842328,150.3085828363387,144.8730326935734
458,137.7326446561495,143.3168705021545,151.5921374556487
459,143.6027550242326,164.0491953903926,145.5905871054471
460,149.9808115060395,146.3791326451138,139.566718521788
461,135.4730958744711,145.7258026086063,136.8866229841674
462,134.5442993582597,147.5185891045705,143.9268854968169
463,144.3763842247997,145.6983164767,175.1154052034946
464,154.3536204591061,153.5708980168546,147.5101033833556
465,149.826812449831,166.9254371469183,166.0081756589163
466,147.2908525797575,146.6749708117194,144.2570912876918
467,155.0457574060412,141.2105151545509,150.7982561922363
468,139.9301023860478,148.2250491698147,141.5941556971241
469,141.8196555851524,145.9343721808683,147.4934722693354
470,145.4163852614128,126.9180461406428,151.980744342287
471,136.2687471269668,146.880979622327,147.7126505110753
472,126.971691609236,160.7800385551483,141.4102828063847
473,164.2181249573365,159.2264571750409,150.7865261164993
474,145.6400857592432,147.0637674100934,147.4190731422954
475,137.1391002179163,151.4825816424562,149.2372458756838
476,152.0861046980895,161.3639165388335,137.975257842228
477,144.7994685166675,134.2364414878081,131.6602051537313
478,128.8949248396543,153.2762646945121,137.0023162516317
479,134.8633997835096,152.071406585955,149.0043107999095
480,153.5336528989584,143.4993279636049,152.4526782136233
481,151.3776746960722,135.6787412705672,148.5606020480903
482,140.6188849670379,152.7696882224695,133.8042509005453
483,150.3334375511949,141.8038140419963,159.3454607469147
484,148.7814827670144,126.0414185943757,153.8370107069586
485,134.5657999939183,166.4330883410942,135.7779952704057
486,166.2454929094296,146.3456325386279,139.766438845566
487,136.4858239467189,156.8543673319551,142.5727159980889
488,136.982985827323,146.7959492243758,148.1935490069357
489,168.5258847473457,141.6304619326694,161.7868801291978
490,140.9443108172675,140.7042847512385,136.8751921293318
491,139.9148160535575,149.3190757665834,145.8208069978538
492,141.4478648536494,149.6181281470192,163.7496989953139
493,145.9187581086573,141.2036450677512,151.174602526404
494,162.383698168934,173.5288459116615,137.6441781318297
495,155.7866613598551,139.3590303713227,140.7699238351649
496,138.0804401677784,144.9027864295157,148.8055035841088
497,144.635855524922,143.0267039462944,144.2421189587802
498,157.7273046701976,145.2810711177713,140.2495943494452
499,158.3371243693289,154.8823728105706,149.096925976399
500,148.2002103239124,148.6563020568259,148.705876022704
501,129.6292662371335,143.1573664664585,157.179041782357
502,148.3361294253672,154.8300822527682,164.5298528216886
503,162.0909776627566,146.0111038190336,152.8540847237831
504,160.1174340380833,143.2213461342598,147.7552269964966
505,163.0518572348515,160.1650768141526,141.3069723331669
506,138.4782044268553,150.923188721178,135.6601714434044
507,144.7875483406545,130.9154938920201,158.448060530217
508,137.3997220930595,141.0504946382701,152.7586125117628
509,147.4635305492549,153.456877259642,146.2713972592268
510,153.4114268138453,144.4790470518285,152.9120443182435
511,151.6624619146166,151.2079828612725,157.2903093518323
512,152.7121426789163,131.2511932850853,149.3042652417271
513,146.8078672306293,160.9069731708908,160.7660491237702
514,151.3083390102896,148.0223397919891,152.6447207193557
515,160.7557000921518,151.3232283556054,148.3405132137081
516,155.8276823790852,142.4634195572868,133.2350713746666
517,147.9271838527657,155.1151445754364,153.4141795097481
518,146.0840665975033,155.1514747395071,150.5963342830009
519,142.6926288327333,135.6502806966208,149.0605976330781
520,140.3917375016642,136.5418663422277,153.2081520523095
521,146.3306465917247,150.4784341930126,151.0634188134463
522,155.8162250255828,145.6716470470053,145.854782758203
523,151.6126681787969,153.9681111149979,167.9959143797889
524,146.9962174447529,151.3222569813285,146.9443155859589
525,147.928596107209,149.9745865169407,155.0661651650273
526,171.5546620223428,152.7335375804033,151.8853060001782
527,134.1822373779969,151.1246062507823,154.4200946231444
528,131.2917543835599,139.9197729418102,154.4181621190936
529,153.7589594736571,149.3332002355974,143.3432585170554
530,139.2902566679065,156.611125626781,160.6428807211235
531,141.5607473529174,149.712510907709,144.8296247987918
532,146.3836084532604,151.3043499675425,163.0630596303941
533,145.1680602325103,158.8886336099251,147.8706075379229
534,144.8774149660454,150.9544105174352,159.6547308523478
535,154.5779860046071,146.4769723766723,152.9777642090791
536,136.4988324442676,148.7532863123921,138.5421944215879
537,148.1946819397939,151.2881728355094,144.5267124303564
538,132.307763647031,141.3584129306835,186.9824114118607
539,150.4424780512375,143.1986780087746,150.5976334273956
540,140.7607109718714,142.3652493178974,151.2236639517529
541,159.5120720693447,134.578582304094,154.0631505127155
542,135.1888760380622,152.0229257421121,148.2874392492508
543,128.90727980742,155.7963150942374,150.8807061145692
544,157.0804827515378,140.827107450037,165.2342621977769
545,139.5540954988133,175.8930213423506,145.7481922090081
546,138.7707363559578,149.7429880499768,126.5273070554935
547,150.9456956880462,151.5405533405962,146.3834673617307
548,149.6833709674822,147.494291993511,155.0661141152016
549,156.3767226654836,143.254163681458,143.1548043126845
550,139.9777657002537,151.690373949023,158.3882925295267
551,150.4823016078513,154.5386768869682,150.3182389583919
552,142.2434008656728,149.5814531482721,160.5920401991004
553,150.3299923196885,143.1586713739962,145.6347059383322
554,133.6472137399245,136.3437876452784,138.02665456631
555,132.0516283788406,132.5652939463806,133.8800042770085
556,158.3733022570419,156.6938849844299,156.9733859688495
557,151.5304693280329,140.6965882387593,146.6476122206493
558,151.9749645889395,143.7103349957416,146.8040333262422
559,152.2347291221893,153.9525358916219,151.6302960402538
560,150.5109373200769,143.4733427858206,147.044620455699
561,143.7874545496036,148.8159445105164,146.2000713769615
562,156.3445797398535,144.2835048094844,136.3821777882336
563,149.5461386680308,152.4665013490965,157.2353076767553
564,159.8650250338518,157.400891850625,150.2580299786135
565,138.8777417918698,143.8178776260791,145.1205539931782
566,146.7519149428025,172.8971706014829,136.8238129147809
567,152.0508379174453,154.0498019922811,150.5367211065401
568,152.4903735306335,153.8928067512211,141.0782661800428
569,161.0444195809894,142.469968248309,160.0955216641975
570,146.4697940773414,151.9801163665282,165.5936248570682
571,146.7060614207934,165.7007427299426,151.7000796511269
572,145.6872658075009,140.144352462799,146.0626646644919
573,153.2037358657245,125.2993904280664,159.7036323267551
574,140.9267682563825,160.4073233802854,128.6571800427232
575,148.5992228617859,167.6698092395544,162.7593519158899
576,152.6693610851441,140.235940696649,139.3745841386421
577,162.0614437437177,156.3830288754211,138.455992526439
578,138.3142989204201,148.4512528162433,131.3680365187866
579,152.0594170129924,145.8366609983674,164.6358969213702
580,150.8978116945976,157.4773532126696,146.5557617907696
581,159.5431800986244,151.8150636851041,164.6353809124357
582,156.4397918882591,157.3162194020818,155.7151341467335
583,151.0594212080833,157.5652305646954,153.6976882744096
584,150.9791813266105,150.2850450331843,146.804097677268
585,164.6453078584819,153.2279329736336,139.6668472122685
586,139.5345033286482,164.2393457372952,148.5603144688969
587,146.0090701795872,157.6887257686236,140.3164834244219
588,151.1563603716194,150.5265104550521,163.3121025555008
589,155.9316953344839,122.6217732096436,148.5953397535974
590,144.5605205072357,137.4438663469499,148.2531830446401
591,155.1443641545071,129.005036003617,137.2064315063785
592,154.9252145307421,151.0285294173337,144.7488557846306
593,145.3252941262787,145.4356551401267,153.1426167818892
594,159.5759695787749,141.426702675126,148.5365238492079
595,148.5290393696567,131.5786334974064,150.444926024859
596,165.4604094643386,148.1965194518065,161.4401015640508
597,158.5272333899603,151.5694028181056,142.5461056098716
598,141.439584805686,140.6892310614579,152.8521592027272
599,137.2813491840152,145.2647369717068,150.6875511290404
600,154.883270891854,146.9046427437414,136.4717668595559
601,134.7994480033974,144.341247991029,149.3273234434331
602,145.0959756578947,155.7479755969472,130.4002577861316
603,165.0558376044492,129.8714716242699,158.4167648086569
604,142.9558939920752,159.0781303384904,159.445005110212
605,147.2958338876213,131.042839525187,164.5618663508025
606,156.4747780944744,170.1866545548254,147.4804111654022
607,147.6388653099889,151.0451104952308,145.5242525283856
608,147.2576635764479,147.1423502450313,145.8073651834305
609,167.1257980102911,148.4670463229919,143.5666807009459
610,152.5258054460971,163.0009498788038,143.2559282106368
611,133.466264427808,137.7239964413261,153.8177676843155
612,144.8441156328096,150.0548520258094,149.542723084651
613,147.2876953683098,146.7185243987662,133.1883641980492
614,145.6160421304156,138.0345749505045,148.2247640443061
615,149.5455794972576,174.7222638627939,143.1316808846096
616,126.0337682775739,140.0342107530933,140.3034822117072
617,144.6428222391536,159.0755131322634,144.2182321137532
618,145.7614338442206,156.2931238974958,150.7614788694265
619,144.9512029966668,138.168482723103,151.8731709550636
620,143.1157286942883,135.0914277704726,146.3730139789556
621,151.4410341705955,144.0586370581148,141.4275631598343
622,145.9342735437473,149.8883536741748,147.7495569343841
623,143.6302567233272,161.6851655563525,144.8609484298205
624,142.2465190427644,159.8225065303501,146.7981673256394
625,135.5524453083186,143.2261879019038,133.5351752173375
626,156.2258617383029,155.6224648766716,176.632014371233
627,138.2763128383438,143.2277769145557,144.34298017091
628,148.6234263071111,156.3342714493153,136.7826049302264
629,140.5595931840956,153.2265075506665,136.8264195058808
630,150.0953755009834,147.0386264389417,136.7506899065118
631,141.4316101794083,145.8416073068737,150.5828706347137
632,145.7007581930495,141.5658882863769,175.0889881655326
633,151.0731455068738,143.5931821405633,154.1062496124519
634,137.200818943638,144.2061239854252,143.369593273744
635,146.1720323537023,154.6123983261049,149.1872577021051
636,152.0850853413411,152.093670943408,144.6953435256317
637,147.281995184526,139.2254691805071,151.0056204625102
638,148.7368013314562,152.4686627981674,150.3937543479149
639,151.1495845586236,148.3244995904375,155.7352958900819
640,169.5087472858563,156.6214423763649,146.383276276972
641,145.4598065266928,148.1047426098213,156.893141722013
642,131.8258674129028,142.6977880622995,153.571914568036
643,139.7882289440299,144.1865553948739,147.6524364671554
644,134.4374177175624,163.0178149267531,148.8228823287047
645,152.7044175249023,147.8237186253114,153.352421901406
646,150.3843612433239,136.6054241349227,153.8749724870958
647,148.4129279089294,145.6407687709811,146.0975210821752
648,152.9229685845062,150.4513824435347,160.8532408313361
649,167.1169179899776,148.2931699180723,153.7135152430541
650,147.2708971480108,138.2480240108579,139.2051724016693
651,155.8840313435939,152.906616878948,141.1498336848382
652,143.1803191619968,136.954234605403,131.3334693639209
653,140.3742598727116,140.7762307190278,141.1664812170945
654,133.0599654239444,148.7120439507566,138.7384009207559
655,151.2080335968141,126.3471709612885,135.7269500344469
656,129.3524230826135,158.7074836054828,145.7198825639797
657,142.4391610810307,161.2299379788162,150.0976592759089
658,154.6899291498993,155.4413248842785,143.0595233109815
659,155.4343259674159,145.7719841121731,145.6597461213093
660,146.5929271530622,134.4326922098731,131.5098964375371
661,140.7262048316504,166.954757163401,139.5537531637273
662,148.5791688404414,146.5284024192458,151.5673649167648
663,133.8209134083356,148.5412847178609,142.5385109113049
664,146.3721589217025,148.3193412996337,155.3456902243705
665,134.1855877198012,132.4576337439712,151.3646276893931
666,134.1693281398173,148.5407114139967,153.1741519943521
667,151.0935167303044,135.5768143370527,140.5529509519829
668,144.2886359872552,155.8788813967496,154.2101551310078
669,164.7957873246801,150.9816813117328,148.187988480939
670,147.3937636913987,138.8658585694195,136.1984248269562
671,148.8832569446521,158.3901547274084,135.2476364382959
672,133.7202567067649,154.8439952926908,146.3603232387633
673,148.8104043755964,157.4149490926551,140.71047697197
674,148.2565939275466,140.9150809709718,153.0363552531427
675,155.6708052769158,142.9681336356673,154.2034530323106
676,153.5026237811098,149.2218334248809,153.203660398477
677,138.6068682996166,150.5119292449604,142.2820229623375
678,136.4728124059296,139.8718858045028,137.560869450706
679,149.2475351032272,154.1093141265277,146.3002727427128
680,152.8599057814653,143.5348944306236,157.4828218694945
681,150.5364160163403,150.2159741887686,149.2717717966855
682,137.9712362776969,144.0392529959199,149.2073392186172
683,139.939756508135,151.9508434951537,169.7432361022022
684,160.002459885588,149.8426051138575,162.5104964866382
685,144.3457354718131,141.1236810781856,148.8660805997577
686,135.7808601938688,138.8649241075551,144.7331353279401
687,157.4380428159401,169.6353571435892,144.2841808904763
688,147.9686591150106,141.548821136202,137.0760315051871
689,149.6025603284605,137.0042752721141,165.5206549200475
690,162.8671814125698,152.6485222963579,157.229929992088
691,148.2191329831385,148.4167588593396,153.9210246733498
692,157.4339701013622,145.562994078186,163.7650172419989
693,156.6138007322054,138.031617824029,150.5182817652803
694,152.9770676971189,134.3174901910813,141.6298123736302
695,146.1332338527765,135.4868193574984,148.3993421153241
696,140.0924591118813,135.2358644978572,150.4809896290535
697,141.0334105054462,146.4798402696713,153.7044146343941
698,148.0525257741445,154.1855057047806,135.7419999027267
699,155.5605075995192,155.516044745345,161.16515809919
700,137.2467114738234,146.1150414371254,165.3380345162936
701,160.7658397711365,153.3359441324559,137.1804030293537
702,125.8291966751792,136.958115110102,151.7969238496999
703,146.1076836135033,187.8704297192702,150.0407373770385
704,139.5390510793377,150.9562018627253,148.7189647362589
705,155.4456185021257,144.9549526107923,146.3405654409901
706,149.0023642550613,138.7125668856901,137.4214001890878
707,137.6577205424517,135.9948346243728,142.4294460318264
708,129.1100706247564,153.0841785847965,141.303595528562
709,159.1285123283385,140.6261869259064,141.1211381846211
710,157.867106345686,130.3255271621767,144.8538438879406
711,134.4793408141307,151.0104052016672,152.5242913898035
712,138.8377626883678,138.4850223500493,153.4429043897182
713,156.1410952727854,135.6445876099392,165.0221733580661
714,146.2959752988116,159.4438643666437,144.3288161444548
715,144.2688143346748,143.442628979551,138.110835281215
716,144.6554361322825,141.2421242852841,151.5695963147042
717,154.002526266334,146.6944656578794,162.1674484519189
718,152.0129372432515,144.5600360566951,131.1630951948136
719,147.5430696048222,134.6037241391758,145.9819845663684
720,150.9465038745302,148.212067615056,147.1819056140419
721,145.6109975421646,138.4807937172183,153.6708278412283
722,148.5942489769884,147.0491976491005,141.7850189160124
723,154.0484926093896,142.5042402645508,148.0129219061702
724,143.5823529861614,149.4318014339304,148.5792316248536
725,144.3751719492515,148.200597392483,158.0414247762913
726,147.5611186780031,156.2513938910481,136.2845522301988
727,147.7148681162755,130.4504212641736,157.1266658083398
728,144.0992116405044,152.5417150606608,151.9059749144065
729,151.0327431211877,134.5467106045519,152.0325828863277
730,151.9279299105114,132.1317394435916,139.1768461658085
731,152.2796947049558,135.7345749603291,139.7287041260415
732,139.0596056205081,139.2706581948125,146.0514240183191
733,144.4087632517301,160.654565366121,137.8167879492409
734,156.8246077772074,145.8793183797595,135.8563561042542
735,144.1617866526199,139.1313327249174,148.124757067893
736,163.4337342185047,150.7107342800507,146.8046592363056
737,150.3892395157412,155.9942519285049,156.4514963804431
738,149.9575024584486,153.6112315148329,162.971724863209
739,154.1701479733024,154.7313409317717,146.9953689956756
740,141.5852182617879,163.5914896677577,132.9557699160323
741,147.0624643641756,131.3959636584973,129.8317538627915
742,148.7384954816885,134.8911679576504,151.675839545886
743,141.838368281758,137.9532321757953,142.2704837134128
744,155.1059602479737,152.2563937100512,159.0627552914535
745,148.7667288035138,153.6339915771385,145.0312876661438
746,153.2046677890951,147.451940889569,151.6621812826677
747,145.8754457858702,158.7183150985219,142.6677775752969
748,141.3258325288934,153.2244176561276,148.3208960207273
749,140.696735067081,131.2562698182979,155.2204412741935
750,149.1524055973658,148.239668426675,136.8394077275349
751,142.2760975401077,163.6623505371602,146.9270190880427
752,146.3094548921021,144.8634611195434,146.2982836112218
753,147.2225222222438,162.1286196705736,142.5989086016978
754,142.1098628521401,152.2912705473369,149.2926441432223
755,141.357738472667,139.6409516038115,152.7609449756925
756,153.5441170646972,143.4465267932214,146.4540236645394
757,142.1861697887863,129.6594999312856,129.9681403627512
758,147.1435379717398,159.9138976200171,156.5872474531796
759,140.6554990165625,146.1924928767639,140.1643051726815
760,135.9873738845018,158.6166925134099,157.5962350642829
761,146.3974575616849,127.7577574706547,168.7724746881423
762,165.3446971542613,143.9886726183985,143.0265635268713
763,148.950934584145,158.8511304969608,148.287558149791
764,165.678180519103,143.9070860674697,149.6079582237599
765,138.1410621849921,146.7253111929595,146.3027200908919
766,149.3922267528368,154.7489259134441,156.0508767452766
767,148.7189332835987,147.2413631574738,152.7948180680844
768,145.277415697785,146.1658829738347,135.3648543969163
769,153.3096302816001,138.3168440219824,153.5144623924957
770,163.7991154360458,148.8109461890361,141.6628874687102
771,143.919364228546,148.3391715851555,141.637108161828
772,129.7972438970766,149.637331267526,133.163357127597
773,131.0809128614203,147.7226555485118,166.8531237867377
774,145.5414530203041,152.9452550957339,145.1819760392562
775,128.1036573566125,149.0036044390016,148.1681397037362
776,147.3237346260428,154.9549055677682,141.6752297569532
777,137.9092508143782,154.4384107341229,164.1924683155713
778,133.2230110518585,157.2852721316367,135.5591713002875
779,154.069558282544,150.6106634343321,128.2841373034782
780,159.3316430031905,155.8004921985745,155.4536079547275
781,147.8412268437683,154.3348430328854,143.4009171664361
782,147.1512048871656,137.1143972723494,141.7516058476799
783,151.6678080701341,171.4332582966795,147.6945525138298
784,152.1901139754535,155.6396585515731,146.6815507140979
785,149.3547949155495,159.4900745314172,140.261260684518
786,136.6137779999997,141.0433699057818,146.4511402289157
787,142.86208850913,144.3944946781579,165.0069951861621
788,152.8050290446016,149.6447279325292,159.3278102821455
789,152.7752383493833,155.7224048917195,139.4437349057396
790,150.0998662141578,146.7206349503867,159.4277159080996
791,150.9153298671858,139.4409203616791,157.7214514156541
792,136.5862466850478,128.0024617255629,147.6097165103681
793,141.7875132015049,152.8266826285649,135.4670597451935
794,144.0514283669554,149.5794066241405,174.2598277624285
795,154.6238078199998,150.5456261601621,140.4610321224389
796,142.7652937444009,137.3160814993666,142.6107368423573
797,144.0384674020514,149.9568425651826,160.6229924053882
798,161.8685814453847,170.2965634740415,131.4258927358335
799,152.5788154877059,160.0976939761631,146.4413908893349
800,130.7255374002951,132.0729489054558,132.0704158935632
801,153.5972106511641,147.3901938607295,154.560718209748
802,149.9343963519776,183.8331097480425,148.9758691623028
803,140.0278642670237,149.1054375928968,133.2995302681906
804,143.7434507549317,141.0151654531723,147.7629112080061
805,141.7942459272777,140.841753707442,147.3349466428793
806,133.2801962470161,145.2666008525052,145.8134711910685
807,153.7570607597158,146.7518836876568,150.4500284235547
808,149.0547750569077,152.0067846758085,155.8060941529764
809,145.0200628268035,147.766522997869,148.4720721026732
810,140.8769702934174,156.4657287196147,139.1087152443089
811,137.8286075577201,148.9133492690753,161.9479290475439
812,138.7520245812975,150.845679320073,134.7492135667603
813,147.6588268038609,143.4875450041643,156.1240457867187
814,159.7944748268525,143.1092821722901,146.4732085057419
815,134.759092962248,151.0300783003317,155.7418389888296
816,148.5226750754557,151.089105308075,151.416628643252
817,157.4397030643137,153.8309326209876,146.4550983082909
818,153.8674667809043,151.3003893100093,144.0989191503565
819,139.9759348033493,143.7647961824556,145.7375500916912
820,151.437876123727,149.4233398739857,145.6192700387386
821,139.0799528939601,136.9905730249209,137.2443004217014
822,142.765633242564,152.4291543343126,139.4086870176468
823,143.4600553792156,156.1197508331088,149.856476289767
824,137.3705704551006,145.7690035915798,144.2397128774123
825,149.0214043113282,156.933448231441,152.406144696764
826,136.0333222691808,140.2366117246913,140.8108961679118
827,144.8162421476684,135.4142125868886,142.0859557329359
828,169.5667446027673,155.7087258908743,136.7331594676587
829,149.5853437927049,133.9217420020494,156.0566549775497
830,153.5661352160533,143.4526012074851,152.3123929490818
831,145.1985028128635,139.1914051597132,146.0879144181799
832,139.6080038462894,141.8995240573658,160.5863894890642
833,141.1700555561923,146.6335263731642,140.5341100153374
834,149.6483983522799,157.8059575401495,147.8698022620036
835,173.2945146299591,154.0869448434181,146.8799911346241
836,150.8534577143911,142.2915726452012,142.5625401489743
837,155.2814952016834,135.7784580627421,149.2120707170387
838,148.247953242316,136.4390161219936,142.131321468594
839,157.899263002235,150.0028915822768,146.7105534551722
840,134.7194465088932,131.1157441211598,151.9166575664517
841,148.556999270124,154.7625898396679,155.5562944483578
842,156.4394176788639,144.5987418300976,133.121711786941
843,152.6362180089603,157.4129801641076,148.9005205012029
844,150.1309784800239,162.2911548088365,149.2304713669806
845,142.2332336989125,146.146890746834,145.5489915493578
846,130.3110373677193,160.6100142925106,136.0959420085704
847,149.6315032436078,156.4421069068116,150.8116328586954
848,159.1178679040311,156.108030604717,141.6830506764215
849,158.478803040456,139.2163135108764,139.4572954136378
850,143.5685376037796,143.3936422397798,146.799548397431
851,159.8422727071855,138.2864234393906,149.681153660915
852,137.9980425727406,133.5159912468168,146.7793441616529
853,142.3922982556947,160.3929185748448,149.0059596395159
854,153.9406281429734,149.3654204577728,135.5560476501416
855,146.3340109343051,156.3123222151962,151.7122221589708
856,161.2601891672808,139.0556228595258,144.0807186469003
857,142.5618998253077,158.2521983053638,152.6158105391928
858,155.2645941079709,153.5148306399119,146.9452218659207
859,140.8475051321529,133.0249836626005,155.0455211477075
860,139.8189722755703,145.0214390871893,154.7343981881346
861,137.3912710635379,160.08331494302,127.9572986149339
862,143.1761701045039,152.4621502487454,148.314667723311
863,155.3157566033027,157.7310869255827,142.113666400052
864,144.3143028214419,154.4939492644697,173.0533425771632
865,134.962950715996,146.0400453914444,141.3131715459243
866,154.3757424479147,147.3812568988784,123.100118050966
867,145.1110122239433,149.8094432368771,145.473481177572
868,143.8590535229569,163.4091319088277,150.0805526496043
869,159.3565082565258,152.7315427155396,146.6979275154925
870,146.0688031266803,146.1015476680043,164.8972260391705
871,151.7954831513942,156.2423282795173,154.0665048570126
872,141.567527271542,166.4774515013243,137.3766088136828
873,154.8122132720349,154.5298707289812,140.8276758955618
874,137.3055577645752,149.4709748256443,146.2745531095315
875,145.6766852857278,141.6823479859343,155.5994168240238
876,139.1732551184559,149.015436074428,138.9513335672783
877,142.9097126428806,158.9287669939088,150.4995259128684
878,161.5235136896193,152.2615991086515,146.2601818713945
879,184.0347711907513,143.8602150394219,137.8399173322217
880,148.3134309992965,145.8540743233362,130.3470982160122
881,141.0936976459217,146.5062759801669,158.2863050937979
882,162.1853768174541,143.8457322751928,156.0039162406415
883,146.9328297401284,154.1484049450298,164.191443281305
884,137.2528361385686,128.1304583666029,141.899662821083
885,159.3066276262602,149.1327825309571,149.9041962243423
886,137.284323546234,133.7276138097798,143.2267537314893
887,155.3328295784359,143.7573521088191,143.160640528368
888,147.6044003541753,162.625662036726,138.5133693224575
889,143.8527907806538,139.7582967096181,146.944364614787
890,153.7101629716972,145.1662404130087,144.8552536000202
891,150.557466321064,135.4581234354361,147.219923897057
892,153.4720237478197,160.3488551034328,150.3178258427833
893,140.4047754928587,139.6130030720281,154.0286363079811
894,133.4800569886528,154.9760612714694,172.0262754599573
895,164.6154107258456,144.0455678311363,136.6850952270027
896,139.6408384088808,145.8155526049951,148.6279635238737
897,145.0822375535454,145.1472708962106,149.4592311946303
898,151.2828751314794,141.1495178189142,158.9854982642376
899,146.9297648335277,146.5987169933021,150.4563548345729
900,161.7262837663475,146.9734035889308,163.919977371327
901,147.3739848352608,141.2203579219666,144.47076913208
902,144.9322072399168,167.8132854321026,155.5200509075209
903,139.1168697564277,121.5263399677195,155.9604063707133
904,136.2830221286644,147.9868102188853,141.7103930472735
905,160.7354850307848,144.5137398852674,153.0347223163322
906,145.2672416081414,151.2308249286366,142.280152971849
907,139.0703245324648,153.1259270247774,158.9930902530963
908,172.855380131905,134.5647472014475,141.0203499324879
909,141.7540788394874,129.1777075367209,152.1466068066069
910,143.9167428837272,142.9753086673934,141.7832333302678
911,150.7442002996985,147.4467078008555,143.9991164177751
912,147.4042531798187,140.1005450831763,144.2105159555106
913,143.1427824907685,149.0348806972657,167.6418921572132
914,151.7096266554538,152.7816177449589,152.8215000238454
915,155.2137586093911,161.2257631456111,137.9007454757837
916,160.2933015473629,137.5858249447208,168.0388526097884
917,133.0955586760568,125.5218394143657,162.9541458699541
918,152.6936788285869,149.6627132443893,147.0558541720483
919,153.4862702950443,146.6744509201783,136.6266502264842
920,150.8218833173871,140.1084834195312,130.5631507861637
921,146.1581704669575,158.0166394755663,146.8344046916231
922,161.0568334807969,146.7487261702037,162.4166450025916
923,147.4884251323394,144.9425464122744,154.0448340834769
924,139.1695358607678,147.7317902208908,149.4359378712397
925,143.1082927639124,142.4605985181644,156.1864605151271
926,139.2468698848998,153.5191654437655,155.167194264302
927,121.3204387962341,140.7447695821109,133.2993202402796
928,147.6432960383325,132.0402401399721,137.1175617785266
929,148.8612895791246,154.5536076896909,149.7635586447496
930,157.574554949558,155.2008230763469,150.3282111920809
931,151.1128352154352,146.4662055878678,135.9658173415149
932,146.2527386052232,142.6832123517201,157.6871168895138
933,142.0943189158797,144.4896413688418,151.4380964235281
934,143.188172968319,155.6653099537851,144.550262940817
935,139.7008990678452,149.0320664416333,151.8732234819652
936,147.2285453782875,155.9076416421569,149.7336778647246
937,147.8949838989686,146.5492903713829,140.9708605865935
938,164.1082789212323,133.1898423755068,133.6731096643613
939,159.2469495653321,155.2629842451094,157.8872393876041
940,145.681164674193,153.1899862700615,144.2963341555052
941,137.9959871417053,145.8199975007232,149.244432775884
942,149.2349498657643,154.3532796414523,155.8577441273764
943,139.9489518413552,134.9490842679964,140.4066740370348
944,151.7609770585188,149.9405877590708,145.5593054606619
945,150.0528551612298,145.3046338186804,134.7619054922128
946,139.5556950628423,141.0456648754818,145.7671690108877
947,125.9912015953497,143.39424777887,148.271576185943
948,158.5581313916419,154.7314384923199,135.9533370404124
949,135.1739146739632,154.8209741509684,163.1542552009133
950,162.8225068984143,143.8394341914247,136.633271897382
951,142.7989803773084,154.0476226018607,149.4167070419077
952,156.7008577609441,138.198647336738,168.2797424852737
953,166.543699209757,161.7241361375634,155.8027355898741
954,148.2856398818392,152.337748949136,136.712251244246
955,157.9807414289472,137.8427189759865,149.1914490688535
956,136.192770850905,154.0387848322064,152.1730601880462
957,162.2812109469968,148.4364722917077,149.6064365723097
958,143.9278618387665,153.5768639751361,144.0871845734976
959,135.2976261366938,155.8693125730439,148.5898408862841
960,139.7409473078477,136.9723284839978,146.3129184908351
961,159.644927799185,133.6418279691383,138.2644605592454
962,157.6843522267297,147.7352585835861,142.919884244486
963,158.4842884283038,145.3996976148653,147.6141244383157
964,143.0630360445424,142.6789169804515,165.3123680902591
965,130.9743484809592,138.3518437292616,143.6717302886136
966,152.5378434285315,141.381002023258,154.6251028618028
967,144.2326870731679,154.1710185850917,143.9710169834645
968,155.8585904574786,149.0484720697237,135.7882253722919
969,167.3386593276747,142.7582295399347,143.1872450325316
970,138.2469881350636,130.8780008317732,128.9252935939894
971,154.6344290600514,137.1412753322989,161.7801950380818
972,150.0026071847301,134.3260406660002,134.5973079366702
973,164.4495652538302,150.0269804001341,144.6083872936533
974,131.2781287107562,158.507270861078,139.3945990129085
975,145.1802273369387,148.8210750083409,155.9142993490561
976,143.735242515291,144.8707332967316,140.705057409292
977,131.9409868492156,145.0035823247109,154.1853106182295
978,151.3793267232845,152.8211729404463,157.7137156531336
979,150.940982074847,159.9246294253007,160.6682126158632
980,145.7180629477093,142.9827472656446,153.4462331248411
981,143.2929725653584,144.3010712319928,148.4641410626031
982,152.0305928601264,165.5431811753076,157.8793516575697
983,148.4441412676186,133.9131526394781,138.1391537901202
984,137.9348028036312,145.8048060384567,159.9004911643404
985,143.3584631287309,145.7016880079813,148.66806388734
986,155.6032693145644,161.6146662478231,146.0560450609409
987,152.2195276577417,143.8719636823977,142.5533891053463
988,143.8053199633089,160.3608927041976,155.8048398020701
989,143.533648197065,158.9068226166515,153.2228857000712
990,149.2449910372146,137.8356605740973,154.3026592023607
991,145.3120622908387,147.9707127298514,139.6746690704725
992,137.060417335892,152.9834894957929,135.8043551465789
993,145.2891683254932,141.1422331778424,139.6223111813313
994,153.7716552865845,143.2492635409671,151.4048311398238
995,144.0444770238192,155.2350082166716,138.581456555505
996,158.5243705439141,155.4598159019059,144.9031780826182
997,149.6698971556694,142.1691902710951,144.7201716299868
998,144.1452580783046,151.4603139333001,149.4837561631255
999,158.5409906658717,141.4850326821253,160.0087409037903
1000,150.6403692945663,139.6122978178435,139.3108554800945
1001,136.9928094538441,143.8991931402044,141.5445729269412
1002,153.2896679423337,156.5752597871319,152.5783117411507
1003,136.6990377510347,146.9426848806873,135.6893153702544
1004,138.8361295276024,154.5069281452749,144.2325002481163
1005,146.1204600291909,169.4937218401108,145.6660267028201
1006,147.8429968834031,143.8965019254643,143.32421627236
1007,152.225952196684,156.196430131923,136.1291674654007
1008,158.196805528868,150.6107931892193,148.4980136676263
1009,152.8792264786101,151.2066895753559,159.1467877683987
1010,149.5961611487016,130.7521619949509,155.2995148035223
1011,153.0875044946286,152.334905225921,157.4884038207641
1012,135.0544284560654,158.6225533612832,143.8705515125371
1013,147.8787973806969,168.5775277059371,159.1376291849956
1014,134.4543074151343,156.2181501439491,132.6004595710191
1015,144.914964771747,156.7747545572852,157.3681088801273
1016,134.9176240008765,141.1934805291758,137.585296506741
1017,148.317680255799,145.286196419023,155.6039332059704
1018,150.5627124356128,145.0894846221437,146.7535907597457
1019,149.3777727195263,150.3170705643051,147.4375093218431
1020,148.7621355477226,161.5685741939132,125.6859651085234
1021,141.8750413065173,143.6508030279941,153.9755002615389
1022,165.7811571358133,144.103368945526,142.3910667138975
1023,158.5459742181924,140.5397543832809,159.4767336287043
1024,154.1410999950603,163.2448293336163,138.9610076177767
1025,140.4333064446421,128.6671948505414,148.7386038396177
1026,148.5897318220548,144.9296332933314,143.0821419854159
1027,144.3440638384834,160.025907761178,149.5164213171347
1028,155.4020652693544,154.1390606987898,138.8365882876818
1029,144.0196990831544,148.2321213406979,152.215334945695
1030,141.6859490468713,149.7499243692502,146.9426664544664
1031,153.6497100627578,145.7120932438611,137.6839697719283
1032,164.4636842685823,152.3770375050303,169.0633645657515
1033,139.4242899407287,155.0508253994307,147.3959587868264
1034,137.6133315088472,146.6798676419908,153.7305759392604
1035,136.6542608737376,149.8823434708137,143.0266106763186
1036,153.5879452543574,145.6983672341861,135.0608794386955
1037,126.8385666877817,146.2694263487588,144.5531658818688
1038,148.8251432758351,144.9011778210471,139.7964371242383
1039,139.6609576296691,159.9854314458046,135.2019645150386
1040,130.5228468430892,148.1335571966725,142.0935764406587
1041,150.1267020053166,146.8310156007972,143.2977763811494
1042,145.4159372784019,156.7521382771565,137.0303755759305
1043,146.4698869103025,164.5588584860481,147.6408866067673
1044,140.3645473829255,146.5848929133145,138.3309386269286
1045,156.5979647549941,150.4623436812003,163.5621957992644
1046,156.6235470011294,151.5795001730748,152.0464333638741
1047,130.8758526516115,140.6011820983735,145.162816277317
1048,140.0266164237892,141.8278329081451,144.4351448565855
1049,150.1423740475748,141.842320168087,145.0327738125678
1050,143.9283464140249,146.5060868704267,149.7497660808989
1051,158.3732228569457,147.9985582335499,148.9507861333634
1052,141.0253450421293,156.7511652705252,132.1379836025451
1053,158.689825764342,143.9039644303862,137.9170315329936
1054,145.3589619313993,145.793531749451,142.523355829435
1055,150.786930968872,143.1652485187988,133.3013901330907
1056,143.7939412490674,142.7410759645618,155.2451967872023
1057,142.2306910701806,146.0667873676175,152.0195774623603
1058,153.0087013320874,142.7357803139174,136.0717718464925
1059,145.7043609639535,138.539921932363,149.3653797891473
1060,139.3119732055152,150.4955240513735,170.0212893758861
1061,145.4739770301877,149.6216200543214,136.4193596183892
1062,146.6122569374606,149.9527222901863,148.9634800234619
1063,144.6353970928986,150.6373657229081,155.5879039659468
1064,153.315240869489,144.2784971722618,142.5190234356241
1065,148.0249189922631,150.9724632913204,145.7808009394565
1066,150.9653089714146,143.9933653673853,151.5464119392331
1067,147.1668167741734,141.4774085445455,143.0237357644833
1068,142.2193626857696,133.6923178347294,147.2044611351596
1069,152.5520858464554,165.0269150153639,154.4398402786241
1070,148.9741185060443,153.6287647119854,152.0951533329391
1071,143.9438071062821,142.2658486913988,151.882850446019
1072,151.392835417448,141.6531872118323,158.8115640314275
1073,144.6100064201973,158.2261516594302,156.256158823036
1074,144.2750938462329,142.9632600251048,136.5962394188479
1075,142.6301244319504,144.0452594528923,150.368584629428
1076,159.5299996875286,147.9214169499552,147.4150650097907
1077,142.2014603858321,139.2992333005254,145.9841863990413
1078,144.6322252384909,157.4002127258537,149.7537760378586
1079,133.7406741817716,143.3408060020867,149.6608451853307
1080,145.4611742571458,165.8166719706143,140.3314919451906
1081,152.1042154575554,149.6165354980176,143.559743375588
1082,157.1279468175921,143.1483240250761,133.6312515204181
1083,166.6908938435702,152.4025710571987,162.0548180657103
1084,139.7036813776884,152.1053995815303,150.2238283868238
1085,136.6817397775653,154.8173339386857,142.1299363980184
1086,146.9871036912414,158.1171585084323,159.4939511588182
1087,142.913083046628,128.9156597945227,161.5992478759706
1088,138.7705434328805,131.9391518779593,147.6135698811661
1089,135.8978029021372,154.5060785113239,133.3670802129568
1090,147.1216172539092,141.9828238104313,140.446911870252
1091,151.4106970592221,157.1192357852468,157.7885352826009
1092,159.3962372186493,129.0242928290263,148.7255905086812
1093,165.609549910109,152.5129439109747,143.9381560792503
1094,137.3206918783142,138.9595083895376,145.1274837589451
1095,147.6817418607113,156.611316525865,151.7301769407877
1096,142.3426244716231,137.3223681610009,148.0049735033178
1097,141.1089284826654,147.8062877776453,149.0345943531769
1098,150.6029917963902,154.7165378819127,151.3001744292208
1099,162.495132895237,140.3997195204029,148.6059095776228
1100,165.7555545770357,137.0077348313615,149.7030326980041
1101,149.8305304656878,142.0985624551989,136.7006687416257
1102,153.749818322007,144.8241493391209,139.7699920516898
1103,140.0042010432981,144.0681277997431,154.6138309701805
1104,144.8781929737378,156.3991491198279,153.3075112599743
1105,157.3650185302354,157.1086150810653,141.6858856238807
1106,160.5078933187813,138.2910193762132,154.6025067213345
1107,132.6813636478431,135.4908366890841,149.7089776117637
1108,158.7130834564549,137.2632704997526,152.9753770431392
1109,144.6070401132929,146.2980180534011,159.2689817180969
1110,155.1669806821468,145.5588792005433,138.5468007934405
1111,155.8425599229365,151.9159313368465,145.7475443450752
1112,135.626070084432,136.8815013208613,144.8990687633108
1113,152.2210415119063,161.3542143801093,145.2826116299103
1114,150.8172118235548,148.1295861950765,138.8131580506869
1115,145.4545438571274,154.3391282836745,154.3347397787565
1116,158.4654073404103,149.7548831533291,152.5424787606375
1117,149.3259770353532,159.6397465063805,152.6431995275774
1118,148.4950516907005,145.9743171271142,148.3947557330742
1119,149.7903820474985,135.5140759916259,138.3631186304596
1120,148.0807059421469,158.088016294731,149.9347077420855
1121,148.0434983133906,144.675811887738,152.3825786638595
1122,139.634633929965,146.4381861637683,146.9193930642423
1123,140.911633185304,143.2191090275032,151.7996848574639
1124,149.7227891583515,159.2633675295645,155.1441378324999
1125,153.0017539618341,154.6870213797181,157.9484378862347
1126,143.6882394209708,146.5813824832238,153.7790153945046
1127,144.0596770035418,145.4012259977345,136.6394528939588
1128,153.1131630080704,132.123993719215,148.4578414559929
1129,151.0721227327356,147.3405636712543,149.9844375722762
1130,156.2213809380389,144.9803762363813,134.1522285793618
1131,139.922042328242,155.7069749158185,149.8401369370222
1132,144.6541571127422,143.0116100086795,144.5551581485399
1133,143.0058962801989,137.6972003187424,146.661841914753
1134,151.1737254675565,139.4714419755989,166.3354717331624
1135,154.7132259538513,157.7454139832711,149.1642482009785
1136,130.5291433067624,149.6736774071609,152.0798715789794
1137,142.8597142001681,153.5202415220873,146.1427319148664
1138,151.1622444093972,141.6061744108885,147.9899938624756
1139,139.9247382581691,140.9929602227407,139.2312724489662
1140,142.856911879669,144.234790135669,160.428661369031
1141,146.2748164551917,157.2594893697378,143.5069174068053
1142,154.7978860771426,158.7883670590577,151.9674053964673
1143,144.5919535822684,153.2881908952747,139.9089961103552
1144,144.9476017229451,138.8909476238591,147.3694628460389
1145,145.5541224147606,153.9212607351795,145.143386322758
1146,156.3371113188137,169.8102979017922,142.4225396773503
1147,142.5016172998318,151.1265166212831,138.6569526884395
1148,160.9635693328421,158.6835407302721,148.062571264301
1149,154.1878584401102,153.5187192952251,150.5385923917471
1150,148.4793412151414,145.7482872745846,151.9178981115276
1151,147.4139730641191,144.6579424173263,140.7641036752908
1152,128.7290932469376,152.238153252067,145.4334024182648
1153,145.9293538741815,149.3659764987383,157.1699623932916
1154,151.8744788384765,151.5547631366696,158.3899341206629
1155,141.4256872646903,168.7057834473719,139.8044502393202
1156,146.7714712493831,159.8463448028978,159.103335006126
1157,148.4941496475448,158.382954062403,139.4674415409501
1158,144.1954472274477,140.5440255190962,146.0520431300039
1159,155.0141207519441,148.5775154038564,167.3319989437635
1160,153.6010320555836,155.9302859632784,144.3915561217401
1161,147.1887095831273,156.2601522425458,148.1930276968082
1162,147.1984678270059,147.0841536667239,149.8367013570608
1163,138.4669573311087,153.5175733816979,151.3729064545711
1164,181.408832522195,154.9863403902247,163.9212385422912
1165,152.5030019641877,155.3461332230627,147.046115444487
1166,154.823829057515,146.8906993246499,148.8727884890313
1167,145.6047141107212,141.690378864489,139.7879859890943
1168,141.6489712214436,133.8454982653466,140.9522432296588
1169,141.3372435494645,146.5829147788596,142.8448294637006
1170,143.6212128594774,142.1004930651746,133.0477144897334
1171,136.0390233682167,170.7089336847288,140.2602398010327
1172,149.8809886904013,147.446238615738,148.0150014217514
1173,131.8469874925538,149.5383673164111,150.2053144855994
1174,136.5790651588804,141.0589838766809,144.6717257692906
1175,142.4530368421969,145.0940738802877,150.1280331806226
1176,155.2167763551905,153.7004376782027,142.016417503314
1177,142.5874177853126,149.2277217298956,147.6661786615411
1178,150.5107222156463,142.5586043610388,136.0679909792985
1179,139.0056218851066,158.4853226786844,150.6992145670695
1180,139.4536913197169,151.7843992349247,167.621247392511
1181,143.8015000209811,152.4226610625815,135.3619142108804
1182,150.1022315378838,145.8672713074849,141.0415811752287
1183,155.3833553371875,153.3062290815081,144.3639862957705
1184,161.0055652055014,140.3171326004932,146.9445408186454
1185,142.7447266083224,152.4715846124445,165.624851990781
1186,141.5373190955341,145.8756457419749,150.6482401566348
1187,162.1514351233315,155.5932190701587,170.7360327835536
1188,147.0551578479356,146.0044132624818,157.1435506669434
1189,133.3805649518216,143.2604197995697,145.8985378829656
1190,153.6794003357578,152.2767909159471,148.7863254083464
1191,155.8846412092242,142.7733199183232,140.8610735222076
1192,142.8638194961182,155.6593043841704,142.5707793034463
1193,151.3406515215095,141.0624982584127,139.4393923684681
1194,153.6912667490752,137.3200764046927,153.6046984641848
1195,130.3642628303523,143.7022838159609,148.2294374735569
1196,145.5973128695094,158.1072814666952,162.1057839605978
1197,140.5317759977563,154.3683100398667,141.3335707540167
1198,146.926660069194,150.2245125468027,130.3374253555409
1199,149.6449207478155,148.0289157564089,155.5774697167422
1200,143.7936209330859,147.8445178147363,144.5716984599497
1201,151.4022283871404,128.6726518115882,149.9272963825239
1202,152.098116976069,155.1502549515482,132.5715823342576
1203,144.5460947707349,147.2007939789391,149.9500672040691
1204,151.0936943303462,157.8933926678237,157.0243285679305
1205,146.9992317967442,161.7921394614765,150.4726484737563
1206,147.7712731856786,169.5448510293028,137.8294655289461
1207,143.1331358154875,150.5321070025506,151.4857567885376
1208,154.2542365372954,157.3761684783058,144.9279850535204
1209,142.9563049664797,165.330990011071,155.6900869385239
1210,148.9591713462879,145.3449292731259,147.7484234037556
1211,143.564879872183,145.2635768018303,128.3327838166542
1212,153.9738906858886,150.6322691258939,131.9137897977655
1213,157.7091439160345,147.8577942901487,147.2162340244299
1214,145.8231486964133,139.8880092800318,161.0645170381648
1215,131.7718823728377,157.9287002049548,142.7145585554713
1216,141.0719592345911,134.0677195415345,148.0502729703308
1217,144.8147195368394,142.3538456529031,144.2946505144746
1218,152.5600761490805,151.4805513241875,159.6737819134681
1219,149.2311094532664,144.7143272736407,155.29920629052
1220,152.8159731522711,141.0450447401942,152.3150868468119
1221,149.7019908173662,150.0748924926685,155.2161141881994
1222,147.2576371419204,143.5428615903326,147.7082648977028
1223,143.6871525952751,144.7991569063324,148.9351369034646
1224,140.0885764581044,152.9542740391757,146.2653206947005
1225,134.1171663982669,141.283481994772,146.0971512301449
1226,148.232583370829,136.8649602615,154.0060234417644
1227,161.3653281750079,150.7874601135645,151.2890135580814
1228,143.8091299735742,148.8885699002942,157.631873788031
1229,141.834863613748,140.304978712542,147.7492292669631
1230,149.3886084088938,146.5447483862383,146.5267912209278
1231,149.6690024803506,159.5913089181792,155.1664343299626
1232,170.6190479469954,144.7067514950462,138.4017908712374
1233,136.8980543112028,148.5872023677549,140.8284909195625
1234,171.835642888203,147.6143275123838,149.5955807044732
1235,144.6599609097305,139.5831155614156,148.9140447554151
1236,149.2895638763146,144.1454448586463,160.1110938315535
1237,158.9829797162,137.7869440090136,136.1570098125535
1238,135.4434033017826,136.9038339637995,153.6810207426787
1239,157.7481642967423,130.8107370358044,146.2518110072238
1240,152.0660358845734,143.6952371286304,144.6742046301141
1241,150.4627414762353,155.4379958297838,138.1932950538492
1242,135.341213012772,150.4950385299747,159.8628489828404
1243,148.1797160667666,147.4410885979481,134.1898509736401
1244,140.3426305925551,146.5362698556667,141.874410687884
1245,144.6338188590269,143.7550837263802,138.2439332075853
1246,155.2502827224189,135.5119184479551,139.3094637704222
1247,146.6844122450344,157.6444565202393,144.0892331145613
1248,163.3226097264251,151.9869290362223,159.3342080516831
1249,144.8114303818448,141.0994620131855,145.3144032355922
1250,157.2848821661334,146.0495162544585,146.4276806645345
1251,152.6832253048609,139.1781662443765,151.7275819339082
1252,145.7983101066764,144.7317666438993,135.4658459873311
1253,140.633729738534,144.8214393221228,151.1123904059031
1254,154.4551833875107,156.226092406051,149.3820818027828
1255,150.1536121806932,155.8247068745526,136.2296183920001
1256,149.3860425126783,151.021842293565,140.9586431096739
1257,168.6294645698993,150.5100848062946,150.3909912517054
1258,142.3589726979944,150.2769711148034,138.0474580890864
1259,146.8981217306991,146.2757805149027,152.1117109627089
1260,151.6086056705225,136.2480383868387,134.3439756257632
1261,150.2736486265022,177.8307573079094,153.3314569068853
1262,146.004433070467,137.1526685264536,147.6773170149544
1263,135.9250524460514,142.7740912719959,149.8924223209343
1264,140.9578244451615,148.2947034751988,150.5525302534306
1265,142.8386494303396,161.9243802860995,145.5790281493681
1266,136.6413249753305,157.9927783656067,142.7081979688564
1267,155.4403226481888,145.6628745440875,158.063495957357
1268,144.9735068332061,148.0537891956051,139.1633991849558
1269,139.9501277808787,141.8256863675543,142.0299746106803
1270,133.6543772606103,156.5692270686676,142.7722514413013
1271,152.1899870672506,165.6646728456574,158.0071444825805
1272,158.7494067768216,137.362680373461,146.7784177533353
1273,143.3717602641839,165.1299040695396,157.3240066060109
1274,146.0335783966372,161.6268039710524,156.4828201219263
1275,136.6319262927769,140.8914901118318,141.4157344054535
1276,148.644367801978,147.3053299135932,142.8127259887268
1277,154.0744717922292,151.5249068995333,153.7914259460993
1278,139.6019827825607,162.7128730100757,157.062531250761
1279,145.265414947771,152.3397217194151,153.9858411016501
1280,148.8371208924786,148.144853089042,150.2170587304569
1281,160.6260203287402,163.5412487516288,141.0621658773382
1282,155.3615684478032,163.5654400521355,146.0933482976009
1283,131.6443250578926,145.3402419396939,147.3565957168514
1284,165.6974958408026,140.9511900077046,157.8319290869836
1285,155.0987171533504,144.5518514846305,166.9272702046699
1286,152.5351457801739,148.6638155190101,153.2195055643594
1287,140.7241416185015,143.9762300660758,130.9677514654225
1288,142.989554883763,145.7711064136109,150.5316996535661
1289,154.3080338576116,150.4708493208982,146.7285383936125
1290,157.4305178155687,143.0762420481352,172.3676854350977
1291,153.8777967623022,145.9726249951727,143.7041282643617
1292,137.1507592827408,153.1640811837377,134.7741980565464
1293,147.1916109646422,173.1191884294807,150.001144386743
1294,148.8832111359583,143.0465058454268,132.8467149430116
1295,177.0570593016747,141.846480207287,137.580081725933
1296,146.7877075270562,155.9781123376763,153.0169199011213
1297,136.8556512999805,146.8334607893173,142.1018872208584
1298,148.8141356120034,143.714450881775,130.2665052581157
1299,148.4285262190028,159.2101883914769,143.816222890465
1300,148.044714030733,135.3763882580469,147.2396267946989
1301,152.2951422349964,144.4366964979033,164.268145156626
1302,138.5379495149129,153.8853361725175,147.2919892033111
1303,160.6248411060161,136.9118933237668,142.7329317021026
1304,163.9358173503251,146.013028419935,154.9651743516638
1305,146.655668242023,157.4857916794379,145.096519551024
1306,155.0284247144447,150.2150367323006,178.9178971127261
1307,146.905620511789,139.4066402558794,161.2535509881143
1308,136.8696141849874,134.147702731431,145.3756940014117
1309,144.9871163100858,146.7723854513776,147.2471692654545
1310,153.6947844971611,150.3474917529139,155.071164157787
1311,155.2585468749034,132.4340629218109,142.2333138542679
1312,143.9685601481268,144.9522737899799,140.9244332753032
1313,139.7251798415572,162.2301165449696,137.1415121582451
1314,148.4334730777395,154.2530575536643,160.3018368134135
1315,138.6432058146434,140.7008418283615,128.8359730888133
1316,139.2366457615441,149.6732990585868,148.0852682911405
1317,155.6493222490747,142.8859299107484,152.2863650147477
1318,144.6767470340107,141.6917376579031,156.5905479025631
1319,148.7628721912196,138.2922096041661,150.1381601411202
1320,160.1274962672482,144.9637408671651,135.865954587535
1321,145.077126712961,146.3219944217287,153.1657067030894
1322,163.4767666340723,155.4675987032884,136.3316004715788
1323,141.2709660742119,137.0424325275185,165.3977693065568
1324,137.2595807554133,158.3556586904819,137.8222297106963
1325,151.9245426462287,158.5773757453869,153.3544447014288
1326,162.0975080579804,150.3709059310249,149.1798582902968
1327,137.588110677743,143.4253236369777,151.3525441987059
1328,165.4345774444307,151.8757979845361,146.494410330623
1329,141.0397399279834,159.9562196099877,159.9565502621753
1330,141.8720789935458,172.1789684850058,164.7513568214423
1331,142.6725723916032,156.2246863653706,137.0097560728159
1332,144.8714641412251,165.1120191076697,155.5046378951596
1333,159.7024640655223,148.0211539208111,152.0205145711111
1334,151.0474384541023,148.5724216748376,136.059312532993
1335,144.6011294606923,140.4815570008344,148.6187447433824
1336,145.5257286079213,141.5147426342938,153.2603261496316
1337,148.3209495649614,142.4768948870309,146.125741731749
1338,155.0837665883179,152.6985737064846,143.8383377371903
1339,139.660852784303,138.9418081889339,162.460566788435
1340,146.8145047611318,151.2537433369819,141.4131433240464
1341,142.1340022148203,142.2450763256735,148.9593132043599
1342,147.1356011762972,134.8750145186619,146.6549004898846
1343,142.9990247024685,139.0425160367209,129.6987143404494
1344,135.0624420935578,142.1773247344921,156.344426652922
1345,144.4240736609428,155.1182905751238,141.8782160041368
1346,151.3872649239439,149.534015698699,141.4124078896444
1347,148.642006332168,150.5386868926236,149.9483647675359
1348,146.4398471442626,145.578731815778,144.3470089035063
1349,158.2386786945252,149.684934325942,147.2034173998416
1350,142.0110457977087,143.154652732137,159.8296827653371
1351,139.5408966907711,152.8226090623636,144.334555282745
1352,147.5202685101943,148.2609017020058,143.9459892967811
1353,139.3093946834382,147.2464694279392,136.7747963009883
1354,136.9817077808959,125.463462410989,142.6458687213051
1355,145.6436561212473,143.9781393635299,134.8654070114292
1356,136.4613106197827,165.2649447639146,141.2249756982826
1357,136.40314864531,160.1538734414891,152.1429117890326
1358,139.8921162681762,144.3785205144804,155.590938340232
1359,147.4484422817148,152.2793279039214,145.7048546371154
1360,155.7100142821477,148.2892851019156,151.9617814809764
1361,155.4731406431786,156.0202687034765,138.4277317483831
1362,142.5606116121257,138.5118853001541,137.6953436903208
1363,149.8260650237792,144.3467324286444,137.9654785817045
1364,148.8869678764273,154.3175107891571,158.21473380165
1365,157.6234566093259,150.400760494317,160.9980419453781
1366,151.1614200442723,141.8277849250428,142.3744723345399
1367,141.8438162504762,132.0751734056311,154.1823779941722
1368,155.752893099413,158.7111273259152,144.1123253391767
1369,132.4950609089487,147.0054543172534,154.8693906816559
1370,147.283824890877,161.1546415561898,150.6242383569743
1371,161.7249958352762,143.7615129700087,147.8650420718066
1372,165.4094224425881,143.9951771655504,145.419560785916
1373,141.8254929192878,152.7300505959948,154.7414731627893
1374,153.0969937574775,174.1484811555572,157.4779083754339
1375,147.5092123394246,155.0554645461857,148.8686760846518
1376,156.0556644114863,145.7416147173629,136.3521387350298
1377,153.3818445840458,139.7435765362428,148.5795946981392
1378,144.7690298473662,138.7420690295143,145.2500539836532
1379,145.2480503681071,167.427196200229,152.8226827974304
1380,165.1254704403413,160.7657779695545,139.1898508505172
1381,150.9856687809059,145.8656213299569,141.255197929666
1382,150.4927025627236,156.1236529172148,138.6922098763687
1383,144.6782008219374,149.9405139713703,153.8711941742491
1384,151.7312999846762,158.2608691048544,148.5960388126962
1385,152.6328023457256,158.5131232100204,144.0125199656913
1386,143.8069472906594,158.4109869577939,135.0177398059021
1387,156.8481451385111,162.7697278672139,145.4736350397454
1388,144.9533082411389,153.6362782163863,140.0086715679643
1389,146.6023889324869,159.2499115974012,142.6941250382719
1390,147.5398736948379,161.3040450503239,175.5242714233084
1391,152.6583004036548,148.3891239654153,143.5089279142319
1392,126.4428992512816,132.0081781213955,147.7996300821594
1393,154.1276656687417,151.7835817347004,138.1575745498812
1394,135.68088864527,158.1085953428272,152.3410014860036
1395,141.584761770444,142.3188543994206,155.5261473028256
1396,139.133245489454,137.4793868238499,144.7491208789386
1397,143.0230010024841,144.9124812141292,148.8735543535917
1398,144.2523893529235,142.238802329182,153.2956392846437
1399,150.4861037461654,136.0104607699035,135.2910144955723
1400,141.6002175816587,141.0715031861419,153.7799428506952
1401,158.0725516191322,138.039018154408,147.2730237686699
1402,153.1021093289297,138.2783222722751,150.0769808027547
1403,140.4885087355246,142.8966123690917,150.8798033307331
1404,143.0331691092793,147.6793312505963,144.5799452250689
1405,138.295941776684,147.3692438074595,146.2153409430991
1406,134.1260435033352,140.0963482584855,152.7432991881323
1407,147.7711233314068,127.6707865706621,148.2806550760506
1408,152.2970728583805,141.1148468139014,144.7517590858335
1409,144.1491309628421,145.2905288462553,138.5028520641212
1410,143.1538850971359,149.5183491524842,148.4550829916778
1411,145.9498860520711,146.8337413885508,143.7803064925383
1412,130.9763516127231,146.4184476856811,145.0462750221726
1413,149.4047409359493,138.9828433932025,150.6186123242985
1414,135.000358765754,138.6343331118561,150.9600242258115
1415,162.2361044597234,152.0362956404765,164.7992132323456
1416,148.929783424523,138.4782761023027,148.3724859081045
1417,156.4751023517562,140.0485391474414,155.5540315027564
1418,141.5383153769055,139.8789575466375,166.2439332735444
1419,142.2245905875587,160.3340254807425,156.08672813309
1420,138.8572107703233,140.963856199242,155.176119569334
1421,148.8113610874668,149.8282043657945,156.7669748352894
1422,151.6729939062739,150.2719786784682,143.7179855660848
1423,148.6002025812452,151.8221843701325,154.1758100543881
1424,137.1389114502374,157.8311864572533,144.0562727380941
1425,156.4148556075483,171.9918777967181,149.7529671496085
1426,138.3229126991747,148.2199290174824,134.5920542526069
1427,156.9852048035395,146.15719085126,133.8572256994809
1428,150.5771098007244,140.9523055026201,144.975232327819
1429,160.8226597445678,147.078832423822,146.8811477484876
1430,150.7963032967992,138.7811465442197,143.3455096557147
1431,153.6912312604296,145.5601081750094,163.8555691321969
1432,139.7156428513956,156.7344781517303,128.7141391656968
1433,154.7808154617904,141.7781522842634,143.8971532601722
1434,134.1459272327257,145.6816832469088,162.0478840834783
1435,134.1328760710581,150.5480895649191,149.8541154697387
1436,150.1503845371957,148.1049956168948,143.3333382621482
1437,139.3058528556386,151.1243716852555,163.3660287320888
1438,146.5589976228313,164.2530499838161,144.7990077599523
1439,143.8337291486634,140.9817321977346,146.0778010595583
1440,151.7689393016105,132.4643039697027,155.4362173747388
1441,139.8303216059146,160.9478098063817,169.9934001788999
1442,145.944209288621,149.3449379440653,132.3788866840742
1443,144.6245030611039,147.8733616836022,171.5092025239303
1444,143.6937987909124,150.9607707579914,139.7980791695447
1445,161.925248258553,152.1671977041768,147.6435391887538
1446,144.3390315482252,138.6779697417566,139.8395265110675
1447,137.1896399592914,144.6958847165594,150.4131195548897
1448,148.1828307656607,136.2182786145996,141.4417538863713
1449,147.0367180008056,156.4696939692269,154.0448103526264
1450,143.3804649342872,139.408508732402,149.3414842301754
1451,141.0059391032792,151.0670905296159,170.2644802959467
1452,151.7866544302447,144.1146043823349,131.1178009725489
1453,146.5050910869439,133.1435287726223,150.3259230929721
1454,145.5162037429635,160.6458389961672,153.541069869352
1455,132.9652123662616,142.6768880420293,147.4590583963734
1456,147.4448021788332,151.1027873343018,149.4259651704674
1457,153.5145133264385,142.8298183611051,154.8915337888187
1458,143.6448441661732,158.0770869178122,136.9561129662234
1459,156.9941864144149,147.2173598770235,142.9975315850004
1460,134.9657462614659,136.2859007233613,142.6222906966961
1461,140.0626282913541,146.9230318939422,170.6727144654017
1462,148.1366510523312,151.9128837448362,157.9918343944981
1463,156.5051624778819,149.1465933779201,160.1910515685594
1464,149.9921017135213,146.57548109789,151.7965436593033
1465,144.2300064256164,147.8432847315113,137.4786631111883
1466,169.0597195719231,155.9457893057733,143.4576495973359
1467,149.9816558257304,143.1714943294709,134.9762407719847
1468,150.2226166156614,140.921048066278,152.5020331062693
1469,154.005328537118,151.037556077025,145.8338506571079
1470,144.9715185804504,152.4549244572229,140.9202079713698
1471,149.4471883875864,157.5076333379613,145.1518591871198
1472,143.9849195690929,148.0108980571142,152.9835420900984
1473,145.7839818922566,151.6083958677973,151.0028775120494
1474,146.5268842078222,141.3833281288566,157.6708943784154
1475,147.142972250698,158.0801528876293,133.6800744527893
1476,152.4914953626607,153.1956049411942,149.3872767075724
1477,151.6276918628349,151.4337322998426,153.5193599596768
1478,158.5527081556872,135.2533823355717,143.3787020563652
1479,154.047569728073,137.4364537210448,143.8172384175759
1480,145.5927243379793,139.2437903374748,143.7210965740069
1481,151.4007183617692,145.6880472528156,145.9178397697717
1482,170.3026472720863,143.7592437668903,141.3309775318172
1483,137.4780119641079,137.9670051946709,157.6047514900423
1484,168.4715232788342,145.5596962565762,152.1967825780008
1485,153.105176828002,135.2932938247237,148.6082490589948
1486,153.6016811708379,154.5734615851423,141.582037302714
1487,152.6827042143954,144.8437807555505,151.4377883799457
1488,149.2562316570714,149.796224536049,152.8096224545875
1489,136.2457946728186,144.2701587436247,130.1694138103983
1490,137.1373985495045,158.318157990757,139.115830974519
1491,141.6849135312217,137.7684878262966,148.9514974933686
1492,166.0340522124029,147.6013489656379,140.6692904239166
1493,159.5576091821851,141.0928917225539,149.3288913051377
1494,142.0020368114746,141.2406031727863,143.1292435137888
1495,137.874420678256,141.3807967757863,168.1990026718279
1496,144.7957685505644,167.7582877794409,136.0312383851791
1497,143.2187980645859,145.8306447193271,150.7709045794185
1498,142.2888012459825,151.0677158635743,137.8006148131994
1499,143.7111492320059,148.8113534116461,150.499346387432
1500,141.8221993335342,136.9286684261365,142.3451440212579
1501,131.8919080551243,157.1527082634182,147.2548338738118
1502,153.9231476071998,153.4555512818515,155.5525551207067
1503,132.6299579928806,142.2888818719904,152.0241447267742
1504,150.9760893839893,138.1570686783421,163.5519937246837
1505,161.5978784015458,158.3301396370641,152.3970425064606
1506,147.8931884866016,142.6311037075934,162.4095492714478
1507,152.2417348385001,154.5743916864445,173.3524343049582
1508,151.1021340110546,148.5885250530172,139.5700098091875
1509,139.8084746331755,146.2027055784245,150.9487604099029
1510,141.8194645342184,152.0385462495379,156.6859119835891
1511,141.5691817113571,156.1829258051519,147.7187472730485
1512,148.2454514485553,151.6603042830726,141.4801388897143
1513,156.3331029083135,142.6054246577954,163.1389646351304
1514,155.087043231664,154.2842099216995,151.5951935660613
1515,162.2567714439787,153.7077642445154,132.5761582716408
1516,139.9367090305618,146.5421241419459,159.7352292486563
1517,148.1279109441007,135.2365727968655,142.5234376932219
1518,151.470746434915,135.3164387849618,152.0083382923101
1519,145.2846663643765,140.4171418438886,145.6379787270156
1520,153.658786554832,144.0002789968936,153.4957300939644
1521,151.7758174696446,152.3962557066322,143.3608129859984
1522,134.1728335393291,144.3736277584854,149.769380984954
1523,145.5438911253239,142.9281014902303,152.7977799608126
1524,157.6318825596372,158.2691896065301,159.8296369530179
1525,152.7173607134462,141.2626879735077,152.6755601110123
1526,150.5307095582898,150.6833320903233,149.1038506364065
1527,140.2428509923891,148.832850125744,149.8449726545877
1528,153.7289376294069,154.6274191444344,155.7145979953032
1529,142.3599750018294,161.3787674416048,145.8099837092387
1530,139.8469690383583,142.0619156339408,134.1927750179653
1531,145.646816422842,156.8643702258722,146.2726149865358
1532,151.8240592527275,144.8816393202561,148.61176597756
1533,132.9528178613801,142.4125344895753,144.9650123026968
1534,147.5169807828329,143.0369629395867,144.3707450652203
1535,155.7325623131467,146.5293670018564,154.3709969696851
1536,138.4267683772709,154.8066615340069,149.7288751758933
1537,158.8510498895064,139.6671077008711,148.4704212815206
1538,160.1946508765427,141.458250152714,135.919854126569
1539,150.7107600058923,157.5353766565501,149.1367939980017
1540,137.2961185640117,146.9065897413628,163.3258202087404
1541,144.0982779080127,151.1845026352509,154.7261988113973
1542,147.6412004490467,164.9592708985655,149.9186774765906
1543,143.1033676593599,152.5071155004769,137.6712148767459
1544,142.0644753486691,158.1920269097122,140.8641387120807
1545,142.4333927587713,142.1801076276471,136.8525305804866
1546,134.8027187300639,153.4614857391773,137.642619160629
1547,150.5290533226627,143.7860929176963,143.3808320952424
1548,154.0436255196256,141.2679673747255,134.6092366922897
1549,149.3864363748288,151.3547898276046,155.7047958011461
1550,152.6058469442734,145.6017486586544,145.3547519981098
1551,138.2694982523957,145.1001301127751,150.387464256597
1552,151.4544463359142,132.8287352282014,156.5483522036416
1553,147.503660116258,147.3692136945595,141.7621530337956
1554,143.9887263935499,139.2488075464954,148.044112839694
1555,146.6092312367268,148.1198617682814,143.125616702296
1556,154.9277471347734,150.5920575972144,142.6285121208535
1557,152.2842532363329,134.0615013085133,144.8067700444037
1558,136.3540010194251,142.0183329154796,157.9197628075833
1559,136.300614626067,143.8690857155139,142.8112285117949
1560,142.554396917441,154.9228916463866,150.2925860102947
1561,139.1167240438782,159.415835850902,145.3582670372639
1562,139.9059037327352,153.193247159211,161.2257050028875
1563,137.5103155283368,156.8219933637703,151.1766279065004
1564,146.1003475092099,151.1325522567958,142.5068271313557
1565,168.3911572854146,150.5023951256324,150.6013170242121
1566,137.7687522779181,158.6952915943889,143.7598161624673
1567,142.1368157692413,152.4454665781091,160.0370514452101
1568,150.1948002897788,147.0694028386334,158.2476425423541
1569,156.4927897442475,148.6973627370781,171.0980167830265
1570,149.0481629496541,143.2411003137308,157.6780932680483
1571,151.0354743406417,144.1391140316798,141.8010270037454
1572,148.9231061130317,139.2100315636478,145.6213057395355
1573,137.0888942430541,148.2038337908635,141.213435194447
1574,127.6854792626728,149.791090577693,155.6696226925143
1575,159.2043523308281,156.4352441751162,140.621535954798
1576,136.4879652025583,146.2437480508128,149.6392795592816
1577,162.5225829303884,145.8616200591288,142.1713000640141
1578,161.6676091103098,144.5875382886731,141.7167628702831
1579,135.3545727492924,142.9180899115067,150.145313945766
1580,154.5994931167315,153.5122719684491,154.913955564049
1581,135.7790066770529,144.4632091775101,153.9590147797452
1582,160.888855827392,162.6067019782028,142.0652376690961
1583,144.5308586746847,148.2441871256035,141.1045362775671
1584,153.9603022422649,158.1836963241437,157.1559603165223
1585,165.1288073328888,149.6698379361351,145.9928499215184
1586,162.3358901263122,142.0969870550492,143.5726274683567
1587,157.3226779112302,156.8007031334708,145.989657200755
1588,137.5842840616357,158.9722846543374,171.0826032422204
1589,140.5080018176007,147.3386862264946,148.2219450062394
1590,142.9367666253099,143.3875271904908,147.294187571191
1591,142.8132661783826,132.6666653576535,152.0737222796977
1592,158.0892163682232,136.1532099030578,149.2858173477071
1593,134.7811405167687,160.1617075849529,155.6376898620318
1594,149.6658487269651,128.6744658928421,169.7331775936246
1595,149.0675785516841,135.9787686494147,149.347170013688
1596,151.8414223093856,151.2664406787153,155.2901574551109
1597,143.7297322876777,141.1372322133589,139.1243968867175
1598,158.1414130999759,141.0136972760543,136.256976192497
1599,156.6251776413624,144.6269079799377,130.6041817529455
1600,141.9293473484271,139.8397893365593,160.6877508499087
1601,146.5333030799206,148.6541679867696,146.9502733689139
1602,151.9518551129223,149.0245693494712,150.7232625238066
1603,152.645496599759,162.9496416847903,141.0583700386062
1604,148.4503338420601,153.6557477302704,158.1846948340437
1605,145.627867784785,152.5040398494023,148.2994056445904
1606,140.0109570397127,152.0852773576949,141.0658232140905
1607,153.2385487601137,151.0524840102548,150.6841673753466
1608,157.7830485613174,158.1848407509141,144.6242117767864
1609,153.6725353022929,133.8763177602079,165.4944894989662
1610,130.600624751334,142.6969152672666,142.1195468878664
1611,140.61552329529,134.4598219014023,139.8702414372656
1612,143.4302579081973,134.7793833875268,133.9675975512924
1613,168.1609842642794,147.7461095255011,143.2060649739784
1614,142.9138944150347,139.3688091483639,157.4791386198046
1615,141.8816740886545,146.2423603763819,133.5489664705364
1616,146.3851862484817,134.8786693916776,163.4167741305541
1617,159.728012618538,156.8383753612425,145.1706473199145
1618,140.6566706108298,149.1327090803312,156.0121901395558
1619,153.0775926917031,164.8410231919382,143.6104494688818
1620,141.4964771624479,150.7116296786947,153.2780891740645
1621,142.7051906424396,143.8039304380156,134.8675018762846
1622,148.2774354183438,138.4742841951924,146.1810893688587
1623,148.1089594808166,151.0049245735132,151.5164902320283
1624,148.2041946532343,151.3792985881548,140.0041836727157
1625,146.0816331039318,145.7896854723433,155.7491230319814
1626,149.4320763542928,152.7990758609488,151.9024127453482
1627,147.3501325088939,140.671975114563,138.7220651826247
1628,149.5285849843833,152.1276114306724,135.0349606523631
1629,128.7426587578082,169.6724867894915,132.7106502271465
1630,144.6812903201284,173.983536913584,161.3785916000534
1631,158.153420293303,152.1384651725142,142.3053485189423
1632,158.6319720244253,138.7295066132893,148.1998273650495
1633,145.2820776814855,166.161364876868,131.9235638286557
1634,138.0785383598475,159.792107524005,145.4178622574428
1635,151.2794235783056,136.8940709679776,148.8546224613771
1636,136.3749844315947,148.5900593699983,136.9207186997091
1637,144.9203670258792,160.5179748677969,134.2665612682144
1638,154.3036077590573,152.6100379649772,142.0139287533311
1639,143.5518781626751,148.6477731019315,154.4297189715862
1640,163.3068932266413,176.9475573794935,142.5790374397392
1641,148.8833709704406,133.7709465954439,144.6117078566846
1642,148.3642340819888,161.3431318426269,137.7768756162644
1643,172.5703264852598,139.0048051776233,145.1377376700934
1644,146.6033108049162,154.9405923859798,137.5023708425097
1645,145.6368697706204,172.0325077340776,142.5356403163225
1646,148.1676332881646,138.9593264659834,135.9937710228337
1647,141.5695951564155,136.3055880492337,142.4739852093817
1648,164.5283569761241,145.056483899241,159.6888408301216
1649,140.141391298187,162.5259544282612,147.062630120651
1650,148.1936181638755,154.1006152892904,151.6741614816021
1651,143.3744884333433,154.1248176799929,150.2503098597165
1652,148.6784053379766,148.8812061808003,153.7062698641463
1653,133.8271084338073,156.2909939410063,156.5388962283325
1654,147.4927155608206,148.8548371364348,147.5646761319151
1655,136.3649539597606,142.2220151554523,144.7093719826892
1656,156.9985031120225,147.3228364126689,153.7742433614551
1657,143.350413690284,136.4892745529917,151.7750398198876
1658,138.1656701660979,167.3041502789688,156.4475913055331
1659,141.1378403205119,132.232889769674,141.8812343450503
1660,127.8689324734122,133.0178641040364,144.726893544682
1661,164.8395348740092,145.7611255027913,146.7792259931889
1662,132.2597205542493,137.9969557388184,145.117924637965
1663,139.3332071184437,152.0190497070814,140.2418595126407
1664,145.9505617090609,146.5073690233001,168.3176617664934
1665,140.281159249458,141.1110236624182,138.4739912398678
1666,154.1683858755961,140.8702854932408,143.424495734986
1667,147.7030781963954,148.1358470864425,156.999785132254
1668,141.8194595928256,151.5065852643241,136.4385088401483
1669,142.4459421686461,148.3011933292286,145.3890891977827
1670,171.6299385640989,143.50204991923,146.797438819821
1671,146.7368640046667,144.4940228832072,157.4632169461765
1672,155.7510991701925,161.4408482577922,139.6277592997955
1673,159.7539605827215,156.1504249606119,169.324158624101
1674,158.1522790625433,150.7599639767616,167.3333938944292
1675,141.0294067434176,144.1561047386368,144.5800739305216
1676,141.0763527189927,160.5976608455586,152.3569435203827
1677,145.6143140282869,151.3384165455334,143.9759754240038
1678,139.4699449449816,157.985624068179,149.4933194130208
1679,133.3582665430147,122.7712719635799,145.7378484429928
1680,159.4637527911555,141.0253654702327,141.5707185374966
1681,149.5546449824645,166.5900649855121,141.2577520399796
1682,157.2640025944501,153.5711647162483,144.9550751618018
1683,145.5277459626098,151.8780458479123,148.1869352651751
1684,149.1161622384661,139.3824017543463,154.7636546616062
1685,156.7265190328349,154.5635325577347,144.190797465817
1686,155.6297047065291,142.6768514299553,162.3113065295385
1687,154.3011944171797,155.4909327730258,154.7205238260198
1688,147.6985776198591,138.383979521359,140.455060428627
1689,156.9198115447741,148.469727079566,151.1810507593391
1690,165.8442152305846,154.5027149475993,151.5895536248722
1691,167.1225965046374,146.5557711502368,157.26013362391
1692,155.426309112951,134.9302066855371,151.4186273893671
1693,149.2581627485973,144.7191393377725,146.7406719450976
1694,143.9279831719056,136.526911341745,144.439485858641
1695,140.1535976351761,140.9134467592493,150.6251239811286
1696,153.1504948814706,154.986412743516,157.8069050461329
1697,147.4415741146466,131.5958008142003,143.1817228152626
1698,144.9517699856272,144.3463250001234,137.7417145854971
1699,150.4662545885357,158.2356002835334,150.7353116461196
1700,142.8096631915199,159.3194707143464,147.256021344227
1701,160.4612284784381,141.012878966545,141.4200258268633
1702,145.532629354796,151.1734088838294,147.6178351927788
1703,145.5002008995293,134.6013383750911,136.6780441474398
1704,129.4393728306885,140.344881843258,152.2675319593342
1705,129.3099517628262,173.7920322611752,137.2289525808814
1706,136.6441427839951,158.288467530004,135.654434165512
1707,145.401906542832,137.6844634008036,144.2014014754234
1708,151.8118273050228,135.409492532781,149.2512491685576
1709,128.2321158870886,153.1979813878566,162.9445267700756
1710,153.770967233154,146.3583264428867,147.433295995038
1711,144.9245474834414,150.7334543695058,143.6777706724282
1712,144.0188045398591,155.4747517708353,153.1306934859383
1713,147.2380169504449,152.5228018634338,153.67759843082
1714,145.0023183876975,133.4521451673055,154.6748718283773
1715,148.2106326509732,149.6396481086356,141.3305239998651
1716,148.1297192388994,146.7942091856712,150.811897025666
1717,140.630841475222,159.8867310843594,150.9509770531695
1718,142.2028091042727,155.8415097612655,139.4227692840559
1719,140.8530568124901,144.3089557583378,153.3748081363729
1720,144.3126778625683,146.3656940865908,165.0868195733476
1721,144.1669429490393,144.7347951920504,157.3098403740209
1722,146.3423450140053,149.316285047269,148.4751753692344
1723,147.2044779176266,150.5845160305675,150.5004649886614
1724,144.0005929663872,138.4354578797394,149.5873260336717
1725,136.0985980639743,148.4540995735597,126.3710889501994
1726,159.1675851288167,157.3023745272336,161.6526520673492
1727,153.3160273027138,152.7869220440976,143.1340808008873
1728,145.093318064167,153.2326602000503,160.4335720804717
1729,146.6368838256208,146.0201577997666,171.5517640313817
1730,136.4645584820066,161.8690185650811,144.8940994629947
1731,137.9345157233971,163.166486616151,136.0564995432055
1732,152.1433253303494,146.9893526998126,163.9925056638722
1733,137.1283188057962,146.5782279350365,150.339561250779
1734,154.7367366946141,149.1285589227818,156.3037249353715
1735,142.8368046533963,150.0856358687484,137.82624474614
1736,142.9917567282675,154.954301761666,145.0152344675867
1737,151.3068143337615,154.3176180965487,142.9062837208685
1738,152.058843243134,160.5941402266739,146.9622003207012
1739,143.9781785820451,149.4022703285727,143.5250057182616
1740,150.0549966869982,144.4999662410275,133.7846296104403
1741,149.2541466573404,143.6764507109627,147.999899102308
1742,143.9204835854623,138.8771601213539,165.7287319951431
1743,145.2618996967219,144.1091080337609,148.9046137986086
1744,136.891480044737,135.1361786577699,152.3539963699125
1745,133.9745810861234,145.2342758802588,148.4425239883363
1746,140.3785063341725,139.2724203065681,146.7855634663582
1747,148.0436425755532,139.1822642470827,139.783323900666
1748,149.0737958853473,140.7852080337804,140.3783636738447
1749,144.6152968947086,140.3731067555334,154.2948393711886
1750,146.1934043333027,145.3243485845291,132.1471859308909
1751,141.2721306878342,145.943760642963,146.148008667493
1752,145.2314168418069,155.2589245960548,141.4602918795904
1753,134.6062679811836,136.1185098060032,144.5287561869293
1754,151.5844121633206,139.9430428755747,136.363522244541
1755,172.2548116432697,161.0421727969573,161.411292018521
1756,147.2136530715989,144.2640934704445,133.039844078871
1757,151.3748935012431,149.6707098380957,148.109436821476
1758,144.3363843652664,167.7359061172598,155.6670358583544
1759,145.6195993958566,145.9929793110934,142.6686579356944
1760,147.0361212451226,141.1067089480867,165.3870760482277
1761,136.718288193347,145.8922762596761,145.6875613428477
1762,163.0640201288607,157.3160583389874,144.8752382050566
1763,153.1563966807881,142.6464617065181,144.7110483054784
1764,151.6012447756162,147.1428054311552,158.0544546729463
1765,151.9495483013402,148.1000697285215,156.2556552846559
1766,154.5555485695729,152.0639043694502,138.9219943370769
1767,156.9742287789601,157.8921852438257,136.7379895900506
1768,148.9459953713519,139.0911213732436,149.1099926984776
1769,150.6395977976735,137.910941116651,159.6802917703708
1770,125.8283292894259,170.3992831148025,141.1446543983572
1771,155.0877370412908,149.8968434016487,144.2997311418811
1772,141.3048198046785,137.4279942322243,148.6783058478368
1773,161.9409382274523,153.3662278357013,152.1022389807664
1774,143.4734154568897,150.7121027527732,151.1150505347399
1775,148.9163913824418,140.0127148607054,152.1839256466048
1776,143.1163301563111,152.1616518021811,147.8382738918856
1777,155.3628209971969,153.4432640058066,158.6141910076531
1778,149.6288692316582,145.6014228738512,146.434080416879
1779,138.8615919197783,147.5022357555608,138.4567305738674
1780,137.2018940857175,153.8694025609842,148.6690913782868
1781,164.3509517920378,154.8303411216914,152.0057573984668
1782,143.8307150368293,144.9230669786815,165.7564876792844
1783,144.1817682817029,144.1583414323691,133.5996005397336
1784,143.046677103501,141.4560714756077,156.6720375089723
1785,158.4889866819628,163.7550003386516,147.100920912918
1786,148.8632491457433,141.1315082993684,164.4839803118385
1787,147.5250065250421,156.5930918973207,157.8912188462178
1788,142.6519235366488,160.1710387985073,149.1428096655554
1789,139.0006240041212,159.1522929994205,150.7569344473179
1790,142.1902920065051,152.6679723791706,158.3691160790872
1791,140.1669453768585,125.2309624763027,150.3296958805872
1792,157.1598463381539,142.2689261654942,144.145033075188
1793,156.6702793294148,151.8777985011565,138.6318533202035
1794,149.4443350892614,141.2304393328072,140.1812321258937
1795,147.3366798569446,145.5356817167135,157.8756057941829
1796,141.0496690156253,146.9341061175126,137.236029622942
1797,138.8763412761106,147.0697082591185,142.5320196919049
1798,163.0549776643063,147.2124695436007,157.2498821297161
1799,139.1047969111746,149.1323080186114,149.6601470671362
1800,137.3157487141129,155.0500234764348,132.1085171844639
1801,155.1557558001113,155.0809335773172,148.1621435487734
1802,140.4006468577876,137.2962367734605,143.4263824668444
1803,145.2718911974371,131.8630887608277,136.2241123775495
1804,130.3779190801158,135.5134178163347,146.0822839297753
1805,164.2899546711335,166.666349191275,154.1011435051253
1806,139.0258845759926,144.42824460816,153.6520513703675
1807,157.8978577042585,134.5555794113893,156.5718107354334
1808,149.0074683669919,143.8523975081595,146.1048136954238
1809,157.0107410230027,147.3205529203746,149.6906349648084
1810,151.4479930180663,147.2379547068107,141.2200373059501
1811,157.0789029708937,152.7196568186262,147.2512320056041
1812,147.3072793002478,145.5432656236665,144.4267735205735
1813,140.6929238526683,142.5896695508199,144.7828733977447
1814,151.662471172863,161.3284068784,142.9317675908526
1815,150.3660070847658,146.3344049312097,146.4735010030641
1816,144.979686204858,131.9550106213946,147.5077271851388
1817,151.9898469174937,142.7332930281815,152.6883207748183
1818,154.5411388341076,150.1336912824438,144.6586660810516
1819,146.8544294970062,144.6467015410782,154.3747855371446
1820,138.2541658618986,146.8454507875315,146.4298074073017
1821,140.1408698710565,144.6864040202733,137.3072924692494
1822,147.4286202617063,150.6627277563686,153.3330294629278
1823,144.4270995554953,144.1571857700509,148.9435521328786
1824,155.1755794374977,133.6581892217306,153.0744606358549
1825,140.9111146503937,154.7349851372773,138.106554458506
1826,152.4944126606088,156.1281893442985,152.1223829164849
1827,151.1495692051184,143.9808751471558,146.7520417470158
1828,139.8058841644823,162.3485413756869,150.4931323978962
1829,159.2455876395454,143.0461645727879,147.7767171525391
1830,142.1640699396568,147.880477609155,132.654219575399
1831,145.6932798751852,150.0195677527985,137.2888087152949
1832,135.8034105809621,150.4286004393074,135.7926565285364
1833,158.5349930661513,154.7087937852125,150.0110155918377
1834,132.1341132954747,141.8416702058214,152.5457520623673
1835,146.6624167200989,136.0288292433849,164.3697567504136
1836,145.9686170611069,154.4103344482263,146.0085372526798
1837,167.5250755604264,143.809270276805,154.6766864506898
1838,137.54586087927,152.2570791375937,146.2667395867175
1839,151.1562785269161,151.8223297703071,148.1004430325724
1840,146.1244636599462,148.0649608819838,140.1165510840795
1841,154.68331384608,140.1681769779701,163.3611364046932
1842,148.7641539616385,149.4089148742861,152.8827746573063
1843,149.0239945609761,143.466193157883,146.0800353636376
1844,147.7486431294964,152.3805780062163,153.0446725742267
1845,152.3361777640713,151.1912649175646,151.9746666924379
1846,133.5640677840163,135.2971938203673,149.4022907809822
1847,150.4271829475198,139.1147562236532,154.5726159553918
1848,151.3061496361192,132.5592324923802,149.6449855385112
1849,142.4697380466775,137.8569673267775,143.866001154583
1850,141.6158953708073,162.1896245499304,140.9171769924442
1851,138.3144967760793,128.805341479864,148.3994974688765
1852,132.6813816528761,145.6614184451162,157.5406096446313
1853,167.2728037417291,150.1836810170012,147.0151256613328
1854,142.2980058906494,139.4058314600214,162.8709337341811
1855,165.4114567339464,142.6047989206738,163.5820532464544
1856,150.5805422930252,137.3752390087594,157.9465351960862
1857,156.7802543160585,150.5066147728346,154.7938450598966
1858,134.1084273049943,134.6382811022186,163.1484857361752
1859,151.0434686197471,151.8626741049757,163.7772152420232
1860,142.7512979280578,143.4046828182485,140.5969158634545
1861,139.4332118963771,148.0444431703062,155.371553234202
1862,148.6952091184158,159.7094386825501,149.0086849529062
1863,164.1885684212367,151.2974608668722,146.4612122958458
1864,133.7746384760655,161.6125822895253,139.9303469712159
1865,141.6627083042503,150.3438129607729,145.0733898220629
1866,140.9714696725796,166.0824372420044,154.9054212646526
1867,152.2878884069988,141.4229800793038,148.0191178453287
1868,141.4378515868096,139.8580990286476,150.3899049278087
1869,162.9498580053621,132.780397779614,139.5162574520755
1870,145.9012856584969,148.2773868184016,147.5022722695465
1871,143.7433353949046,140.4962381661942,150.567430193692
1872,138.1303369098515,148.6875162767118,146.1917817230703
1873,166.409380662705,140.6332770939878,166.0411325192649
1874,147.5850527978396,140.5844532966931,146.7536512699501
1875,150.4003552772949,144.2802697136769,143.2683434481076
1876,144.5527677337066,145.6080880542856,133.3780212360386
1877,142.3341703552863,149.240749105014,148.3956277083404
1878,143.548544023801,147.5062446922114,145.9297348024494
1879,167.7068199783813,144.9350321663376,137.4478009638098
1880,146.7164341633182,144.0144636428633,137.970772132783
1881,145.3264660064653,146.1736601639027,149.987214782602
1882,138.88007179014,156.7419027178009,136.080483887838
1883,155.0050738176289,144.7730757493906,145.0785136815281
1884,155.3695205436254,167.2455111311559,142.2806465415459
1885,142.9959868610365,138.1081205261566,140.6529898479128
1886,160.6116550148756,133.2851945503363,150.2549454775893
1887,151.0797013663927,144.1127950386523,144.7592594315423
1888,140.1266387083464,149.5931193738311,136.7977017754415
1889,139.433574043838,157.19969036688,157.7878685817842
1890,139.9613678059058,165.2593995209271,151.147479625582
1891,151.7219417224873,136.0377493319735,160.6036577511725
1892,142.1335188890453,142.4670434321167,148.3738395233773
1893,151.0997043913424,146.7821960848263,131.5502135901097
1894,148.4754632030288,137.3938882983123,141.8388691745188
1895,136.1330577903982,136.3286342510037,153.6886093319509
1896,131.423677759646,148.5957575136643,151.9733353974725
1897,151.5384361610676,156.33457086283,136.7776177354036
1898,153.7750961929872,141.5636582910661,146.3148641890079
1899,149.9924437257795,143.9229563842626,153.1464626853317
1900,138.9201158877305,144.2585815318187,156.4301730689693
1901,155.4337879048537,138.1983462028814,138.39342907331
1902,153.2961348989002,145.4076425224269,138.8556661097929
1903,141.7797665070323,134.1647545217611,160.3880904042752
1904,136.7778853124566,145.0323092110178,140.8272347454306
1905,150.540469621554,150.936689287402,158.3231328116906
1906,148.9266850948746,142.8649094027602,137.9301241308668
1907,151.8255566051823,164.3758293828387,145.0432443492736
1908,150.2955936776881,139.0243179342098,159.56561539637
1909,155.4153463189864,161.9287597274077,145.3904187046592
1910,162.1672338629455,142.5355676451209,144.6333651274564
1911,142.126997592879,156.9378519435631,139.3575193510114
1912,147.1404850682296,149.8522940629983,171.3104814291085
1913,144.7107323078549,143.8955245049895,149.6612288995906
1914,151.3482050187619,147.0841909510981,145.7834650652004
1915,154.223417841212,150.9143629260139,157.2850943004399
1916,158.5795752476242,146.8008092668991,150.0512184809404
1917,150.3030861378503,152.8938609567365,149.0333225831218
1918,146.69857856893,138.7531984098878,144.5166492909136
1919,141.6922000307192,153.1448136496172,137.5103759679705
1920,155.3448979371393,145.2557701763825,139.2830812461907
1921,135.6820730136473,149.6831719473764,132.3011155594575
1922,145.4727360738169,143.1578749420357,141.8161859332516
1923,135.4941387023449,136.8781579807519,154.5700232511945
1924,149.9604131447946,167.0380371088052,141.4302851663407
1925,154.7851540020809,139.1001076933663,163.8683288282809
1926,136.9818513953208,147.483978739763,144.4523111846972
1927,138.9520154697159,143.8818309896379,156.5881272245338
1928,145.03730753373,143.8275956633559,164.7206358495267
1929,146.9276647907679,161.776813340966,151.2333168399929
1930,158.8731258539206,149.6105992533817,143.281561559629
1931,138.66949018989,149.4169045533014,153.7515495559589
1932,155.4389559418105,141.5475330409451,151.2723265514527
1933,145.8132100477872,133.4557396613417,138.4914451686384
1934,150.2620965250952,132.6954644312208,125.9958343826667
1935,137.6430897674757,161.2154626299974,149.5643085859366
1936,155.755176807014,154.5495988397405,157.8113338487293
1937,146.5309950451629,133.8356543017248,145.0502788767241
1938,144.2587018833191,142.4478119832242,151.3512247404983
1939,134.8862405953625,150.2388251041796,134.2299559706998
1940,153.3734221356089,136.4967829252273,139.6511956509654
1941,138.8611401382563,146.0031252385937,130.7513511267881
1942,138.159183845656,158.0216128031252,145.5030780488698
1943,155.0482959135816,141.4807729049091,151.2229701329726
1944,132.1767498514324,139.5222323866131,139.0246199497942
1945,136.8402274051163,146.2048072725762,148.7583595589941
1946,151.4977081595877,147.8873944252241,145.6927986398757
1947,155.7055278787856,151.2243722259125,145.1676913877172
1948,161.8442451354798,157.216628932834,144.0174836521974
1949,137.4153921357759,144.1342026821222,146.565272894642
1950,150.9070900290659,150.9801159388702,135.5019916216303
1951,145.7464384303476,138.7962001183174,147.6412322292443
1952,148.6333633453672,153.7056890252379,153.2821448694347
1953,129.2409767114731,139.1712863582718,134.7868028687063
1954,166.4268611780961,130.1910925988652,150.390664822941
1955,139.6812917389046,143.1032140559684,148.1254026943776
1956,142.8268930759289,136.2733743884365,162.9123417693777
1957,167.3054787187155,132.625048090055,144.1307673277153
1958,173.3208710051493,150.2557509544449,144.6310979554178
1959,139.2763006947544,144.4180728399281,147.9884919063378
1960,151.9824757489575,144.304848902041,154.8550194463259
1961,152.8384620891142,145.6570258577813,152.2472174806093
1962,158.4003305478802,143.4224215266768,146.5119615794078
1963,141.5608404530198,161.1083958230893,153.4559548824056
1964,141.4084938485893,153.7911261393376,166.5063471290054
1965,155.7052080593562,144.0442463161583,135.7346211656987
1966,155.6113279890573,130.7696600743174,144.7728919241962
1967,150.1408166380857,139.1184161964704,144.4932501445601
1968,152.4692295823282,150.0636358934532,139.2142168146135
1969,142.3195970796312,138.8985384630836,152.1499426334417
1970,140.0864067637295,142.2450508988467,130.1798206491159
1971,140.4104044335289,154.1883599660378,146.5235904092139
1972,153.864578631616,150.7855957433444,131.5865745772346
1973,153.4674952722779,153.8458654571006,149.6651232517849
1974,143.842548132215,154.8798704540121,147.0938038240756
1975,150.501656197907,143.7076367474567,144.2538524557639
1976,139.8174246333884,148.2698259279267,156.7822573318832
1977,146.0907536867196,141.8350515122042,162.4735205242427
1978,145.3468090930097,162.232939569561,147.541360354963
1979,126.2373201180672,141.1547564080816,154.3904802262363
1980,157.3164434336061,163.8469658109709,141.0959217021676
1981,148.892113643297,134.4906053546941,153.9354449674421
1982,145.306006028406,139.6168282377184,151.8490751348274
1983,154.1123032005648,149.5686833949452,146.7272104438201
1984,143.5402854568402,139.7659329245716,155.6665424962623
1985,148.8741495761649,147.0223280176765,146.095117158197
1986,155.4424935717783,159.0427627907678,151.0162524282853
1987,147.3618848606503,148.3769235723227,140.0707690971487
1988,148.7493503098617,150.1030629910016,143.3903764480455
1989,145.9624357582374,143.3155622857913,173.0449972552555
1990,151.0247588269515,139.4903234108208,148.8802435937774
1991,162.2993040904422,157.0954594275005,150.3478633581271
1992,154.8091652902023,153.2381064554351,145.1607045594571
1993,167.9624876682981,138.352653255106,147.2568813634914
1994,153.8407894853298,153.1773597059825,152.0204194217158
1995,141.4061035991487,146.2728677443875,140.544947570959
1996,145.3594188231834,149.6613892879006,143.1977861339198
1997,157.27035968173,151.7704363857628,161.0958946311274
1998,144.5549034491794,147.4127172295165,158.4457670987023
1999,148.0121187895257,155.3459508124028,157.9878874974214
2000,151.2749566215749,153.7128690496443,153.757083523198
2001,141.7711138188322,141.6962616419707,148.9306939080502
2002,138.8376068409363,156.1899245481797,160.8281795486883
2003,147.9399167512515,156.0919366631936,133.6990038421955
2004,147.5137089304188,146.0119584207497,149.3610075120291
2005,154.8478923709713,149.3940075205863,153.4407199154591
2006,140.3495323640188,146.6800579127846,151.0585508343962
2007,166.2285639782629,146.9339374110491,135.1167414458385
2008,152.4970455869795,144.8434417593404,139.8425278188112
2009,150.1991114649454,161.8421160826387,143.4282190801587
2010,135.8878892691073,141.6869907620348,141.2852070408937
2011,139.9486499575378,143.1187867866579,136.7439574406642
2012,161.657851053719,146.0194025115798,144.0442567330552
2013,151.5016280502153,146.9305133464905,163.2884121416413
2014,151.8079066580127,138.8136976102629,140.9676846615994
2015,149.3868175098298,141.975579712324,133.0809963596622
2016,150.6686550452924,158.7152846981741,147.7754798602618
2017,139.7828277009206,140.3636457221559,145.7695231683909
2018,139.3219346527207,173.3173531101986,170.1000185751139
2019,134.4243446345675,132.7700523948958,157.261981886744
2020,144.2864539105764,148.1120759450027,154.8720400332828
2021,151.0893220685962,155.866018802148,150.981589530336
2022,137.768134260868,149.6130798276023,146.8638326561284
2023,145.9405188780844,160.8938113383451,145.2244823079936
2024,162.9699970033511,159.0948227770332,134.9797994848289
2025,142.9531870441411,150.1977526025076,168.1770078227358
2026,150.9576098856602,145.7226667567021,160.9348236609297
2027,150.1681624953718,145.0674208500472,139.032931027957
2028,140.3627317584991,136.2361669732734,138.5706105049598
2029,149.4691980640128,148.2316189014245,147.2032362603314
2030,137.3797250971248,139.7184811038561,151.6531921443747
2031,148.1536284714999,148.4186285233651,147.5666975971993
2032,139.9538481200546,154.0456660568506,145.9100167758266
2033,136.8813365159464,148.1751396787245,150.7006955290989
2034,146.9953941385049,148.9192026289019,151.4895121917061
2035,153.8872517648305,153.3903818211605,148.4672553911518
2036,146.21358982028,145.5868820166374,142.6340759434337
2037,147.8654232502444,165.9409413107837,159.3310223854717
2038,144.4871393249573,162.2111325811265,151.5549217894103
2039,139.0299178594844,143.2768877729632,146.7911487667049
2040,157.9150588481864,153.0813980316413,157.1065466310992
2041,144.5977697927613,146.05780673333,141.8510956706432
2042,159.0105085014321,137.9021942591568,154.8380147430044
2043,144.9766259637808,153.4882610401484,155.4098135437527
2044,143.0955412523477,138.6614440688495,134.7344615205403
2045,148.2956589198174,160.2073477459992,154.9681177998015
2046,142.8531278108449,149.7717844967843,156.8127692848834
2047,146.6341386912001,138.2722206301825,153.5176291526838
2048,147.8982839113147,157.7020567554429,149.8692155362364
2049,143.9519376679649,152.5911188780737,146.6448118294648
2050,142.3356208604608,152.9607795093016,163.408548206836
2051,155.2445868149111,168.0957811495651,151.9761396303873
2052,148.4043203989407,137.232533435236,151.8805956262281
2053,136.9275412949064,135.8579535616881,157.3220971804061
2054,139.0402509771603,152.9835819632753,139.8570339740904
2055,155.8181602084357,177.334409134096,150.1905161613692
2056,152.9252155999035,147.8219819883854,158.2715112944812
2057,154.9278641311285,154.5854474929605,151.5694541381068
2058,141.8278925039287,158.1856807402593,148.2793374819566
2059,151.039700532476,139.4853543937332,140.1375832356964
2060,140.4935635837603,170.1107619601241,145.5511907684403
2061,133.2118813876416,153.4262963258998,154.1762520120737
2062,137.0754084411973,138.1311059660609,162.2392659741787
2063,137.7047315473041,132.3942782106498,147.8090224619603
2064,148.1733777413162,164.0719881143645,148.6386203530075
2065,150.2638033776907,138.7303083891528,162.7441883025962
2066,153.0522646583966,152.361040125274,143.9227017854464
2067,148.9110194258811,142.6110944103973,151.171474407858
2068,155.7955043811169,131.8422402160523,142.9954251033411
2069,148.342311670607,142.6469399830413,168.8686520253251
2070,139.9919404071138,149.9877691042451,149.7008910391428
2071,149.8377659022692,162.5915630802522,157.6540506384936
2072,143.3240592421972,153.7712675736893,149.760916604422
2073,151.946104105128,146.4731022347176,146.6760711638998
2074,154.9110482933766,142.152659744764,170.1071248456847
2075,157.925606002168,142.0740294544795,152.3200237573434
2076,144.2886423377643,146.5087182864322,151.0391961306776
2077,143.2746312160376,142.8935861871525,151.3589623763067
2078,173.0327958278776,153.8350724384478,146.7829163548079
2079,156.7709835082678,139.3650689801591,135.0751058196752
2080,147.1011256406702,132.9185118799738,150.4529387625099
2081,163.9519526566613,146.2994253773997,137.6001033625517
2082,157.6159365885784,150.2762594363608,155.8216448196392
2083,154.1131475969792,150.0672519259789,137.4990369971919
2084,150.0690290317556,140.9216404501737,148.0382051895075
2085,141.10246319815,145.9654185693284,151.9646885984665
2086,138.1308663427599,167.3358532245422,155.040124636213
2087,151.9790769882653,147.3994005208789,152.7991971236617
2088,137.4782610473992,157.6264647831029,138.4062822885772
2089,149.7215865459941,154.1347581391589,131.252770153084
2090,137.4413689373412,150.8898022358862,127.7524404220855
2091,148.2599952413393,143.7001838069476,141.765742632362
2092,148.9349581950544,138.6938400890834,149.5228895452076
2093,136.6197257021839,129.1935676206712,141.3254510573931
2094,146.3636184549468,151.1818948056694,146.272299345539
2095,159.5630888563703,152.3931948573481,143.4362706260575
2096,155.0731573157852,151.7007145982417,135.0627105659849
2097,159.0737553465971,152.6516645575131,138.4260777558207
2098,142.4074637875043,160.1307280687719,151.0609219443861
2099,154.3656725273747,157.7859145658075,167.3076856604326
2100,150.6064445883509,152.3232930856753,160.5444496855937
2101,156.6526741626385,144.975619614688,159.2748290515344
2102,148.9299118913619,142.0475583542801,145.0124739332812
2103,163.2585331161647,151.6292557863073,140.3084943234974
2104,145.0265890679215,140.9079369490369,144.8051519080838
2105,166.134338173154,130.6676425148445,147.5182787326471
2106,148.7489199166009,149.9383612944395,147.3943391253407
2107,151.6902769806901,150.6996632421596,143.2120387066508
2108,130.8244881871689,154.8372486954529,156.0557654408917
2109,158.2146770648251,146.1328900839013,141.9701651104781
2110,164.0825593509023,144.3561221798413,132.6303603713734
2111,181.584937353582,146.4664609667074,148.2528593054604
2112,135.8020396011445,143.4634428990642,154.9105421737066
2113,149.0566118600412,148.4494424104209,143.6270416797672
2114,129.5636216568781,139.7151557478182,155.4009175650545
2115,141.8751986307314,136.2954063535201,147.4934749941591
2116,154.995821866324,142.0597921828183,138.2721951888469
2117,134.5249757916585,136.1167507400041,169.8421369859585
2118,150.7036299171089,153.0807607757274,144.9077950243438
2119,150.0407234879482,150.0667068264125,153.6709802124456
2120,150.0168681239569,138.9333786195226,129.0585482490744
2121,135.044102570099,147.6132459181588,144.0404024778757
2122,152.8526763521549,163.8039878462596,144.1652116135801
2123,154.5120845910219,130.4220798573548,138.2039235399951
2124,143.5569255840679,143.9324806937987,142.8942493880682
2125,132.6439308716765,140.1755468645038,150.8302853200672
2126,143.9042728523444,141.9727384400068,141.2113709617547
2127,144.2454268780455,139.9991860420257,160.4555009327317
2128,143.649365303874,152.7536262481947,161.2324232891122
2129,152.8666045469286,144.3096943950416,149.2136922406898
2130,144.9372054979814,144.6724572203614,136.8778555620367
2131,156.6146554661655,139.1436771051955,152.6489701784671
2132,140.5263236897445,148.0760748851388,154.7560503865897
2133,146.2316610314053,141.4498633862243,152.765209627578
2134,163.0979308717314,154.0048612904207,165.9902495674442
2135,148.6884716770649,148.7401726726314,144.4741561606901
2136,137.2858490047915,131.657370909314,146.1292311247036
2137,151.4355044009654,154.0335846478945,155.5878476195556
2138,143.2704765652433,148.1713879593677,144.5149261428235
2139,142.4443512100767,153.9079412294596,132.2972939753456
2140,134.4083711648443,141.6036399105092,146.229382019974
2141,139.8422409298618,144.8984742947017,146.8206065311522
2142,131.9103086883952,144.8908562626542,153.4320568306905
2143,139.831727912888,138.7451381133339,147.8631465963448
2144,126.2387555289839,137.5815721047929,137.7180225565649
2145,149.7198900578224,141.5533238216061,154.9877987136892
2146,148.7439244549825,157.7855346128071,142.1518518119028
2147,159.1476201353013,136.896992717528,152.8691644503388
2148,140.6299339033075,136.6752622457583,153.9885541866857
2149,150.3440462980955,152.7367889728999,139.2415166363155
2150,158.6990094890088,144.2015947401789,145.7449341947355
2151,142.3055444646657,156.7101418818559,155.3899557288371
2152,147.7679769250403,153.4678119340311,147.6837170803364
2153,153.2777471154215,146.3269460398614,151.9032435491873
2154,146.0790714669185,153.5032178922905,132.9441401437921
2155,157.1349534587603,140.9492382711198,137.2732180355134
2156,131.9474838466558,162.0358713680555,139.8527832725688
2157,161.3692767203697,148.5788589666373,147.3350010249005
2158,145.0126174990356,153.7601517580192,151.6281694017649
2159,148.9379230958371,142.8609068249669,136.2618937222757
2160,154.2374293017995,161.1972300126097,155.1221167077371
2161,147.024354820752,158.9898952288546,153.2167916107233
2162,147.0309765031568,153.1234991595829,135.35999431684
2163,151.6696921450461,139.5384448833409,146.8263641034528
2164,141.2596258166988,140.6905139204008,158.4106493716793
2165,148.1440500377451,144.6899385229337,146.9282527282342
2166,144.2846074725795,146.9809465676931,162.9422294774625
2167,145.2922914177879,152.0302527424278,135.1078198576252
2168,153.6185890210566,150.0832703859776,143.5331649266475
2169,149.7772477760329,166.0912837500388,142.7497588201822
2170,146.2730432907368,158.4617783592973,138.719725852591
2171,155.3530645781942,150.9972685901001,151.3362825379396
2172,152.9817497714334,149.325541626943,132.8809307197165
2173,151.5056778011948,156.8284244550388,152.7769096870036
2174,148.070942075019,150.5042862038218,144.7400148473545
2175,151.9300749123611,162.5852369282072,137.8768652478545
2176,164.1910123705955,143.9824777097965,162.3962654884133
2177,153.5420942746448,144.8380721753578,146.2827803240532
2178,158.8793432498674,169.0107461275363,150.1920550274315
2179,150.3291078075184,149.4101860383824,150.1540486930145
2180,142.4800841030093,151.7145287186893,153.2532161548489
2181,153.4767438279638,134.2568751363211,151.4922056667339
2182,150.3949965277336,139.2056618392456,134.8054493929259
2183,149.3667606830432,155.8861571724022,138.8373950663193
2184,150.1120898253232,149.6498830011996,149.9567092190731
2185,155.8822534699989,149.7671684417102,140.1588989932896
2186,147.6100384482664,155.0954700877337,160.236958289219
2187,159.1316829232109,155.9776354627695,148.650871960352
2188,143.5606245288306,158.4177434416561,161.381556168904
2189,144.2335376854784,150.0541151274764,151.5320049930401
2190,150.3460883295029,147.9074728402906,153.2614957989748
2191,149.8786754693399,149.177317033206,135.9092080904223
2192,155.5973746552201,153.1011936978562,169.477837355709
2193,140.5880029281808,151.6819254883565,162.9096673352735
2194,136.1373086002901,153.6598252727956,157.0419233024104
2195,136.2930478201212,142.5270867020717,154.0106733268399
2196,133.924928522304,154.3477595396903,155.0183461769966
2197,136.5232415548164,142.7579161799124,134.6450306344054
2198,152.7739128110572,138.3049345490953,163.089579645305
2199,143.0649683243664,135.4067114717827,140.888773399974
2200,163.0476082378798,156.351059321871,137.3771879770773
2201,153.7792942791963,166.5885335241005,150.3421889181542
2202,136.7091552883108,150.2046558846986,157.3122280030575
2203,144.1350490542596,150.453482921694,138.8471787525256
2204,148.3769585160834,137.2517793750545,141.5586379976946
2205,140.4522145674113,150.8880888948393,144.7130679648254
2206,131.2641327624654,149.2528621186855,145.359503107813
2207,147.6503928925372,132.4004859471597,143.5811816549971
2208,147.839676493275,147.2222278217075,140.5194175820276
2209,133.3982977573325,140.8513135705169,157.2237904102724
2210,168.3744433722709,147.0360757610423,156.5841167400122
2211,143.4262133117601,136.2381234633864,141.8949364222663
2212,139.6571030918665,134.1396114783482,148.3102457939272
2213,148.8252951310785,145.1291384874612,151.5634942661422
2214,162.1495788010555,143.1911302201323,154.1819228412874
2215,158.4339395415794,142.2171369081593,142.4488670731916
2216,155.6231205093916,142.4344847387427,142.4001709237563
2217,141.3623928790047,134.590825636586,168.5069419744674
2218,157.9909163636765,154.011357115089,147.381924523865
2219,161.0657595059319,156.3650580798557,160.5860043136231
2220,146.0438142109504,147.8752931962957,143.3090152911741
2221,135.6651805773446,132.4070889036661,142.2402275681235
2222,144.594008594103,152.5292773632624,145.9509471322311
2223,144.4200957797438,144.6976089408965,150.4285704815822
2224,138.8437547538003,153.9634429413502,148.5230635113648
2225,151.2516186966122,137.3376779207512,146.4474959337983
2226,151.0790048348704,145.4683806284344,152.9589257835434
2227,133.2338925067318,160.7668253929469,144.9532929067801
2228,141.9462253725325,151.9383860776689,166.4634501101866
2229,149.4371590352,142.9422396763536,165.4635625027296
2230,155.3541222006909,154.4672158249787,134.3085124638063
2231,152.461075700543,135.1859779546778,141.429468115056
2232,142.2638113673962,154.8493654261001,153.3716222014743
2233,165.6518910995581,139.2564129941116,150.8492517547686
2234,130.5237887578145,153.2015347515794,140.433402085275
2235,144.7231549421118,150.4205499174988,145.7494106359742
2236,143.8637149141973,145.773132154099,147.5085851198366
2237,153.0541458299442,136.8808595066361,137.718540779857
2238,143.0104715199086,136.9499145796883,156.6018818512607
2239,162.8997772188244,153.6202990006008,148.4522662230417
2240,143.0742749978045,156.6424030957756,145.2274889786482
2241,170.544581335449,139.6467565646871,131.2352732626481
2242,131.8835352218553,151.0810532907823,142.0072316858349
2243,135.8533080004068,134.5989580440022,157.8121806049235
2244,166.1431030830496,157.615831222624,154.48245408393
2245,150.11475221469,153.1956714711974,165.8747683631277
2246,162.0177873473726,162.4621719214356,145.4189269481138
2247,138.1733950763102,161.5567658027893,149.2951894603567
2248,154.0678832744986,147.1509800827256,143.5225257719497
2249,148.6250464562604,151.6441094995903,155.5477141135391
2250,149.3386917802393,151.033452245003,143.6029207992177
2251,141.3386997336678,138.7293337989284,139.9566238854727
2252,149.5037072116372,146.7272054334816,132.3043754404506
2253,153.1854643075962,141.1060162556853,175.9830106954261
2254,157.3966164563526,146.7416247181541,147.3246090045788
2255,156.5849544726662,150.5682427765699,145.4541144456164
2256,143.2715360325516,134.2139075627216,177.7486352129671
2257,148.7456834906404,162.8537314481452,158.1845236494347
2258,141.2830110391231,132.4351415820771,144.4014311934901
2259,151.2593039712166,141.6467656072489,137.0510438890311
2260,142.8913931862194,149.3407476305046,141.6859854608751
2261,140.9521999172456,140.4997489349707,150.5216351545202
2262,127.490566532409,142.1608614154458,166.770432056612
2263,152.7808124896866,140.3796078281914,141.3833198799142
2264,142.3747563054709,146.5220503207354,141.1905005833124
2265,149.6951215287378,146.225228940527,152.0275068730296
2266,133.7435534406751,141.9275950851181,156.2811513412781
2267,148.204893428303,160.0669994076571,152.0463844761588
2268,145.2295804702693,142.5232288153523,135.9842832057747
2269,147.399539972724,143.2198595275135,154.1187481425394
2270,145.467780427792,134.275663004962,147.0467970457017
2271,151.80714744348,140.3654015553552,151.2313914998549
2272,146.8796452713596,144.2757138776597,141.878464672449
2273,142.272296569266,150.9422134351748,143.1993983904388
2274,134.3035751033658,131.9071822330072,147.1018951076173
2275,167.4269842339483,132.9441570563542,138.4590192838477
2276,139.7779263043327,147.8395305613222,153.0239245179503
2277,152.1896346456705,138.7271738481521,151.7275123110136
2278,144.2459098657419,151.2728433057244,145.5461171895956
2279,153.8190352621087,140.4617185489196,147.5718734260916
2280,136.0227449069453,139.4009254263825,144.9953862197123
2281,151.0504965416376,148.571136279582,151.1640239126906
2282,149.0148865175562,141.0518133624022,145.9522334260153
2283,155.0400887306807,156.5454977551476,162.6149757039774
2284,149.0751294548575,139.3216112984562,138.1467828010375
2285,129.7542576285331,134.4007867955463,149.9679028511588
2286,159.0419741030074,167.3933198139635,140.2667984796913
2287,142.7454803979126,155.5726925113941,138.1203909310114
2288,147.9311501262601,159.4088566765347,157.959116417322
2289,161.3173907422135,139.2570642910802,143.531344966783
2290,147.5080612425789,132.3347276996928,162.7245472769464
2291,131.7668938528746,150.9935333983081,150.0815512571458
2292,143.9105014508162,144.8842764919036,156.3282858271042
2293,158.9859780232855,149.8755894591526,159.5384456900658
2294,145.0880582553985,172.1239202807097,146.0241489334036
2295,140.6490885329351,145.7765173371678,145.6139785912419
2296,140.6175288806612,156.7915622353378,160.2036758474626
2297,136.9037366743957,142.3576698431013,143.8865089874785
2298,141.5543977008216,141.0380314517073,164.3494237997191
2299,148.6873656089626,158.8299514535726,126.6848505270281
2300,161.4072256825077,150.1141383807716,148.2585476778309
2301,156.1745950012187,154.6773014779737,137.5982003295407
2302,148.6330968733731,142.7565742757855,137.8568455012968
2303,138.7126980078434,164.5925449970167,145.5874859313334
2304,146.2392247506864,149.3874177199976,150.1578844186641
2305,147.9811334256139,146.7922612258273,152.4744252274251
2306,136.79333320104,143.6827680944148,137.5100591961545
2307,166.3147089164985,151.8187147897173,158.6982956625914
2308,135.1194666061119,148.667218442008,156.1634233269732
2309,156.4017023762389,139.0260939054856,159.2166272408188
2310,146.8072111867196,154.692422860486,138.7432393406467
2311,141.7729843629673,143.2844066342539,155.5480726167377
2312,148.3742610100347,174.206789424123,158.2277522338029
2313,144.0222164298189,146.4796467608696,134.4338361305465
2314,135.779007053826,148.7865914225299,135.1038433521351
2315,140.9636246634171,143.154347792449,147.9453609290384
2316,145.1564257680706,151.0735127957818,151.4973323286872
2317,153.7050335250851,146.2469689112251,142.8894165091115
2318,164.3379812951717,128.8564286257559,150.3023557612509
2319,136.9912623918246,137.1622724537259,152.0399317513298
2320,147.5967752147473,149.9588542930607,155.8020724377234
2321,158.5098921525284,158.2683562446433,148.0801832037704
2322,156.3071599755369,166.0763404949833,142.2503332544738
2323,141.0213025848099,127.6648239711481,133.4439322932185
2324,163.2945954406452,162.4650247484316,143.2215257374798
2325,150.5925400970035,143.9203056106427,156.4421831709331
2326,130.6080241756908,151.9236760317303,143.3669890430766
2327,149.7277780220555,137.1370377957612,150.3330137241149
2328,144.9115055750719,146.3709139302809,139.4829182185181
2329,150.7651576019511,141.2359596073508,141.8101973851967
2330,157.4138329212945,149.0770591693095,145.1665624428301
2331,146.230157976555,137.175894939857,144.179297274199
2332,156.1744644422639,140.1399642191474,143.3112640048934
2333,149.6004422945752,143.3582744293604,137.4587820974852
2334,135.4376785334371,138.0054701511113,128.708184527105
2335,155.3448081843759,137.4731732559462,145.8812689430516
2336,142.5346426148416,150.2437605663655,155.0764535279835
2337,138.477655667985,148.7586973946296,149.6340472217037
2338,147.5334349923635,146.3029017433618,151.9267293939876
2339,138.8645882779079,137.8431751976458,154.2588657434885
2340,143.2718622757625,156.7909840193047,152.413115803775
2341,159.1454250189937,150.9102214918884,146.560978991307
2342,132.2487825792747,132.4448080258289,148.8196982461525
2343,140.2340090572525,135.4936656071169,132.1020881174926
2344,141.0577342359589,144.0911929323194,140.5777943518658
2345,155.4594979853353,149.9738570605977,143.1243321276012
2346,155.4432376871028,145.8745474885488,153.7843572747817
2347,146.8785323427609,145.8582787318867,152.4781473967857
2348,147.7553407999246,156.3809849420607,144.1328984421424
2349,142.0915316658117,155.8485559656174,141.9519511509363
2350,150.4202323412503,152.4637206776763,152.9559182040002
2351,150.8216581090326,155.0048669734315,147.3507443703797
2352,157.4336827306046,134.7520199994458,136.5403888394429
2353,147.8111712043796,139.9891194641117,164.0295399448481
2354,134.2831053871419,143.6409119438834,151.6065927377025
2355,144.9097510432377,142.3869122400563,149.3717978201351
2356,145.9765425346875,150.4796307289957,169.9825085427047
2357,162.5680855428239,147.5333053956793,139.8213296565378
2358,145.6039489372238,150.8570636137895,139.0657441888586
2359,145.8090092405805,158.8027344770325,154.2985268170225
2360,146.6028335114411,156.50406933962,132.4185245598615
2361,171.7378368985631,137.7594131058193,146.3390450311086
2362,156.0371022358517,136.2656738841281,129.8638989354882
2363,148.9108814908933,149.1885750589609,144.6892632200586
2364,137.3705539293461,146.6241092427159,152.0381799684884
2365,144.8243953725029,126.7685410004095,144.1167958094158
2366,149.3941337713598,140.2635922731094,143.9647288113892
2367,155.7099505294157,132.7204157367756,144.6368304028689
2368,146.1753791288823,138.1887075433742,142.6174872232152
2369,146.4751338567048,148.3689209176328,135.8450356699605
2370,154.2722153485529,143.5136476389805,145.5148633778425
2371,145.5498321631129,140.9477511948933,153.9464188675672
2372,152.9815102257834,141.8214234803201,169.1008084234828
2373,138.6876433483633,154.2886925623786,143.3127763753862
2374,152.3331895339999,154.6774265003612,144.2491695822655
2375,147.2970837979774,145.0038681337654,149.9233481358383
2376,139.7043460095527,146.1509254829247,143.6443394630639
2377,147.3064329475928,141.9635913110708,163.1829379958911
2378,132.3033370794745,137.5461382190319,139.7475775600426
2379,150.7226386773527,139.9761138895537,143.4960001508376
2380,143.9828130449723,156.9937089715489,166.3468779174803
2381,134.7075256668624,155.2378017680525,150.2549068344852
2382,142.7429792632495,155.0489696713062,156.5369409069745
2383,157.1397835402043,134.8329434440252,146.3874841127505
2384,146.9698183515424,155.7861203400433,137.3897398441038
2385,150.996828320147,151.5266186426726,146.0459122148785
2386,139.7539344254794,143.2199122087512,147.7160606009279
2387,154.7219425239246,125.8203976872461,147.2759210441491
2388,127.4180158812842,148.9107698697902,144.6458969926404
2389,154.1834405273927,146.0948145078844,154.1887612012914
2390,133.7656330855324,140.9440467026996,152.6072707804434
2391,150.5003782302604,170.5357497711514,159.7041562012422
2392,143.0537116453883,140.081505368311,151.5514402668066
2393,149.0632521717291,144.6313467178893,135.3862320294449
2394,159.5244335670454,136.0131835272556,152.1307947183428
2395,154.7130991425695,141.6903078488277,148.5799674174061
2396,146.1763922744947,142.5090076498274,150.1108191045171
2397,164.0144889863952,148.4355628449302,147.7243417911095
2398,129.4546595789145,148.4128461288697,142.1296679303119
2399,163.4691925994018,150.4383157871152,141.4597111918129
2400,156.760612504369,154.5486862038703,152.2418944679626
2401,154.529930323269,153.2926734067874,157.5168903683002
2402,152.7068547886239,150.6599128130064,142.0048830891208
2403,147.7198293079151,149.7219340033938,145.6872073501956
2404,142.2438617654828,143.4856955799187,155.5384324326322
2405,147.9564459342456,152.7228241375601,136.6960944391666
2406,146.5486373076158,152.3149969934513,147.7532860190018
2407,143.3980821086056,144.7835418431628,137.9654435538528
2408,155.3602726493729,146.4450953223506,155.4385020954354
2409,131.6359253767251,153.3199243035978,151.9558066444027
2410,159.3334277840177,165.0840552412805,136.3766306374432
2411,139.2007961656232,135.1127962785757,144.6930466649202
2412,148.0976759527801,138.0143278950132,150.8515817598219
2413,147.2173887619705,138.8272532476371,132.2037737809549
2414,167.898903638889,148.7155524071224,144.539426545399
2415,162.1684233523269,143.407592606483,148.5080806009496
2416,139.3901890229287,133.1483817641962,152.7543425120808
2417,133.2953741864986,149.7821484817684,130.0119390663998
2418,137.7564277271424,146.3001227598306,154.1676189959564
2419,147.0082948857515,141.3136030672202,149.4763501239098
2420,133.9961084452605,139.6808415942364,156.2770627292364
2421,149.2027227143609,138.6597147518737,158.2394506414607
2422,121.3271529038465,139.1783640067929,148.0978978934901
2423,135.4365065674442,145.0326322207884,142.0006742830327
2424,157.4197871223276,137.4281842338103,149.0785729791592
2425,148.9719369653657,170.7040952750274,135.9865024376979
2426,146.0140891884355,143.9208706946378,136.3920328572292
2427,133.2474167166264,155.4360651366003,149.8063858499776
2428,144.6899475609704,147.8993418289878,154.6352572956645
2429,150.4779167499917,134.7744537691393,154.0080606745116
2430,169.4286614288208,162.6037141041032,141.0674942927251
2431,152.9349004192631,157.9271501599135,140.6399668646675
2432,133.7868552376758,131.9274713857456,162.3416685085119
2433,142.3439423394072,142.7590933978871,139.4994723588985
2434,158.2004684421945,150.8706818374865,147.5420732678969
2435,150.0172932385832,175.8541070208383,158.2907054726512
2436,155.1379237585616,155.8359137509151,146.3815784651619
2437,138.1688687708875,137.8265473566996,146.7265436287227
2438,142.0730048167952,124.8693231695871,155.3926146811672
2439,149.5214490773071,169.8716914554114,151.4478118710132
2440,140.4687748982142,143.4248303802133,138.8190706447885
2441,147.3847168012995,163.4742621245251,150.3958573524625
2442,156.9293262276646,155.7382412710555,143.7528099272439
2443,148.672951373749,144.0094547906382,156.9132410782261
2444,150.2321676366291,151.7807310397095,156.4434997300141
2445,135.9059728690525,149.2726621924438,127.3687857841306
2446,141.2038779189286,153.7394956091186,143.8113968465288
2447,147.8985028039731,171.3858776707703,149.7866998791282
2448,145.743242980408,144.0653712052982,157.629752462045
2449,141.0500088061113,157.4910897930822,135.0219031385741
2450,150.7481728782394,153.9429787625799,135.2611164300442
2451,139.2402405450867,145.1331981329326,143.7610553644266
2452,128.908210982127,164.5227786044078,146.6130191109292
2453,162.2525017298929,139.4743485361525,143.4372396285756
2454,154.6446986508005,147.6651390817332,147.5577518208146
2455,148.7645533605029,152.9114830632925,152.2083320003355
2456,166.6307978920611,154.5802667456142,147.986811855193
2457,142.8835941170918,150.6913567636825,148.6004848979281
2458,149.8122295699098,141.198933426371,143.2472373100263
2459,157.6594817866822,147.5985017935351,154.0464101951351
2460,149.7138389444365,145.2991874951118,140.0119216666331
2461,145.6970430665058,143.9962868127473,140.7861129045604
2462,158.1160522706713,150.2180713507842,148.394445493154
2463,154.0369450838279,152.3230265571107,134.4477240319515
2464,139.9212335775285,133.5449549593317,156.3616397191405
2465,133.7006623377499,133.5696058835331,155.6495399278446
2466,160.8198031297535,153.3320852359029,138.8942617631531
2467,143.5616174518873,138.0073865731022,150.4351453962545
2468,175.6116723405604,157.9758744115659,143.8141054845985
2469,150.4291776331248,143.0337393777936,140.2372073581262
2470,144.2299304386853,156.4146706736577,134.6648219355295
2471,148.4665632766357,140.3880038853283,149.8432768946862
2472,147.7834494782603,138.7943895280061,135.9384450120578
2473,169.9822037123519,141.4846408352639,143.6419669885255
2474,140.1582649551941,144.0794434435275,149.529241317872
2475,164.3045358316843,145.3235058157798,136.9493867547881
2476,151.7475307815499,147.6342515749484,141.3726385804954
2477,144.1835115958487,153.5891413914424,157.7442121521408
2478,131.8445796932685,151.0567243788117,145.5436395303703
2479,156.7092476809522,159.1702217082812,140.6949569356293
2480,133.3948078631606,154.2929249530724,134.4311903052046
2481,141.9954994135221,148.0927324643993,157.5387847941458
2482,148.104093121122,160.7217621820988,143.6077670885165
2483,142.3966860679006,155.4616668173138,151.9310321639899
2484,155.8129197523482,157.7904561904111,146.5718851690232
2485,141.5491055946723,159.02230584613,139.4554245142724
2486,143.2391809061683,149.9043179350267,146.8529561642552
2487,160.5450158926286,141.4258938349959,149.875253939105
2488,148.0475378916626,141.8342359791532,139.4321958240565
2489,146.8852913444368,142.5743293505133,145.9662546666782
2490,141.0474516000357,149.7610928396001,154.5181107342916
2491,165.0306676402402,143.1028079464068,140.8852662189636
2492,164.4001150958981,156.7953799293898,161.0298308130261
2493,144.1509467672619,138.032440777445,138.6958195708787
2494,152.4770982475815,141.7461787738391,154.2628021671474
2495,156.571044170544,161.0687287890779,150.9498903222966
2496,149.7775325871638,153.9221667072045,140.5247460408419
2497,141.1084301874492,146.8539717747651,156.2636174227993
2498,152.1539719948238,140.0250482501458,144.151935695151
2499,143.7337016015047,142.0865391915547,157.7705296101174
2500,137.7815736271684,152.7860017138792,146.5259627934636
2501,145.720638605729,153.6574404668196,141.1368673952243
2502,151.0755324779581,165.6208517752515,152.3615862842316
2503,145.9421775148615,141.465961501842,148.4635821653988
2504,142.3780805108473,135.1944837835319,153.9875503650935
2505,157.6858320485015,138.0777158896339,142.2099460823417
2506,158.1959944546887,129.7402277951257,148.3058597107411
2507,131.545628935109,154.5263036386198,160.4957215818515
2508,144.3567359892002,144.8069032908728,148.2813523906988
2509,134.7312567938773,153.8512337780812,150.2465330444784
2510,146.6478188033996,144.4568820850135,140.3144807593915
2511,155.1084832928601,149.9323530954136,149.1682214089754
2512,140.3551877026416,142.6291605152697,147.3111441126447
2513,164.5473333738642,152.4039085565492,138.7164309747062
2514,131.6715566231481,142.8755973132238,144.0652888082039
2515,151.0208623142847,154.7987435702609,145.6755271912585
2516,138.7664385938729,136.9337292281087,169.4573594179421
2517,154.3732646678489,152.0060257684219,137.9373273688291
2518,145.5691140302782,157.88553270619,147.9840308508792
2519,147.1199029796363,153.0722903536544,150.2467335690529
2520,148.7684116513955,138.126615465231,153.8247319238331
2521,136.6959251049119,138.5449894176054,149.3826633526337
2522,147.5507232701226,143.6306392339792,142.4133743756429
2523,154.2581304861866,154.8552286975392,146.4807395307929
2524,132.5833251072798,142.8370975683289,144.7038340125828
2525,160.3172588982133,141.9202058029871,150.3082108588864
2526,136.2117938345019,134.7122247649748,155.3046603833315
2527,158.6636969536891,161.9300349817397,154.1506184462004
2528,138.5453800270527,150.5210638404402,145.4918586905291
2529,143.4486588125568,130.6183122647936,152.7386257770075
2530,140.5040743854205,151.3143016593915,138.3851109041101
2531,142.6172905468829,150.3140111604337,144.8499858031471
2532,164.7996666104063,152.1255913801785,143.182879325999
2533,152.9223498234126,149.6782845266637,149.4665971796258
2534,132.8963674221587,146.0443488329751,138.0868593090615
2535,134.282058437014,142.5242503476858,149.3404177343615
2536,136.3627891492035,153.4755068594607,154.2006011347922
2537,164.9693521636682,166.4869433265036,129.3772921910825
2538,152.0696833408517,156.6301298017077,156.7121909304955
2539,148.5864007273796,141.4529930085811,139.5645201860539
2540,139.0043180768722,164.0208390207405,146.376601856308
2541,136.1491728307615,148.9206017804279,151.7729793058709
2542,131.827941668268,152.2466980710911,143.6952450770241
2543,136.3131555100867,142.6833467721707,142.2033837060282
2544,132.2921754161413,138.5829777387338,140.018346685809
2545,153.3306825157518,148.1527938471096,149.6201876279994
2546,141.3160814849296,136.2888849290791,153.2790525285713
2547,156.5067011546476,143.2103880249368,139.9991388832041
2548,161.6995181088519,145.449797569976,145.9307474125919
2549,145.3114668445012,155.2079548496301,159.5499934890842
2550,150.0829896603322,156.0481582232377,140.7050101379703
2551,144.6916820616505,146.7498730878499,160.4198024379568
2552,141.1782569955225,138.3585196107989,142.563330981853
2553,159.5524913962016,152.0549447620886,170.2734219509108
2554,147.5827794831086,154.3694536533172,143.6437005276153
2555,154.8805720324928,138.543893940563,143.0478064982218
2556,139.0594941896976,157.3539546161342,144.7511707761136
2557,143.4016876709502,140.9229194278922,147.3629754631771
2558,137.0189156566002,139.9422541096612,152.979537390046
2559,159.8252776897441,148.6181461243383,139.6298198693408
2560,164.1031526965064,148.5876356395144,137.8077029916313
2561,162.0606192147435,155.8887572525124,142.0294191516184
2562,143.0146953630251,148.8723856715987,154.8064945966679
2563,131.3240732832035,154.2038594524993,154.5078747457296
2564,153.1755070602489,147.3136782419384,144.9997664970912
2565,160.0648290376327,146.6887423424673,156.6234075735786
2566,139.3132968550221,139.2196021997089,140.0721883713748
2567,151.9180849967998,152.8012637490342,156.7998513788843
2568,142.2992545755294,147.6291556913845,154.4876131297484
2569,166.2832623086763,142.4895071980513,140.2867872138056
2570,150.8371435866937,167.8944746350991,155.298130713339
2571,159.6911056153397,144.3575406520592,165.4225372232135
2572,144.1487056567233,141.590045032823,136.5073767401151
2573,146.6679445402425,147.0336648165073,146.1173851487227
2574,150.7612255451681,149.3964635553539,150.0240304249494
2575,139.8680827273173,140.1014494222448,146.1869410910877
2576,169.6144383115586,141.0302446154375,140.5863614530759
2577,140.4870915171771,141.7883882867953,153.8354081439809
2578,151.5643756396213,147.037815086356,155.8469608573614
2579,142.7824025726921,147.9922193111216,145.9387695078504
2580,149.1323117296365,147.3004412960877,141.1363823568086
2581,147.3379952644554,146.1155167784302,138.7887035430658
2582,151.9238708695774,143.2320239617603,146.8585770564291
2583,155.2261850750243,157.0637474260388,145.7411362463371
2584,140.3535549038797,143.2517450974819,143.7204257837872
2585,141.3708265144454,142.5398339261219,142.0548736096115
2586,150.1368002343992,149.9729293919488,136.0235903431725
2587,150.6496800206025,153.4670133264985,134.7699274433104
2588,151.26657450808,143.8492131616744,150.4654291406109
2589,143.6030986695831,153.7645273591806,139.6653699824569
2590,148.4130274399503,157.6091496676925,156.5620545222266
2591,133.0602983885927,139.1404761820037,159.3652672656831
2592,157.6042990244423,145.7302948253795,140.954119473502
2593,149.5585990308495,158.7951027373521,146.5245337545803
2594,154.7284037655963,142.9728500898594,151.9761221455591
2595,136.7794988123058,145.412174237573,137.0899436953827
2596,162.494606728469,137.2117631597755,154.167552518511
2597,158.6437395380939,136.8396746743323,125.9176598316785
2598,146.8908441180265,170.1338452182802,136.918350960918
2599,146.8662159173384,150.1561045735033,143.6875331324673
2600,141.8362804399983,164.4651609828088,155.8862278525299
2601,141.8612021981757,156.5431591611909,144.4295737656036
2602,144.4446747022672,147.1069343200013,144.2339343154711
2603,160.6247355684782,149.9254062585923,158.7710388074356
2604,154.4104277710905,139.4992342076387,145.2462018824136
2605,138.8326181892496,150.6360922727876,140.8090193367578
2606,146.53501904013,142.5712037262194,131.6706882557891
2607,159.6320274137764,142.2307950780229,137.9718152413503
2608,153.0604023006526,148.0969815364833,151.7927219593301
2609,144.2811128082419,147.8936345729793,155.5157172082902
2610,164.6248987197412,148.9107521488912,152.3634730555448
2611,130.2237977661954,139.4261599423148,144.825691387653
2612,165.0043987913828,143.3127239578154,134.7889457919255
2613,142.4788221285048,131.5210172500038,138.5141240679569
2614,134.8200621490584,163.9907974162711,157.530660571595
2615,139.0263967611471,138.063360535472,133.2494160644678
2616,141.0400637300933,151.5947481581726,149.3714935422452
2617,135.8890859810428,151.007471648621,131.5030808243399
2618,145.4366881099071,131.5066009997036,142.8396809167774
2619,168.4865676728075,154.8336650426539,147.2766394801766
2620,157.0334807492377,153.5092545400978,147.6399080453269
2621,148.7301017941395,149.6717611582103,140.4078785482733
2622,140.7949789463079,138.3015842787305,153.7932892554001
2623,139.9675446793762,136.9055043898607,150.6578712441902
2624,155.1278356581898,156.7743758548002,161.6092434769974
2625,150.7137780756615,146.2208457268056,147.2340249023287
2626,143.9956687623734,146.2888728846119,142.9058123144294
2627,153.2354548184929,157.4105868926431,143.6994180913238
2628,144.4985944634218,134.1865840395793,154.9425875534088
2629,151.8283804379786,140.2375217499331,151.4760501402232
2630,137.6908929822345,159.3911957323715,143.0352718990024
2631,148.3369725041287,165.8197708862412,148.2326812795213
2632,143.9486269770735,142.7237349408192,152.7096348445104
2633,148.4886339763162,146.989042970525,148.66183533697
2634,159.1558212208847,153.8914781182403,134.7250897415311
2635,137.3052577549871,143.1218426866274,145.5795584445139
2636,155.2899052157954,147.7335311668543,149.5910185495651
2637,132.1987957861974,145.6690615204809,150.0571673575724
2638,134.4266019331774,140.9970208783485,143.8078530041976
2639,150.2687799213633,140.6561093598172,145.3323922873862
2640,139.0942995515543,146.3317315292475,150.9251559677787
2641,151.7240742273347,137.1440489373794,142.5667036405868
2642,160.0064065851598,154.6651619317726,132.8576005274524
2643,157.9763665083544,146.8694270261246,140.767252573207
2644,145.3280894611671,145.6330400001344,160.2286224549433
2645,142.159286666655,159.1080104939956,144.914512383243
2646,142.9143701930283,139.363732918978,147.0207585778051
2647,149.4708539268817,150.3175408165927,150.7959223787505
2648,131.4439668177417,146.5995529095464,136.0755645325029
2649,146.7426220804618,147.7076092540622,148.7281573437292
2650,149.3347240029611,132.4796182677875,154.8873734909377
2651,152.1390826509684,162.789769417744,137.3218260635479
2652,162.0943264251999,159.2887933693965,155.2990703705568
2653,153.4939322191921,140.7566485062777,140.9762426121619
2654,140.658818468589,144.1391086416981,144.7915028772434
2655,156.3838004333363,152.0898993471208,147.6871367929321
2656,158.2593704923335,162.0297021650468,152.9752881797048
2657,165.3413846239681,134.4594255778308,154.3461241843172
2658,164.4946247894292,167.2435194043393,157.4300416186959
2659,140.7462964997597,150.8721172277386,140.6344031123905
2660,155.11603065248,163.2870238503949,136.422792911241
2661,143.5415392541985,146.2338235344101,143.2539171234644
2662,152.5583220406884,150.506294141049,150.3855268304419
2663,153.2541897495274,144.5952013341321,139.6147731002123
2664,142.8513417419168,147.8516734414894,141.464181085937
2665,145.4326022656068,136.2792029017168,144.9775111433771
2666,137.9042948240943,150.5113830012153,162.9301011130365
2667,140.7905209234396,140.5430319388932,141.1235214735637
2668,153.7713982685772,147.5618103033334,152.5162023233874
2669,164.1873158843796,149.4507196095495,160.4955966798888
2670,158.8264834665652,141.4378583926059,139.8254419125909
2671,146.7084061228545,149.0411236254338,143.4294063841469
2672,164.2269642925582,140.3250696779278,138.27244672117
2673,155.0075883685196,144.7734310484409,138.0994574140193
2674,155.9204045638752,150.6921806571826,143.4912187426233
2675,135.9860268379332,147.9366414772373,140.5827046294878
2676,158.1934503286986,164.4456603784299,164.4792125825827
2677,141.002263583511,145.6030759862738,138.906100536447
2678,147.9469597988216,139.099731312366,145.6054080097698
2679,134.6621904310033,148.6209881902992,166.7135455872785
2680,152.3131678056588,142.4883036209673,136.9482829830989
2681,157.0923497430928,176.2769125473199,152.5114981202809
2682,155.6801358643633,144.0454833854061,143.4929648003169
2683,134.8569767767579,163.2067527681951,142.7406215430962
2684,158.4220568947731,146.433711440886,147.945217617989
2685,157.8855173286809,168.0702612471136,160.4498152332138
2686,159.1819577399985,152.1339400915336,165.3168811250149
2687,146.3516217393707,147.2847281380357,141.4063105669544
2688,148.3636282136388,141.6387182444045,163.6577449249157
2689,157.2347827730224,133.4551414094124,147.0250206780368
2690,161.0216673130168,159.1392198201486,146.4621874263442
2691,142.3610483567568,153.3463481409446,150.1059531304527
2692,131.7068137625061,166.8408041016064,153.8957083301811
2693,146.3754347386379,150.1122243623258,138.8816456426011
2694,150.6136191394948,149.0045437415836,141.9096531808664
2695,154.9278432989015,162.2460608314151,146.0197699122612
2696,145.8500190030706,165.1748469644327,152.8960311995836
2697,157.6650673936688,144.045407090969,157.939815705378
2698,147.1231678048038,160.7010682171575,150.4858465181079
2699,162.6704004456223,168.3917956212502,152.3736585741556
2700,152.6913986567826,134.258575253933,142.3810540557913
2701,144.4090310530279,144.0932404021585,146.2463426287381
2702,152.227667969618,169.9899800769051,138.5750000415033
2703,151.3884272316856,158.8929777996012,147.4497513502274
2704,151.6548360772651,158.3173771386339,131.8733472899261
2705,139.3337648891749,155.1060434457324,137.2476258506929
2706,145.1968234590718,139.4157807374041,143.2686798088391
2707,149.962726394777,133.9338928741503,150.45282164649
2708,142.2284460130788,146.2822865799719,149.5969913689152
2709,140.1915651533308,139.621913330583,161.5187300771911
2710,132.5679672054041,130.4423904480783,135.185969807089
2711,130.829912256905,155.1932880698473,153.6312735740184
2712,151.1113895208543,131.0992211186202,163.289656027918
2713,147.2224034376691,146.4119740371697,129.1690460591539
2714,166.6381352456619,156.1103260351182,136.1390376999444
2715,150.4430465040824,139.7941697948427,144.2389954607478
2716,160.195894756399,138.2758094963405,152.2366890754753
2717,154.1405323009375,148.221505741213,142.2031788159478
2718,145.4823233451652,152.0848062287741,163.7685799260839
2719,163.7247995892862,151.4972894997924,160.1639190915705
2720,143.2068757701955,153.4145643905274,148.2464918866097
2721,148.7817671819389,143.6290630242346,146.0658892181858
2722,149.7739003727097,146.2769646982489,132.4499111039752
2723,129.1943367541009,144.1148513876918,140.6737313292225
2724,139.5069777981405,152.792326709142,146.2314676294143
2725,133.2751478606717,133.9574371904579,142.3832459549808
2726,146.6146711446199,139.0048246253405,146.6521313685103
2727,138.4013048553577,147.2764844676868,151.6811799548398
2728,147.4323665510712,144.6003821716235,145.9950322953344
2729,153.3366140782231,139.8115345921009,139.8024970101046
2730,137.6914553419535,145.8239439374794,138.8467340917408
2731,151.8169764710527,154.0607696533713,157.2406785237149
2732,140.3058433719831,141.1246158218247,146.9055343744729
2733,146.1802526885766,146.2784794928329,150.0578266938711
2734,149.3069371457169,147.3385935749528,139.3305255635541
2735,150.8555758720159,147.4308284967674,147.3900004074387
2736,147.3715517295851,134.6031913850123,148.790137640627
2737,161.9207410407323,156.9659446533163,164.5752880273754
2738,147.7701830392385,148.6339728070441,151.7613176772623
2739,163.1874792198536,137.4105073315338,134.8344046704018
2740,157.5209231266339,143.6845832394337,147.1893647921781
2741,148.5181696453013,149.2465487602703,168.5272178862882
2742,151.6684963558979,141.0245638418419,156.031065984386
2743,163.9312706273729,160.6793467182074,158.0069891108431
2744,137.4820900795448,142.4635946020385,137.5143133290967
2745,152.2418060296401,139.4208002564124,141.70756128786
2746,146.8867907337816,140.607063911389,139.2804086453897
2747,157.9835221936998,152.4582835604178,147.805836552192
2748,139.4794971439958,153.790309129926,144.3707506087733
2749,158.1060279795337,141.5316204524567,163.2567053198767
2750,136.8096422729469,147.7808861912607,143.8342058093084
2751,147.2097024323025,159.7145897749249,143.2381098635619
2752,138.8986580650451,151.0408553221471,156.334660457122
2753,146.501430068027,155.9862975327525,150.0981687473747
2754,156.7173350606686,130.6263469832984,147.7882763473414
2755,154.6971010713786,163.1716040160117,135.8950311334827
2756,135.6027742139587,151.0739816149675,153.0438287561523
2757,148.4550706987631,150.3799306010937,135.0928165112466
2758,156.6133418647786,159.621141598604,141.6205740382583
2759,157.4728285654615,159.2199184793153,145.7063944836196
2760,154.6456390802959,154.6614384779446,138.7114520953454
2761,159.6463200204113,146.8532960697264,139.8811405899142
2762,155.2566644283265,159.1641355270629,135.1179072447745
2763,150.8178925560104,138.4076488955619,151.1155701663042
2764,152.5939989927719,136.2040535044255,152.5262908178478
2765,148.6806621468068,166.4656284854424,136.381816518903
2766,138.7539672063578,139.4700007196582,136.2528530490404
2767,160.2000770459615,152.2387101826363,156.4869960612671
2768,138.8211306991238,169.3547922463786,169.0717427160308
2769,141.0182804851518,158.5435071702224,152.9360308664537
2770,162.8293571960373,152.538759066629,149.1341973679229
2771,142.793662693318,149.4459499121436,149.9473778164024
2772,142.82545611298,162.5538965068196,160.7516876025365
2773,137.4180123316443,168.1051942462825,154.6860604680491
2774,151.6258451057145,145.6812198158023,160.1308584751179
2775,151.0992058508239,159.3325669329273,141.8530660847537
2776,135.1377218447604,148.5236899045148,153.4543102917011
2777,145.0350996605758,157.1771766696447,142.4217363167869
2778,155.5089924525334,149.0308522932589,145.3329407645545
2779,160.121309438884,149.9122038085068,148.9080976162227
2780,139.7162850237779,154.3723298652187,147.2678976926044
2781,150.4364522160132,159.9865845057546,141.8462671097211
2782,155.0044173075057,143.5310639506459,155.3233187743021
2783,140.1968136117307,163.0413370117484,159.4665392573902
2784,155.0174822905154,148.6320697257195,150.9492984875613
2785,135.2856557906991,141.5086422130559,137.8278086040411
2786,141.5219563247072,143.4496837273036,154.0438064086202
2787,153.5040038931693,161.1791151303682,150.7762447381224
2788,138.1543907095533,148.806709115028,147.4957949289799
2789,149.1912996975886,144.9207221243859,153.3195753570347
2790,154.1306702965037,164.3277976809049,134.9093088901222
2791,151.11717206294,145.3836591229143,149.8396578539154
2792,152.42464584014,138.3661893809269,157.0726558867486
2793,154.1543323294341,148.4160008590919,135.1127777141696
2794,170.9448324525023,146.1615802867847,139.3569331676339
2795,153.502861910482,146.0843499228936,137.9635011955013
2796,152.5916528624396,136.7581556632903,158.7990068385213
2797,146.8218990340149,146.1257120067708,145.0239528545308
2798,146.7752217366825,152.582586277435,124.7292426605067
2799,129.8206638427175,119.9630436367364,145.0165140056012
2800,158.9882847972125,129.2895394898428,139.240508716014
2801,140.7425765465005,159.8171297834022,142.9071948345416
2802,158.0400369024366,137.179631883734,156.0406611297717
2803,137.0136459609293,135.7242160574908,160.4571488005461
2804,142.4347374136534,146.5856555139512,148.5920711731668
2805,160.7354700151322,149.265224821255,146.9615817464623
2806,138.8217991862962,146.8610016709174,145.059502149849
2807,174.8486930381825,147.4052561101827,133.6582138820207
2808,140.676301630875,147.5300463083576,148.0764889776185
2809,144.1110257793457,145.2935856767592,159.4799632600983
2810,147.9490241134608,143.483424243929,146.3756660469869
2811,142.8969938983459,141.0749472983642,165.1143840450146
2812,137.00889816517,150.4136198796732,149.3383923729178
2813,160.60368204289,158.9841732594088,149.9491481821698
2814,146.9137331172792,138.7546497426512,146.5170137766596
2815,168.6860528396113,144.9091655027521,148.97483695704
2816,142.3367517468822,145.0377360332283,141.5906743469866
2817,155.7066256100923,150.9518755894481,146.4736955117619
2818,143.8575344136398,141.1602849453569,153.4435087480033
2819,153.9412867867035,147.4691431916897,149.0186234166717
2820,144.964390211099,160.3680532070115,142.5708180860853
2821,164.9549699458032,146.1853684991842,142.5146083106211
2822,163.3891128017124,147.0209073882896,150.2164834562924
2823,156.6788750435079,143.3698382731608,145.8044999147526
2824,151.7463145008334,146.8254876922207,149.8943839019767
2825,158.8463037084148,151.1939949922143,135.5996130310866
2826,150.7599403806085,144.3030809052046,140.5849890436612
2827,154.0059416576766,143.2290905973341,141.257052052532
2828,133.647091620465,136.1072229619814,134.295702308424
2829,152.4651935329098,157.9128561635491,151.3008513047327
2830,155.1917097265005,154.2516783160141,149.3393280014106
2831,150.2465368286377,150.4414484493559,149.3273889193694
2832,146.3154905093079,162.1962744912069,139.1534843253305
2833,167.6096220119542,149.3776661808092,146.1158485082777
2834,131.2473428764285,129.6027464810321,167.1486106356569
2835,148.4592197104536,142.2250434426096,150.4824093911663
2836,161.4706981300912,139.9909729306167,165.4347326003088
2837,148.3172603145796,173.4984799542551,150.2945032846693
2838,143.2198362115171,152.0555537627468,152.3286244307836
2839,144.7348167093476,151.2024718250022,144.0338437525611
2840,138.7265172469116,157.0802688829627,143.1154323899127
2841,152.8951196221483,146.9412871345227,142.8756643054385
2842,150.0067249881763,150.1244848042136,157.4008219583272
2843,148.9111733933556,143.2510765800161,145.4160055756865
2844,152.9225793560795,143.4719049101581,142.2406334810581
2845,148.7979968448336,145.1517397792816,141.6520968838032
2846,139.0613359837375,145.7506950091357,156.3514628818487
2847,140.5357353232103,136.3360832401484,144.2197468411743
2848,164.0824524376696,143.1278587313392,138.5645705918172
2849,170.8422856239369,139.2893738768057,146.9335585135273
2850,156.68403595156,142.3910679763059,139.2688733543158
2851,152.8526428917477,145.0062613399168,152.5656031136632
2852,166.0115737101254,159.954094471687,144.0520062589518
2853,153.6889888683538,151.0732412730568,143.1364178093943
2854,132.8420848773222,141.8800201265522,163.1795757971079
2855,129.3124370036618,146.5861014739915,137.105539678686
2856,157.8289516307381,139.200789618594,144.8118529546586
2857,160.5326486915947,151.5525764773019,149.3470096423582
2858,156.5270435207221,169.6790420068827,166.0387969607411
2859,149.4041902882534,167.4465797968129,157.1383924926644
2860,139.6794110829041,143.3968673930069,141.3868644928899
2861,141.2622936582464,141.7484261042465,166.1508411238426
2862,149.4713775246474,149.8993566859241,167.8644035855108
2863,164.0998825911346,143.0242737406989,155.6819474283341
2864,145.9653064420674,145.6502221984212,131.3313650581987
2865,139.9328505938265,148.1600611317893,143.7211082676874
2866,146.6915816833784,134.8296985331816,142.7819564669474
2867,146.1992388790283,136.3429417501844,140.9208108941191
2868,151.3237195633309,138.7018781564487,155.1994648442505
2869,144.6079962710035,145.5735984577317,128.6153307420867
2870,150.979852340548,151.497882285093,147.0965825378636
2871,144.3133777708646,154.4780386656654,148.5243660358955
2872,137.4521401802048,144.5538716545367,173.660214743557
2873,154.5340022747959,166.2573887774008,136.1687033462289
2874,162.2907097983447,141.6866715328462,133.2684748811283
2875,148.5299444656111,156.9495596827798,140.9551542569504
2876,147.8870114129365,133.2580851389183,157.7872635623926
2877,150.3206215964586,151.5847204024737,135.8430900304804
2878,151.740000420656,155.4571595389361,135.3471211205176
2879,150.3479250390832,150.7920143935767,154.4964037441404
2880,151.2645059705482,143.9242312604383,141.5255504287723
2881,139.296108776519,138.935079721096,146.653534884695
2882,155.8116680537587,135.8044004435789,147.5865020896166
2883,140.5324614461452,135.618608460181,158.1209783716032
2884,142.4960802864985,148.8020467226462,157.6322452001043
2885,151.8406934950629,148.2829638835111,151.8973896601837
2886,163.784255766557,143.9099320798213,157.3200184533515
2887,141.6248522125125,151.0653465443546,145.3562067505606
2888,155.4223344952308,155.3257765295028,148.8250891980045
2889,137.4155166196706,146.2334417756758,145.6023822246742
2890,134.9785403782427,147.2889292126998,144.7308789021965
2891,144.0609515147151,153.307845829786,136.7900706781998
2892,159.8564691308904,151.3817419405885,140.5391440501067
2893,143.5661342994276,134.6203169519186,165.4000758559006
2894,148.5507916944681,146.6053343977891,149.1930763712307
2895,140.380021513762,155.6838702302835,142.1512065020489
2896,151.2163516297768,147.8238478766282,156.9986342476696
2897,144.3893523309716,146.2511461556493,150.0626122679907
2898,151.6467341192012,154.0136592661921,144.5206094321277
2899,146.3109627197851,171.9297185181427,148.1563941851213
2900,150.0068283430022,142.2612416259914,149.4976776298914
2901,139.5336074391016,149.097296685101,137.1361226556471
2902,124.972475400756,148.5977636553861,147.3858426975651
2903,141.7262783854347,135.055615220013,147.1348969380522
2904,154.3219358324277,146.0840659445109,134.1667023815663
2905,140.2964979144161,137.0075173132641,146.8886517571721
2906,143.6025771352224,151.7621583842635,143.7474855813248
2907,142.9170737565978,154.0459314875313,136.8468340360957
2908,162.5268416774401,139.6401877021599,148.0405430153486
2909,137.0699871716654,140.0517366063015,143.530571282353
2910,144.04387180658,153.3792398098441,145.8772712155059
2911,147.576021449999,134.5182009455478,145.1103410066994
2912,158.4751951620885,142.6712860289583,126.8762883890165
2913,134.7720604810638,155.614920152291,151.0050747186115
2914,149.2275759128272,132.6716508671545,150.4518300384238
2915,168.8187508554795,144.7969555306172,146.7430253777817
2916,159.4719211855979,135.1511138885165,143.8706739033458
2917,140.8335782700609,142.3180565192597,146.3631330808455
2918,150.9250574623903,127.1527514275322,157.1476872060802
2919,145.3659324657718,157.9086869083597,148.3510030993469
2920,158.8864600793311,144.9520395713978,146.8640802463722
2921,133.1344097361091,142.1502042534721,150.212780291493
2922,145.3438800937943,146.1787023279587,162.2529272308683
2923,147.8278866543553,172.3169575286369,148.3328143895294
2924,141.6241072288415,137.5187028100937,147.1201757607713
2925,153.5189588508292,160.0714328347453,153.1946988169009
2926,154.5998623377024,154.3660760515007,156.7101582163607
2927,154.0291412765883,144.2855549699618,144.8235600579097
2928,137.9127626963654,148.2835814024764,149.62593770071
2929,151.5088931462794,134.0519208868593,144.4476042659548
2930,162.2028017320737,141.5120517434264,153.7670993580781
2931,131.065475370394,149.6605285653271,143.7163053187341
2932,147.7395133069177,169.7676714113171,162.0741780636401
2933,164.5312414776998,149.7764252479726,153.2780742598522
2934,150.2807411412521,159.5438214657234,142.0043156740407
2935,150.4457463066038,136.6376122534401,149.811142498061
2936,153.8551775775746,134.9609441603544,136.6789861475894
2937,138.9025558373178,159.7493237891112,138.6272674182743
2938,149.5617204894388,160.8278244273556,152.3976729053989
2939,144.9702517787181,153.3682093170233,142.4037471765344
2940,161.7044176951897,162.1376008324717,154.9915868563126
2941,141.317962251631,167.9731939282879,153.21005098343
2942,148.635004493674,127.9159525532908,149.1598142503241
2943,150.5343488694539,147.138937062629,134.9700302683637
2944,139.9451547652347,142.4991488130744,147.5573431576243
2945,156.1515227636292,146.1889030462636,142.0492976061524
2946,156.9863077534623,150.4413703780807,154.0991383413261
2947,144.1379534681566,144.0982759935305,171.1377659484288
2948,155.4494541722892,141.1011936693344,145.6445903743424
2949,154.6395947817057,147.1925048328209,139.1935246944836
2950,147.2302308817598,157.9852906386155,152.5758398118313
2951,135.2166785479422,164.1568930480337,153.4338222455793
2952,143.7672587919905,159.1665900620798,154.3862496201274
2953,140.7751803781105,138.3256827672549,147.6972714475816
2954,135.0384300108928,147.820619748872,140.9494383955883
2955,156.1925499600921,142.125969229617,149.6566798862817
2956,150.8319270831593,137.7762888357378,140.8642838783748
2957,137.7447365235672,138.3695616780133,159.3890442961514
2958,141.1532203832942,158.7824816192239,146.4452834931788
2959,136.7268524122474,136.7467887310452,157.165438010805
2960,146.3488864749482,155.6963569300192,135.3054020402296
2961,153.9500121713006,129.4983462925097,155.7104815764355
2962,150.4021447216755,161.8773210789998,145.7937342572123
2963,171.0838347269362,149.2849951986674,145.0825991755355
2964,167.183660445393,138.3614395682544,157.5104971571827
2965,149.0027397902148,142.7964072344297,159.1339765139201
2966,149.8162004731443,143.0645229542171,140.6851760193432
2967,155.1931543172405,147.6377546823049,158.5940716817874
2968,140.3622543558136,145.6501685416562,152.0729680566736
2969,154.8491384196803,136.2868500088283,146.2290338026862
2970,148.1017351839471,159.0617162879568,143.1759349826839
2971,154.027885522422,149.0318163744737,155.1483807453929
2972,152.6176764299113,160.4752922974075,141.8216361083686
2973,145.6465568640856,144.0614967511722,157.1310431025487
2974,137.6637533690748,150.412205938387,155.5771160272711
2975,131.8424752071405,140.9484382446953,143.0431861865757
2976,153.1793925053409,155.6202822144223,147.7307781490257
2977,156.1371549809767,138.0259521605022,145.4308592148949
2978,150.4048632555958,129.1745562899845,159.3583428981564
2979,143.7055559921152,147.3268439799038,146.627387386996
2980,152.1559199559668,151.3613510920225,152.5761116480594
2981,128.1338397966892,154.0850801164456,160.4458560448852
2982,156.4496979292685,155.3422280692455,154.3856446679182
2983,133.2527911030408,139.9097139093527,154.878460503754
2984,151.8155623718591,146.4583618601945,152.2150817939997
2985,144.9943644524828,155.3303113876261,141.3852306857435
2986,149.395942263011,143.6004226989519,161.8017992007062
2987,155.7588912806934,159.1738905378608,147.4344633391606
2988,139.5692925619003,146.7335453576125,159.463781447148
2989,147.7897618957363,140.3601046636966,146.2416671715689
2990,159.8376653430158,156.658148508862,145.5296294253784
2991,149.8797292253392,160.7333029180936,134.1390582514311
2992,138.2534151520397,149.8632904674827,145.626884801812
2993,143.0482252018278,159.523940616178,148.8833095314961
2994,166.0287952304536,134.3979941007179,133.302469312489
2995,140.4392366681711,150.4688557161689,162.652040672528
2996,153.547311837397,157.3237442513163,152.4725940711539
2997,147.2218333664313,151.2090638802636,179.4395611585016
2998,142.7012056521356,151.2701012281392,147.7255459599926
2999,142.6812581683162,152.5613112866293,140.5295690807793
3000,151.2249543245351,166.0696546755394,145.336561403545
3001,145.6555043449534,143.289164301781,164.7597449488401
3002,154.3283101578393,144.7171778880206,140.0020216445044
3003,144.4511976266277,131.971766465464,140.3651994883374
3004,159.001380990069,134.5188993437463,147.2601256485696
3005,153.5609844336662,140.3410608013277,157.5391789003054
3006,153.8359381584398,155.5160406279184,159.9869285572247
3007,146.1100445407304,143.5353651412927,138.9707193076631
3008,165.7145272340815,146.4148765047628,151.2007500684374
3009,147.6730394402672,143.3192460844781,153.9919943952188
3010,140.0100428679097,155.5689620106159,161.8173798743019
3011,155.9080977933194,135.4684662632928,150.2017062835551
3012,158.7690821282931,133.6868420293968,165.4079801777002
3013,142.1034577475419,144.7746081012133,144.9658331891874
3014,141.19780967728,149.6103911119587,142.9255300187816
3015,153.5750854458834,149.0163618125195,155.1937515496339
3016,162.4722914449266,133.2459082451617,153.1125175115641
3017,151.6712249237282,144.7114197005118,160.4823799918751
3018,139.135747788053,153.0630441667541,158.5629112411696
3019,152.1603695068495,152.9505486448045,150.3989834962139
3020,139.2969379566167,139.1723020709899,150.94760330485
3021,140.7783044829889,134.5068240945691,148.8574794013582
3022,132.9608444552863,139.193955032589,145.1725086840067
3023,158.4770660262871,152.8306165954768,139.0700035989037
3024,144.5768170771655,144.2640447373709,154.2430084372442
3025,156.5579601787442,139.4435093107726,148.1152556699831
3026,147.9920167233089,149.763473624264,147.8611377266265
3027,147.2401668264155,151.4803572781721,138.4185948047678
3028,139.330189809746,150.74418525836,147.3589712221727
3029,140.4884715870922,153.8664028839646,138.918531638734
3030,146.3567597791213,131.4661704584655,143.2687203815379
3031,142.4019147338988,158.9027900165174,149.5332615330139
3032,148.249031525251,156.2411914976071,148.3470783814821
3033,148.1532435218725,143.6803213474502,158.356217185434
3034,160.1620747356868,131.9018945693264,146.6228703712795
3035,137.899780511105,149.0727810391224,141.0330623412671
3036,180.0191852009828,149.6476135903633,148.4085033089563
3037,146.2392320671743,145.7185262362888,138.4202113294909
3038,149.3509349846746,141.2569660595458,143.931407850325
3039,143.6256361752701,153.1513515841933,158.1324237527458
3040,146.0434589741666,156.6620838385349,128.9548293484857
3041,154.8801733837379,157.9749245686949,140.7195610188215
3042,143.6401361576651,156.9342086608481,142.2757257888807
3043,151.8364329301515,145.4711268841135,153.1588140104358
3044,145.0778084251526,137.4797024734125,152.1011158416268
3045,135.7468372708636,148.6039509178109,153.3317938979567
3046,142.3954982971645,163.7463379254802,137.2001552629388
3047,152.4185244699426,148.1614760705135,155.5955804977525
3048,166.4346144767332,153.4093035320855,139.6296774948256
3049,149.7097910183048,143.0705809191055,146.3432736371704
3050,148.678903627201,133.857772388811,151.5319423375352
3051,138.6147833055546,145.1782794773755,160.325257391498
3052,158.6430130662757,156.1975983118271,142.3349016431163
3053,163.4143365526524,157.4802524972876,124.5421887703662
3054,156.7469539729,153.1230192213658,136.8014113576818
3055,158.3331822005093,146.3764526650316,134.9029081167749
3056,162.3076239562266,153.4676590771924,139.8949180799328
3057,143.072674934739,146.2341670376176,136.7713384389079
3058,145.1339664580738,150.0091475636495,139.281911074365
3059,153.1176976679571,140.4909804719603,149.8856592339168
3060,141.6784431645309,151.7469342123648,150.8062154992723
3061,158.0534838749151,135.0908868040038,156.6292094244749
3062,145.6051456109576,130.5192597948482,160.9507362407662
3063,135.2444433435231,145.2443573933501,151.8899547922046
3064,143.7328331788985,166.8480891888777,149.2082676959833
3065,159.7881048631742,147.3933055412869,151.366488906777
3066,149.3504751191727,155.3767899079024,139.939063435228
3067,139.2627216854972,152.4318068441771,150.8467905673169
3068,128.6041385155226,142.375084378691,143.5009428374562
3069,141.9060446365621,151.0329565052294,148.2960788458975
3070,151.2181019476681,165.4231208425353,145.8320459440932
3071,147.4120945156498,142.7137375256913,151.6647844390584
3072,152.0236323452003,149.1231302598126,144.2544500326088
3073,145.9406155006463,132.9747142303797,154.0201229550785
3074,143.8301426992877,140.6112521837421,127.7360242946397
3075,127.2291078949066,142.2510418736449,141.8752973329076
3076,160.361064444753,151.5706676504682,141.8381202474059
3077,145.6224928773153,145.0488364147217,146.2632874306871
3078,136.4418670831506,152.7416058670127,143.8399537156599
3079,139.8361331015124,133.9899231384816,149.2261538411766
3080,156.3992674505035,136.8283181878341,147.7916544264108
3081,155.2828774511116,151.5220773691077,141.49599940852
3082,140.2043846873138,165.9047433079513,148.2179998912976
3083,155.1697027748823,150.5639683624069,141.5494139462717
3084,146.707030618708,155.0111815145497,159.875937501514
3085,133.4529923448432,149.4097787867601,139.7640353609065
3086,147.0467442578439,151.7351496551667,156.9005672544545
3087,150.1100007236803,146.7476159078539,141.2820872971781
3088,142.6395878288228,158.1364415145632,142.4826808631222
3089,137.5109193279065,153.4477683706297,136.0179133928435
3090,136.295920799001,149.7817446669589,145.4608031839437
3091,151.1719980560337,154.7315636497232,158.1598349755042
3092,157.3248862810255,165.9865254918089,156.9810582525606
3093,167.1644165330507,143.18091942747,155.0969722085034
3094,147.4672701296648,140.0960461099339,139.5927148807169
3095,145.5052107567637,151.8024382558006,138.7082582542119
3096,146.6864479660438,142.7174044606033,146.6112325607782
3097,157.3243854734877,152.6939811872197,153.8133326071578
3098,144.9918539774458,145.5721180113915,156.0598863054011
3099,144.0671239517507,147.0568460122082,144.3865412521014
3100,158.3229523049265,136.961469689122,158.6488536967178
3101,142.450337286354,156.4085261942326,145.1974598311129
3102,151.4631472618677,141.1093151463169,128.7926701076701
3103,143.29588197587,153.6120999762634,144.8842332036946
3104,142.5348687606384,160.4038644799128,149.7521935808155
3105,146.681200815297,143.2117367243227,135.9271643702975
3106,138.8582941210195,148.8776948178017,143.2804954976772
3107,145.6342432908355,147.7034629955556,141.1992204646812
3108,156.441288372369,148.9101519646911,146.6508678959278
3109,149.9753411224133,141.7384052340425,169.0764601386065
3110,139.5437119328745,153.7668124603387,144.7759849994671
3111,158.3755967541153,156.8795030569013,161.2742279763415
3112,151.5064202543557,146.5389583333652,149.8458554650175
3113,153.9532910592524,149.1453322765684,139.4267223246903
3114,152.3516681901262,138.7373569593933,142.1288643552435
3115,142.0142617925084,143.3392251586838,156.2181421506039
3116,164.1671964967392,148.6506672835709,151.8338362061441
3117,159.2288218418985,137.4501001178618,162.1246100022218
3118,143.7682975295295,151.6615704100675,137.8283857442735
3119,141.3151860429724,133.7094197529033,151.6903138974472
3120,145.5773895771069,143.9123579321443,147.4800403537601
3121,140.728777781607,126.2246504237487,133.7789705180351
3122,148.6549524015702,141.9682330567754,155.1658819938897
3123,141.3402779543076,151.7082945865328,146.0918552553779
3124,142.6174808911765,142.6737572527406,154.372590526127
3125,155.3367814979175,150.2885524701788,132.4640735252568
3126,159.3385757406379,133.0229833355191,149.1507663913554
3127,152.2027089285719,145.0513785742961,143.9794186924745
3128,140.5043973570051,143.5771051882963,147.7495509940665
3129,165.0127441726138,149.4238814577909,155.5553023304956
3130,152.3728524033289,152.6644524412645,147.0889870002763
3131,139.7803133342352,153.6105359693066,152.3892849398986
3132,167.8819183759457,155.0162970701659,145.9676576017872
3133,136.0636916720331,155.0593813812431,145.9169376077044
3134,149.4365822571179,139.5779998683059,164.5498596679364
3135,145.0661649727903,151.8724282609694,139.7151424456374
3136,144.4022989675787,133.6496174699618,145.3720168236781
3137,169.6299630531499,142.6554507970576,147.627591670104
3138,141.8054469779226,139.8007055226778,152.2987807074985
3139,154.0444142217976,151.6610100347496,147.4623288980225
3140,146.9021082206741,143.9672465736964,146.0734083437521
3141,137.9833033073195,133.3803151028643,153.0819832472262
3142,150.5155820487036,149.9834142344639,138.9590206804599
3143,145.2055424443636,126.8712343779622,132.1274548171275
3144,154.1516201574157,147.8313660857558,150.7810608643157
3145,148.7879969379364,146.6928464776003,155.643480581162
3146,151.2070979803653,130.3690632541407,134.2600790749871
3147,151.4693720130207,133.8693588015068,153.5423727438327
3148,141.5470175365089,145.2474068016953,148.0278844526507
3149,152.8680994522111,144.6975371698499,150.752320493012
3150,158.7384446987724,135.8749875208698,154.37107318393
3151,160.0590836422429,141.4634097507147,147.586001757756
3152,147.3504976247298,145.5143530396812,148.0746069587808
3153,146.9058830366965,149.2228798132341,143.1255590670896
3154,149.4719924150928,145.1736185183096,133.181236823764
3155,151.1468911071567,162.0987692111907,144.879528553221
3156,142.4619817451109,150.3181065800156,147.0261944070827
3157,156.7397759115366,149.3563493687349,147.5327342722863
3158,136.5128530020826,142.3205235105138,156.3409325344493
3159,129.25873483435,165.8969906573793,147.3910393239877
3160,146.8238491099324,138.3750198557023,144.858802823883
3161,145.7883700978165,136.596073468344,145.7896735103246
3162,138.5563272853689,149.920527486132,144.0253175934542
3163,150.6992685218025,152.096916968087,152.1652230230929
3164,148.0190866097084,149.6412168576981,151.0110882274314
3165,138.805395894366,154.1167969983805,137.6217142054548
3166,153.7065016747753,146.4909306440568,165.4071532928006
3167,148.7615633460494,156.3655469138092,133.1113809777839
3168,147.5021996223596,140.7409870411307,137.9467298157773
3169,144.0766394752354,149.135019959437,150.2625454101987
3170,156.903920109475,132.500418564311,140.4773530333179
3171,153.1834945528541,147.0088999078782,163.2089117811783
3172,141.6303730561722,150.2926399026667,152.4700419521746
3173,177.814614666774,162.7133104477967,145.2183476591624
3174,146.9417208788022,142.6238555025418,146.4689320033125
3175,146.8459348564042,142.2722929868843,127.3466339609119
3176,156.0967229580752,149.4533885539006,156.1099309279048
3177,136.072863632184,147.9251445594782,145.4846097950807
3178,136.9612092612324,139.1999669205975,146.6437133015671
3179,145.3043115469964,148.9901741215301,149.5396585240821
3180,127.7337000856078,155.3492135623087,150.8012263822956
3181,144.5642942065354,159.618984984171,153.7269448471167
3182,150.4064731432905,139.3987141487318,145.3716523960277
3183,133.5467980732355,151.1755647779457,149.5938060886268
3184,138.8558256666801,159.4827644514815,141.5774781500012
3185,146.412301066816,145.2185696328641,145.8465070811792
3186,145.2538360789757,152.8493199079271,130.5861371923117
3187,140.7106352607136,129.9211155311015,146.8068027360381
3188,146.5257741138839,155.8830369115257,140.7900975887255
3189,140.791582021767,141.9612833112228,143.5317094934695
3190,153.5454494673462,148.3430372416507,141.063627494328
3191,161.3491650125438,136.5342009437477,149.1060443312059
3192,149.904710389691,161.5698354917845,158.3128765227817
3193,151.5561701332342,154.3996111550527,154.0006831662967
3194,146.4405443949658,145.5854275679066,147.7938372412792
3195,142.4770839622996,143.707554568821,142.0319160901365
3196,144.4435477556657,134.556875534387,156.1363912534362
3197,139.3249262650556,138.498712227859,145.9016528452443
3198,167.0330909126961,153.4544781713577,145.3207392981221
3199,142.019000757463,149.7455509648075,150.927672320096
3200,153.5169650881412,159.5252965149512,152.7225481803019
3201,145.8429898514725,140.5692977567107,169.3365091419543
3202,159.1332643704863,141.3647639750429,140.9115372912011
3203,139.3489171734742,141.4427488460935,151.0938851256196
3204,150.9492224339187,138.9538730260491,136.075124850859
3205,140.7835852874992,145.0676752823574,141.4262992500794
3206,143.7547516593289,149.1096316060863,161.3075486508711
3207,151.8365337441443,137.9919757353434,146.3207551155634
3208,136.8830171986895,144.8720975891103,146.594458839236
3209,148.8466770717979,147.408191372775,155.3712042283036
3210,153.2229165119218,131.6543751652881,162.0975019383556
3211,155.8781563654373,140.6910558222073,151.6953508569777
3212,142.5502267796206,156.4384585907461,152.164926768629
3213,147.1182702322495,154.3453842354062,144.4795849345689
3214,148.4475469252969,139.6876325587067,140.2576162507083
3215,138.8100062528723,153.085978346889,142.634544971675
3216,174.1219793535903,158.7119101693352,152.6135783615232
3217,148.3654646239573,161.5159890016751,155.6200187165412
3218,149.2955128313589,150.4135392294532,141.5190465427776
3219,145.1440699991466,163.4993136867858,154.1885462705433
3220,138.5153447737414,130.7860915003312,147.7808576024817
3221,159.0166149965636,132.5183053492524,152.5452125547584
3222,146.4559663125668,148.9234276047005,149.8296178427017
3223,158.3216245283713,152.4743419914305,158.2081281832975
3224,140.1857883566024,163.9187171885759,157.3941698527021
3225,152.5706641624242,150.2928197537352,154.5797663171556
3226,137.8921224062973,149.4845736586584,153.7720697459813
3227,137.3773580950261,157.0899262980961,160.2658272365216
3228,151.7933816829956,150.1900001828422,155.7758714614218
3229,150.667093801574,130.2770763398804,164.9503894014643
3230,144.1683066922715,137.6682925621535,139.5925508969079
3231,160.7951237562586,141.7547144728375,145.2209471997287
3232,152.7960309926418,145.382397601678,135.1016983307929
3233,147.9581149186971,142.9974250343352,156.6049222968884
3234,149.5472635766175,159.4168535486955,149.6464960152111
3235,132.8155457239215,130.1117478469901,152.6820509044832
3236,136.2913504628271,142.144768711896,143.07228672609
3237,156.5782177001347,155.5676425238729,160.2934526071725
3238,153.2888389905122,165.6634925534898,137.3401190551863
3239,133.1106327253274,135.383617011606,146.7772422017879
3240,152.5068725816847,146.3884852901905,143.5164775914844
3241,154.8569672254857,147.3292962665321,154.421501675147
3242,160.7789481121497,145.0398169737695,154.6504786775637
3243,150.5409854549943,152.2724358748366,160.4983534441895
3244,143.2392385460837,163.9908461895275,138.3996264016581
3245,134.1324033704527,156.6708110274075,132.245749465219
3246,144.026574853224,146.3697620166328,146.1386587233627
3247,135.2859385477465,159.5851050013389,148.919324271756
3248,151.912847056436,142.9856094498532,150.1874497714837
3249,155.1036196441024,151.9226359561555,153.402969253034
3250,154.2802312372417,153.1721484394666,150.1764034284901
3251,154.1686938760392,145.6684003880433,154.8113812367266
3252,140.6244370939656,141.2585081019145,160.0237578289683
3253,132.1056866757291,152.8337634947699,146.6512020101419
3254,152.7329455702067,153.3120670078766,148.9520445328928
3255,147.3429278272928,140.4878588905792,137.4204180036256
3256,157.2793022328044,156.8006866171696,144.9106353267758
3257,142.587094573572,153.2131499402629,176.9414999231672
3258,146.2022728975803,157.2991990023822,140.4995148895209
3259,131.6458820466599,149.2857923700229,146.8067433878017
3260,146.225894704196,152.1683273966938,155.6620976581153
3261,151.8515789051476,158.2433666539323,148.5700838656664
3262,155.9918155916567,154.3040073722867,138.0286053017128
3263,151.3421009414742,141.7248400943484,152.8509547278385
3264,154.4617703449391,166.6905539646799,156.6394578297112
3265,143.2654759606868,142.694579999774,145.2850077760306
3266,154.2246218938811,148.0513141402805,141.6309322613519
3267,145.7075203466077,136.2164202156547,147.3449319482245
3268,134.7361232372484,146.8399589948783,147.4720365780263
3269,145.9316004929539,150.4673698033006,158.1049423974529
3270,139.4614031967736,156.134515382108,135.366751015986
3271,149.46675868583,134.4927788171229,164.8562110528347
3272,148.7773387974241,148.9182089772291,146.6325395773237
3273,137.6704170524681,150.6832205436469,148.6442726499626
3274,155.8944920474251,155.1661814981107,139.3875727657727
3275,153.7044461783626,154.3530004749495,149.6229971912389
3276,145.721235631681,141.1771730521895,137.5598742357985
3277,150.4632199834942,141.4245171919249,144.3180449270827
3278,135.5667100591537,141.8347392909455,146.0065956262457
3279,146.5436340651781,158.9660120492663,144.8604976445404
3280,151.411409260302,151.1068010648145,161.0624872379034
3281,162.8547962798735,150.5919714620059,141.4423262154216
3282,150.2356274425473,153.8550864113881,153.0043481000697
3283,143.5662742612384,136.7656145003604,139.2535163930765
3284,152.2236360363042,160.6578597546137,145.9636134891993
3285,145.5305152988627,141.4776885927305,144.0385504719868
3286,144.8898583618343,160.1568583884708,156.6495329151154
3287,145.3174601707843,144.2178890809114,150.248665010262
3288,153.2041149151351,170.0298767003831,131.8113797730221
3289,138.8022984618937,136.4423858122591,164.2775281938696
3290,143.8084781327567,149.1651945629004,145.3227309658002
3291,153.6331619357957,137.3206651321735,129.9771473726112
3292,131.3449679701297,147.5463704334264,138.140011655827
3293,157.81158972982,160.8239397773813,155.7941574382444
3294,160.3182031438263,132.7136517051251,152.6423286861441
3295,151.765960308144,145.5164652172879,154.9486163405916
3296,143.7945342136173,134.4940241964639,145.125529655758
3297,167.5671491350492,138.7779548191284,138.1666947804195
3298,143.978638027119,155.9839632564652,147.3755743478822
3299,152.595741016126,147.9451670762037,141.1095859964385
3300,141.9390755541039,130.7990371328584,162.9321043322493
3301,150.8821338576159,134.1871386243752,138.6185344753667
3302,128.3444769057861,159.0492510657243,146.4457789291503
3303,152.3209762899315,155.9692958231814,140.0860759093179
3304,153.659782497081,146.9698777070798,141.793299835171
3305,134.6543985550038,147.9202025191762,169.2742652259794
3306,142.6455228329662,158.4408896654646,136.5769423982591
3307,150.9110963109767,142.5343377382782,145.7109444973654
3308,146.8657055442704,149.4758487293722,149.0200302782799
3309,170.5870088114319,163.0432089244525,151.4345507923636
3310,142.1204914131785,157.073082607877,146.1377785681271
3311,127.4540331688832,141.9389107713893,145.8740082758138
3312,154.9052298399329,154.2949435643906,144.6096225207725
3313,144.5617632162037,151.4061768504898,144.4011826928459
3314,148.2902162905058,145.0856386009309,159.9953959642536
3315,166.1338144186721,145.5240989359827,146.1689918597115
3316,149.233130348901,151.1270189546304,149.1748494551885
3317,170.9371382220642,158.2252653587734,151.6756140683325
3318,143.0854040837578,158.6310047757494,161.933367781981
3319,141.915302904656,140.1071739717092,156.5228898124082
3320,139.3381009932479,152.4165833646809,140.3747589615208
3321,155.7621990688538,156.0426101715954,145.0604250518695
3322,162.7930821699728,170.4407507448167,155.6159425308526
3323,148.1154568999092,148.9339482617318,143.3160084456425
3324,144.1317549232989,148.6490567019223,139.0936482833243
3325,157.1839875423726,149.1920912985514,140.3316268722252
3326,145.6362865904287,149.8073145890475,147.6010723111397
3327,150.8174324221305,135.8613499816835,152.0795234780392
3328,154.3159033032483,135.3566768279768,146.971494800946
3329,131.5236917106856,141.8159477706422,160.4552903997047
3330,150.0785972933784,149.7058014733594,142.0099297080138
3331,167.5715178585961,157.8521277153652,151.4118177513787
3332,133.994921578693,149.2062968849735,138.075753608376
3333,164.7652962934749,149.8840249749975,140.0957715021444
3334,141.2657324176754,135.0105667366224,151.8246879929912
3335,144.2242648318305,136.2662624551802,150.8674751993096
3336,159.414692903504,180.2128656344834,143.9893025512029
3337,131.6905226554586,148.8425577920499,128.8224459935433
3338,150.7634912607482,153.5929534510182,147.7850714973985
3339,142.8507592962445,148.2523388407953,153.0107500809545
3340,151.0849622489106,152.8589136535118,140.8465941945259
3341,160.2326530105838,145.3604600059263,144.3015510235973
3342,134.5264695251633,156.8382706607612,145.1348638690566
3343,134.6363984678394,150.4044198266393,145.6189623220681
3344,151.9525312580737,162.5552365167157,151.6956212523412
3345,138.2235111937523,153.0881083437349,157.8507216679809
3346,130.0457864757842,137.0212859625034,139.9485434039784
3347,148.7186323723295,155.667872118184,145.9416820353948
3348,155.841395185471,142.9286028205833,129.2893355612406
3349,136.9489419283426,137.896821560523,161.4101481640768
3350,143.0159898569539,152.3679270278017,147.3750132080434
3351,156.4518326883467,144.2932736211154,142.6266437975361
3352,159.0126745494261,163.3229831422685,146.2115696904341
3353,147.6695237243786,130.4966830783703,148.8742565879943
3354,133.0575232294516,149.1843941779652,165.2735011705225
3355,150.4093532195835,140.2576094047549,134.1213683622579
3356,146.3157357375291,152.1186520518879,138.9130451820408
3357,144.6928193788632,152.0044354231999,146.5897712534401
3358,141.5403171802114,153.22846512411,153.3562556319172
3359,150.6107370418154,143.1729802299324,145.2017841025487
3360,141.9138690457639,155.3360280116718,158.9432417501635
3361,163.34588207481,153.9399719115904,151.7376412251168
3362,137.6854715876959,144.3754321037966,161.9619831660418
3363,137.1637652088868,154.7420738942256,144.1671418785442
3364,146.2241700253842,152.9967273081654,162.5012861357623
3365,147.4026143690366,129.1751268959107,161.8607258283776
3366,144.9118707342809,149.7522698986426,136.8388295406844
3367,136.1421765154213,137.7749671080166,134.1485129917446
3368,129.5932303235288,153.3942566359756,138.9644477049684
3369,152.0118096842422,152.2432090030352,163.1787332170365
3370,152.2893240651589,146.8230433641411,151.0075868596709
3371,141.8719757938972,161.1217819702911,133.4825437247999
3372,150.7215183762567,148.9691655559824,131.7838125397301
3373,141.3677312276415,137.9948664842118,142.5642105859191
3374,148.3152367577323,152.0441199103936,142.6890962849226
3375,160.8619081730413,158.8455613331373,151.2524695812537
3376,152.2690881707072,137.3538349670426,157.3293796640059
3377,152.7598321630709,151.4508930044387,135.6675462620262
3378,165.7359977779833,146.4758042475065,148.1362298698235
3379,130.9230539672402,143.6436724884194,145.1990359570883
3380,157.181166812483,140.017865836496,149.7282139299992
3381,162.7868727589088,147.4663690000364,155.2317873170836
3382,138.2412584638719,155.896301475201,139.8975909314998
3383,155.5238496664169,134.1266615322997,146.7721356068202
3384,142.7975578066578,152.5607405264055,153.836197975325
3385,145.6333287493232,145.9960619921259,146.556232191971
3386,147.5040695538925,144.1262507275161,151.3952976362403
3387,146.0177853550888,137.8687140294422,167.159638224344
3388,171.655907823972,152.1975822937789,143.2274007890503
3389,135.213805700356,161.9923808256564,138.7698319915882
3390,149.9045900510627,161.3570250500877,146.2207245308478
3391,136.2776454493343,149.7418687638215,147.2091509681432
3392,141.5264533810113,160.7991496987159,152.7828483023761
3393,150.2791301282325,133.2499534720257,139.8140669274254
3394,155.6256936857419,170.9559213359798,157.4189419993871
3395,152.5333868114072,157.1729978717648,161.7236985473988
3396,154.88632292346,152.6896485043517,144.9881675112298
3397,147.4248451204413,158.5643144694703,158.9468592926166
3398,155.5643206173432,139.8371891780371,159.8699430409804
3399,159.2490301615161,151.7099336923338,149.9395478916616
3400,145.1218586582617,140.2037478127209,147.5078443101327
3401,146.3530332084789,168.9836210291965,152.3030781041949
3402,144.0531000375232,148.5146750135667,161.9415975564353
3403,145.2561755944198,137.5461684553719,163.5706881948269
3404,145.9621669901133,141.3155856650212,171.2465689921827
3405,159.6987831078486,146.4901721564777,141.9419613569331
3406,144.4270938826365,152.0059159693304,152.867064873811
3407,135.1474077090742,153.0429647832186,149.2529820439929
3408,153.5503665858964,165.0770935629974,159.846452578807
3409,148.6741462384654,161.5503960940448,141.2664243853246
3410,134.2954719565338,143.3983853305083,148.4671233709545
3411,144.7697050017606,149.3385020583777,154.3800964758947
3412,150.0613233947602,137.2693029887709,147.9997523289303
3413,133.1650539572141,141.2149030561449,140.3688134661262
3414,138.4638336100991,142.2055392900564,150.0814120074246
3415,163.0899783385739,143.6937149488695,159.1804520128323
3416,147.445903327891,133.9179755006253,154.1084011310832
3417,152.7477055704452,145.5282409743009,147.7802778946106
3418,144.6743070122821,141.2230088570849,155.9580868011021
3419,144.0840183529933,133.2584552380953,146.9791261106396
3420,150.2429516140312,146.7330991372806,161.7760024065589
3421,144.2830341130289,150.276548597025,150.8115301038356
3422,143.9443403985948,139.0870502786595,154.6025124821406
3423,140.7464267375308,157.4902059063859,143.8210416528357
3424,138.657908724993,145.2854705351053,146.9203579008879
3425,160.3156865690405,143.6411795434421,145.4573566448221
3426,150.5362837429878,155.9806703999608,144.0764718853604
3427,149.8626590282404,150.236237865577,143.3871687098984
3428,145.3443722180026,141.3835991262981,142.0090619321147
3429,151.4141752061475,169.3527702049234,162.5884817736307
3430,140.0001718063782,135.4322493472577,146.3408940769456
3431,145.2478720175072,145.6966908355117,154.0128411880858
3432,150.5147379820544,147.5236371650502,149.8581217440883
3433,138.8622685166767,149.3109974571418,152.0315659270574
3434,143.2414725155222,134.3186094670973,148.0079030475439
3435,150.0797136356562,144.1449918508198,141.8399109792822
3436,144.2193710963858,148.4713148506511,133.3944422322704
3437,156.5424305196433,139.7972457898935,166.8697192137292
3438,143.9662811878908,145.2433150868593,152.5320108840164
3439,138.5507044403195,161.0515221320618,153.563117429571
3440,152.2754492634884,147.5441497262047,136.1435602808677
3441,148.8438809402874,135.1094366215659,143.3647189566737
3442,145.7505317067346,141.8225852340336,154.9805762572981
3443,147.5276149067568,151.9134023383756,134.3927040751494
3444,146.6688992442782,150.5040141184889,147.4457375987527
3445,161.8901653420273,161.883824636596,150.7397665682408
3446,163.4307320225984,150.2013933879178,149.5998554743754
3447,146.3011334229356,137.010770920687,150.1080380519803
3448,149.9437564389206,139.6516004269421,130.7792843163951
3449,141.1589668355305,148.0536065267964,156.0395904324025
3450,159.6549165016683,159.8875161047956,153.4127894290491
3451,158.0885817977991,151.3319301542785,153.7000992047008
3452,148.7012335956261,149.2219027555954,140.9737072500593
3453,151.709666602327,156.5408367455944,151.7785434381964
3454,158.4521101680124,132.611758452953,149.8897204865078
3455,146.9700050665311,137.7089763826012,142.5636478016842
3456,156.8523172600678,155.160388667911,140.2161004592734
3457,140.8359791990213,157.2470026199001,148.5383187871041
3458,162.80978953804,145.0215554808504,155.8977736236909
3459,147.7495087639558,149.0266384702391,156.4335972658053
3460,135.7660425008164,161.8963438062773,140.131985979372
3461,150.7032141899804,150.0928188678405,159.1414499474758
3462,133.8691351056559,136.0015319006156,144.2501995289705
3463,148.8565062761171,136.9338958877679,140.1013584947442
3464,144.1425664296472,158.5842562827621,150.7930174617929
3465,141.946033624939,146.6812901977061,158.4330769865578
3466,171.7144778337161,142.31173904189,148.2889091654779
3467,141.2342602346262,138.9189435172578,162.4765392490077
3468,135.4127426864839,152.8916767869243,143.3811214581969
3469,142.9582357801993,151.3465292715251,128.9437095121817
3470,148.66391510727,144.7372714991092,142.8009232478403
3471,151.3461244394447,146.8362902228542,135.7353873091597
3472,136.5175946991251,146.2570819829091,151.8605308291246
3473,150.1582972289788,151.0997870877564,136.9329339944956
3474,151.4915760072585,145.3972928781546,152.4939195850407
3475,165.4620326345099,142.8751605547781,157.9228313072787
3476,139.351838905802,146.1013402265905,149.5153095134367
3477,162.5188069832108,141.1211194546704,146.2571436416757
3478,143.2486266920753,145.1236826119131,150.2229772696042
3479,155.662780559583,140.8661768059766,150.7697884144395
3480,147.7294384561942,155.7794433613507,144.828615791932
3481,145.1470906902358,159.0081862834972,149.1130964476176
3482,145.648052872139,129.4106493498206,158.7766665244358
3483,148.8667349797445,151.7542017866757,149.1199593391562
3484,133.3409136158723,154.232163243522,143.095956813453
3485,147.7068087002035,168.266096225611,152.9385195367245
3486,160.219844752784,170.1248186350583,133.9915060573583
3487,141.7238111843344,137.6325205855083,142.2992692993916
3488,152.4680390599044,133.7631658836317,136.522585916354
3489,138.0220648918421,129.4071982293386,140.5639826150977
3490,127.8064174867006,156.7649716133191,163.0189327160375
3491,139.5731020430368,137.6222410379684,149.422744951089
3492,150.0777293907593,140.5634515903167,142.9825319891721
3493,139.6042613295613,148.3174193005033,144.6003663792719
3494,139.1457396635844,142.1528516348351,133.0014820063985
3495,142.161354389714,168.9294646279658,127.513245807086
3496,153.1779034453767,156.2169224031236,134.0882014906462
3497,138.0543127851429,147.5203867412189,162.4033016412596
3498,137.9431695577018,137.9347896216933,155.4863760851738
3499,155.8558194393347,154.7715175007055,139.1428892660892
3500,147.2370775409812,132.6817719149373,154.4779278665297
3501,161.148106400727,152.9955171210615,141.1235865988832
3502,162.3355756158435,139.2577072739895,156.2556794178966
3503,140.7968879120925,146.4397091395134,147.3557689326057
3504,143.97245004761,152.879496867764,150.6521989364098
3505,149.3727053372538,144.6093520409743,162.248922013376
3506,152.3082253869159,153.9292904912726,139.6359578096383
3507,142.163699157199,134.8006278056878,152.1042647604398
3508,160.198824049706,155.9177849360196,138.3790692789956
3509,143.4901164050336,153.4590860313376,146.3529612097603
3510,141.1263053765662,152.7503973916707,145.5716863593886
3511,147.252459147475,151.5169016581788,157.6034787259264
3512,147.3680163141756,154.4310373884665,146.5290980278955
3513,143.0515622093955,154.0258138093381,138.9130609725757
3514,154.1491161255948,167.1591947565727,154.9405850722923
3515,154.0010859196628,154.4974680677081,133.9879830198246
3516,143.6947523872936,139.1902077544325,126.1193589016836
3517,153.3533883693796,167.7146131911492,133.392781829956
3518,138.4285082497281,143.5328047568198,171.4939507865182
3519,137.1436752990922,150.8654392336042,155.0194079566212
3520,141.9554317805285,152.5732363275526,155.2199086213433
3521,145.4489318928601,141.3935554845092,144.3151996557621
3522,145.5754308499016,136.9880839280112,166.2390341208809
3523,135.1593209735481,150.7812382788119,148.8213025448887
3524,144.3637647011649,153.4014675008308,154.0557977440911
3525,135.4366416034468,147.2911934004456,139.1485077272553
3526,140.1534588270502,141.9553666717613,162.3316062654831
3527,143.2526160266824,161.9956192043086,145.7450867941387
3528,152.6200723839541,162.7130190351227,134.176593432042
3529,143.4372469644407,142.9603110580288,161.9766462727491
3530,144.3510147232054,154.1130027554053,149.6053313046965
3531,158.4313092056282,133.8112955758599,132.7537266133703
3532,141.4433916370052,144.8597130917648,149.139422210307
3533,153.9008168738675,145.5326893372905,147.0550837432059
3534,163.1917043508068,152.7804691908339,137.4740924424771
3535,155.5367375893015,143.8325348087272,137.0833615096448
3536,150.0614082326221,142.1165831280112,160.980642672402
3537,148.9068993419383,148.5662998581726,160.8171590970624
3538,151.4295480868642,143.5317768458903,144.9085265451801
3539,151.0317697134972,131.8203458591818,148.296399953866
3540,137.445429022989,151.3151740464805,158.6795344317574
3541,155.0396692110825,134.0287177617762,155.199092429571
3542,141.436152295481,141.5382264141507,150.8236305980981
3543,153.2770830405425,153.7787085252768,150.9709979942175
3544,132.4968475559205,143.8887167052067,147.1553823722693
3545,140.8568053640617,143.0789825242787,145.6022187942694
3546,147.8015647531128,157.3312973087251,154.3538956362878
3547,152.4999905620422,151.6149377119386,131.2217277675423
3548,154.5466706009705,135.129216710562,143.4418545368109
3549,166.1546413198805,145.3858787112655,143.6248946041878
3550,153.8761610139151,145.2036355401061,144.5875566179424
3551,136.3241009025122,149.6317275234229,159.4667361739651
3552,147.0983375713305,156.9998923284944,150.397416980793
3553,157.8758136482348,150.5194107902255,151.2621683116425
3554,151.8773422708028,131.0081126250341,156.7679785390069
3555,151.5104107741558,140.0802794789537,150.2904643945482
3556,143.5587709039265,142.5166400436402,150.9021752082281
3557,164.3205621326392,168.1277279629361,144.3419065388074
3558,149.2116038019749,147.7507520694499,143.2153341311348
3559,156.0851084097964,139.2074245088636,150.9729701883203
3560,139.9440087279239,142.6020476126193,158.7802297054037
3561,161.1045492582496,155.466270478045,143.4995326573571
3562,141.0660497646683,147.2703638579005,171.8901137621855
3563,147.7395268175562,153.6139687590149,138.9930231695391
3564,130.8907760452406,156.0655003749724,149.8083036609513
3565,168.1122113334009,145.6923352778396,151.0306090880119
3566,142.9876413515955,157.5074115408958,164.2207614185694
3567,129.3563616924764,151.6540141072477,145.8008265490501
3568,142.2697329280335,152.2566755265325,171.6160970117791
3569,158.3634570138748,143.9154558895976,146.319288777575
3570,164.0164312771579,144.4685494707429,155.0735583472224
3571,150.9403518189654,143.447544928013,142.7103673903073
3572,144.0628923011641,131.7384037355914,156.3614797636062
3573,154.8167402254128,144.5567324903621,155.4163006729244
3574,134.1048334440366,141.5971702699763,141.9589590669987
3575,133.3012637139894,142.8831626114096,132.2052171200586
3576,149.8377044436249,147.8896863010701,143.7582591200927
3577,136.215414033647,148.5429258548079,141.9611037258878
3578,146.2475899627817,143.4921353296204,153.2885305285567
3579,155.6271195884914,161.9798396014261,149.8464897892983
3580,135.6039440884416,140.156774888981,146.0852463417185
3581,146.3717770575466,160.1564346100478,156.4123128955744
3582,149.7287610394702,139.8404492599715,145.505897737988
3583,150.4377495834115,145.8807479683851,152.5790872219939
3584,149.1289749835521,130.1729706777019,151.6944453077911
3585,132.2697853384216,145.054327211228,157.2541462688934
3586,172.6765812746093,134.5286884963921,155.2853456636556
3587,154.8919433931414,143.5017963508114,140.6640276575639
3588,154.6593248655799,158.0311096221324,163.364505715166
3589,146.5317103302155,145.735910966825,145.4258749083082
3590,132.8283479356944,139.3207986692068,132.2549014688311
3591,135.9213656069041,157.4971739922315,153.1388168767146
3592,145.2895561310569,151.443367399396,136.5114696150202
3593,156.4192779413058,149.0702674668501,148.901155740524
3594,143.7091373627385,153.5342836110837,143.6519085435713
3595,143.9515357805004,150.7923965234651,142.7532571283446
3596,142.4307759471359,138.8020088239587,154.2060206164475
3597,149.3958740565844,140.4223444200456,152.7966054985154
3598,146.0571737265882,130.5261900753755,136.7533599161952
3599,144.5985163774153,158.0600299695856,132.445486334562
3600,147.0575459837661,151.6773144813947,136.324993202897
3601,164.6567382773096,156.1347369940228,147.7985906926691
3602,143.9269349933427,147.0086800651895,137.9871033830692
3603,142.9486895804195,157.7755162774892,136.9680899917596
3604,137.3280516259499,134.9411951384797,143.4650125780696
3605,142.8878921781178,126.7613645387091,128.0941795836164
3606,135.9511199626332,133.9178709628522,140.8839083652517
3607,136.2789952743852,138.2057851423079,160.0071360545246
3608,128.4886107396439,138.248075588715,145.100723859266
3609,128.1426381953404,168.4775818973204,139.3747485431799
3610,166.4608261986398,142.2198124123984,139.1076323206434
3611,153.1454876322411,129.5921768605413,147.3691895799124
3612,141.9983113165117,136.6073673524913,136.9779039536378
3613,150.0962889762649,137.7331492690645,151.1267770956424
3614,160.7028868038293,126.3811819507463,161.2667910340548
3615,145.9784466575751,146.7703265406671,146.3667583878639
3616,144.0509287969524,153.9877920586225,151.8281452875031
3617,149.1743099849474,147.8394925609586,135.1699976668734
3618,153.3662469023784,140.6873153989082,153.4414840421275
3619,151.2340874964553,149.4658175043205,146.7103656141481
3620,141.3529489760445,154.3793179418292,167.8044952368982
3621,148.5089284702652,147.4180442348986,152.3876021753937
3622,141.0918008248852,142.6004362673236,137.6337044286618
3623,151.0392492409233,149.2082435372107,141.8731979457636
3624,154.1097409953796,145.3341408598338,154.4524714005881
3625,151.4314262805877,147.4198800654231,157.3514640357165
3626,140.624841638299,155.1282673196954,150.702135445263
3627,143.7000474985612,139.9917410562361,157.3303613120169
3628,150.967012013712,130.5701700857101,142.2436549853795
3629,160.0451252200172,159.9398384658687,142.9961978509731
3630,140.2147586721512,137.7639135073461,145.8187268004393
3631,169.3982579317978,145.9554225565114,159.9549436294153
3632,150.1210353751501,155.5678340950186,157.4277435644444
3633,162.8030190358921,140.8816340212653,150.2921839144267
3634,135.8781760526289,137.9254564104992,140.7760165477309
3635,173.9041035255537,154.7561755243441,146.1516539682542
3636,152.7025786567995,156.9743068886756,144.5683956896003
3637,155.6534598897102,171.7134219581956,151.8948512460809
3638,140.4030741031948,138.3012641155886,141.633953037442
3639,158.5128750041017,162.3595055307439,152.4519614774052
3640,152.4067056136269,140.4181210438577,134.3646965195881
3641,134.0825198661037,164.9644404291251,126.8665957970696
3642,138.471712899719,143.5041449627772,164.977030140821
3643,146.2290015301635,145.6939457058764,144.1102220148915
3644,150.4909681919727,142.9928903619465,147.4616094163834
3645,163.393132481514,143.0296834102791,144.1065188324543
3646,142.4202309181977,144.2101282881941,144.8507936642147
3647,130.9499725990303,136.8907211510474,137.5393407921574
3648,141.5993887628215,138.2877661454962,151.3618608882203
3649,153.9276665581926,125.5047852656562,162.0054628276482
3650,144.004108166626,155.9467167476456,140.478822927659
3651,151.4366236869621,154.8229421194951,140.1079097651838
3652,157.5938644233535,128.4592989857057,157.3804172107666
3653,129.204231504328,150.2327820645116,157.2586905534479
3654,150.0233023758431,141.6833295475724,167.5464094386762
3655,157.7137187898207,154.6369623728325,139.009326454457
3656,151.5718281120898,140.1167240346098,144.929359216637
3657,143.7063966062861,162.3257081359837,154.005229646236
3658,144.6978648559622,135.2403151699008,148.6759430792454
3659,154.9449699935164,148.6022967081798,149.4927506432789
3660,142.0849662252159,165.5622292602545,157.0643394919512
3661,142.9914693789692,160.7118327932457,155.5466466039683
3662,158.8744902969034,158.7342574923175,137.9998736852093
3663,137.6245914903728,165.2326380952374,146.9168299275331
3664,148.9491210810733,149.8622411712664,161.1189027574686
3665,138.4580578601964,130.6840759009094,136.3416867380575
3666,133.575726675125,158.0034251561632,150.2708425503697
3667,133.002815748665,141.445210608052,139.3433699062258
3668,149.453801588778,145.0223250123398,158.5795970056986
3669,141.888351430582,148.6121774026932,138.8079874194951
3670,142.1417184709373,157.3720569768516,171.9098219754383
3671,143.1169057113811,151.5496384519074,152.1693096896166
3672,149.5674128199144,142.2193916276441,138.7809116441898
3673,152.5496959887292,150.4007688789639,139.4434978524656
3674,155.6669090882524,153.0957567190572,154.0178341747482
3675,135.2023451101355,134.38165035354,144.8721162398251
3676,147.9485737897399,147.3567236188831,144.1180407050705
3677,142.125452612749,156.4213626446953,154.6346701167185
3678,150.3926032963166,139.8130907556564,143.7842271253878
3679,145.7222522481675,141.0828663359733,148.85853498818
3680,154.7455658100766,165.1315374466461,153.0431463625818
3681,142.1663873842973,147.4015366366888,144.7621213181312
3682,142.6934031963467,144.3709842775978,167.0595245199573
3683,147.1983884747955,142.6324382899686,153.4389046431781
3684,140.3183268144606,127.0693461500919,153.7662108152572
3685,144.7283833157628,156.2142714821976,152.4104189010888
3686,150.5038462792504,139.8494578708244,170.8234714983305
3687,137.3216002226627,144.8989803730849,142.7707907645984
3688,148.9651876607969,150.4428771256657,163.0731983063549
3689,164.6557375249314,143.6253896611236,142.996387119208
3690,153.1755396832364,137.2749125142487,153.8049989764258
3691,136.3001482920927,149.8089410844319,146.0130329616973
3692,144.8257461989195,147.2595319640451,154.3152276686353
3693,147.5165960686126,155.5659576238996,143.441400600191
3694,143.8174911530169,148.3070870788205,143.7060918394494
3695,145.4624946361106,148.0858243768912,153.8992853651635
3696,160.9317344255612,139.6287927519385,136.9339629927079
3697,138.0444337989734,154.5181193758166,141.6615919687577
3698,146.9999141464922,145.8516902453344,139.6463499778897
3699,143.1221620497623,147.359387440282,151.4081809613573
3700,148.0213987949195,147.8699985083607,165.1809456952622
3701,153.0732022537913,149.5422563129433,155.140935011908
3702,136.2395836211489,158.2050797824147,153.0656819061146
3703,148.9661878573027,159.0143364722659,145.7126755105833
3704,138.9257222621605,147.5886388123699,152.9182148709417
3705,148.7399278958854,153.0913487494626,159.6296775588469
3706,129.0705358643119,140.8818590544221,137.9936489858198
3707,133.2224815388331,147.4755355217402,149.1210289049549
3708,140.3961503646401,133.7204764350183,149.9162650679367
3709,157.8162052548641,155.4409586329211,160.4102127497702
3710,129.9368170434684,145.6383571483515,141.6607494512222
3711,140.4283683255618,144.6624313081953,137.2481765333366
3712,135.9602086906623,143.1738281933823,144.0968644198263
3713,145.8035628307277,146.9946738504958,135.7014059712744
3714,144.9899657398468,139.9107282317281,153.165468193369
3715,145.0145777903675,154.3034437608879,164.9876581352531
3716,153.829339851365,152.225730766294,143.7544848825226
3717,148.1051927047971,135.1341647964141,151.0437419000409
3718,139.9587368096882,142.7182351217167,146.9553258644748
3719,149.3696363340886,134.4697850864624,153.3548678381409
3720,141.8692009965608,146.7938835543975,169.2178179062541
3721,147.3413300617848,158.7229150733297,150.8809293762222
3722,161.853074106006,165.6060489296997,151.0828457784326
3723,168.5129992508792,148.2056555856235,148.7041771230399
3724,155.4283154548715,157.2298368305972,138.0926508230271
3725,138.7918138766024,157.429908986775,169.9063191428274
3726,163.2798001377427,138.9377850158104,133.8447941053291
3727,150.0236221794477,140.6874825350423,146.8668682030729
3728,156.0319090440532,152.6048252029443,160.5407656073885
3729,137.4441519799209,157.2148061956032,144.1222107902052
3730,142.7183996281778,145.7330756116463,140.2994183613199
3731,139.2981686832209,138.5449544588666,166.5415730382244
3732,138.7118775536206,149.3145846449295,127.8189454959194
3733,145.3381691290017,160.8894232713707,132.7381594546723
3734,137.0841743894381,134.9317908191765,162.5489858574719
3735,145.8346965782702,141.8138700837965,145.6744440823825
3736,149.2201403243816,153.2582784135891,142.3076072309465
3737,145.2571881987783,135.941441826817,153.0989405416092
3738,143.9201224161415,152.6943563293947,143.3800166808195
3739,139.9509805074585,142.018320229802,145.7868432989263
3740,147.1949958756747,137.3841876751702,141.827409531398
3741,152.4684102715579,151.7240905627633,145.9010095896921
3742,152.6406617803243,143.7994051018974,148.4907488543862
3743,146.5940597924552,161.633559234594,154.6879576421379
3744,134.134692385868,151.5750367547094,163.5039828754464
3745,157.8265666527776,139.1875674187221,140.568119688885
3746,141.4283288899454,142.8042932362786,142.939334243903
3747,149.3513606992345,154.1893618108904,170.0898444535591
3748,156.196866350424,144.0141832580098,152.6053005970388
3749,146.6252322635855,151.0794027396935,152.0798482113082
3750,150.074873685393,150.060197061256,155.6804439008552
3751,133.6579201020591,135.0187349760498,129.9379242786867
3752,134.4575584483086,150.9312717221816,144.3941549363952
3753,143.378937896028,151.3211272002793,151.1605948300691
3754,157.3525398144779,148.9146264453903,151.0724956931689
3755,143.9164621882938,138.8600574115627,146.6194370947895
3756,137.996179403261,140.7093864827333,151.4542257220942
3757,148.2516950241698,154.3137410136833,149.3838037454919
3758,145.1615826499195,154.3187053477425,135.524785478086
3759,136.802617983545,136.1618459962543,142.3181873324081
3760,154.7956752772631,143.9541846845669,158.7931946690616
3761,143.4249650165645,146.0488297393674,146.2035371207672
3762,138.2984034551869,145.845814224016,153.3273510931126
3763,131.3475505734524,144.1163849174558,161.6333087119836
3764,140.1244318041327,153.5379038953741,146.1198580986864
3765,138.2309607344054,157.1697896400676,152.8952668299717
3766,148.0864618392692,151.2903390400463,142.1889756060569
3767,156.5879782269593,142.4928894239669,145.3672137806962
3768,136.542444454985,142.1486188646165,145.7905965415034
3769,153.2652080722125,135.3786189179988,149.7973660274349
3770,137.114629532996,139.9022928563926,154.4389226405004
3771,141.138627964257,148.2167550872585,141.147729772285
3772,157.319814529541,149.3940350362624,154.2283821556348
3773,127.7721829490971,147.6522054375845,146.8923401528347
3774,135.3096375633156,153.6169745056828,146.4947008141385
3775,147.6904022532013,142.3058637974512,144.9804797665015
3776,134.6719608745135,142.3964901588113,144.6667303517437
3777,148.2562160016252,148.5545458883467,160.3030821732916
3778,154.9916443508725,150.8374357498162,166.4741355713966
3779,158.1076937017368,138.553525150585,158.6074899271501
3780,151.1839403128482,150.2981373009134,138.0104101140847
3781,159.6867417098281,162.9020255173887,148.1523902176502
3782,142.0043656866143,151.6600200512763,148.9180329806916
3783,148.9979230247006,138.3585606608728,136.7405616799956
3784,148.6548142882217,135.1629304575275,151.0327999393582
3785,150.6808800430604,154.3653153057326,140.3208234873166
3786,143.722225985998,149.2257763876597,148.5844929763694
3787,154.8814529540569,147.6582729396444,157.7754503005963
3788,138.6381785680106,145.8879589493035,145.3680471446492
3789,150.9848215354459,139.7394809355977,158.7584319755837
3790,139.269025976261,134.3558191382363,142.3377648379488
3791,145.830000126897,148.9202906615738,152.2272462887938
3792,140.7030324051364,138.5236512722336,134.2139683666513
3793,156.787189137328,161.6892429387769,154.0543850790307
3794,146.9753953782662,135.6867781962726,157.1604519283081
3795,142.4045354126946,154.141670886919,132.7595966244854
3796,152.3523058955232,167.5947007534004,155.2395584553363
3797,141.2934098090565,156.584629731107,158.7204867784434
3798,140.9078614245444,149.3211278753214,145.2719377240786
3799,150.95407718294,168.6552979202247,138.4747602096434
3800,154.230160427248,145.7863027647306,143.2857174858286
3801,154.9192222543798,148.0541491831804,139.987223719381
3802,157.517861244238,148.6505923168924,162.4254742454817
3803,129.0411529737766,141.2058015188583,153.8020703641552
3804,143.622272017858,145.0866832950646,156.2516799406238
3805,140.872307929663,164.1627999410142,152.3955760940869
3806,149.8822534679889,145.9301855025992,147.4168481310926
3807,135.8310318352236,137.6227394364631,154.25327304153
3808,132.7798484028551,142.9279979451601,166.2264159491181
3809,163.0815487848092,127.4026624237781,153.7798681032129
3810,149.6399786047656,140.6359786293123,146.8438745872334
3811,148.2545911199326,144.1958508474799,139.3531252922831
3812,156.0450216886639,153.1132873308501,137.9163276569606
3813,145.5067433527963,145.496289070934,139.3067502337657
3814,144.0104492388318,146.3644027126399,144.3305445550005
3815,148.0534990208197,150.7311795202751,147.8201265806294
3816,156.4364789864548,149.6130577498667,142.9940422273881
3817,143.3685643449202,160.1056001049237,142.3973177181929
3818,160.3104007573044,154.3033709312438,134.0344221050875
3819,139.0704863521023,161.0000165314899,143.9081726250391
3820,147.7332530461478,157.0557445825011,147.9487027009714
3821,151.6960921760976,129.7671226027301,151.6536924659625
3822,145.4715493523663,147.4281274939398,139.3026823046469
3823,140.0656862502387,147.577868446627,141.9481479945725
3824,162.4432138825344,137.2137725309107,150.960234178524
3825,160.6945829309157,151.605555909228,154.8108692948659
3826,175.7634779206273,151.2602878049442,131.6597317665936
3827,147.2366999853432,149.1410640590161,148.7816787941965
3828,144.7829112760976,141.9941096503848,152.7303643975428
3829,155.9581729609547,147.9782304670782,169.7934936653983
3830,150.9252328374621,145.4890154667088,144.4033280808533
3831,150.8789854390777,149.8787771548243,150.1603740873268
3832,134.7611202324831,148.618976590181,136.8546564626761
3833,140.9879620136797,153.3887032682078,141.8600784806528
3834,133.4285847967501,165.501249000664,144.9030120581933
3835,143.0335600468051,159.4756694477501,158.1109564414863
3836,132.9011414089236,144.82194159855,151.8792640662204
3837,165.3547082534417,153.384255444082,155.1780854373003
3838,146.2697176659984,164.455455621634,155.2178108150598
3839,142.2517783527843,129.0605447462354,132.997260594931
3840,133.822132845765,139.0300720962801,158.1901931574896
3841,136.4883052518369,155.4775534374621,155.0439956008456
3842,146.0856731035578,150.7208244198215,164.764661606063
3843,181.1263477335484,149.6362364416016,160.1152423038027
3844,140.7973354123135,152.0780478038573,144.6291276432288
3845,146.034567198137,155.2603856732288,155.2652374523948
3846,147.9232355866539,142.7830394195346,135.0679068418485
3847,156.271830695937,145.4355032076438,137.8432167859798
3848,148.0064898791842,154.8046993618483,171.5462021493772
3849,142.3742182381529,159.1148096760619,160.6340661006756
3850,144.8451599093851,131.00802438809,154.9655451936094
3851,140.1131171951553,144.8390679855256,132.6531943272356
3852,156.0032657115886,148.9739822356449,159.5176219357697
3853,151.4627154134315,155.9984059749837,137.1130939436735
3854,152.7452806206423,136.0111886784732,148.6827716176339
3855,152.4778005355254,138.5703114021247,136.6810212911273
3856,130.5078849086663,138.3889420139316,148.3881503098836
3857,140.7205235760408,165.8681283405331,163.1846278513931
3858,135.6282678021813,146.4189838749976,136.7266623862305
3859,138.3948004884157,143.5426405277482,163.7604174426563
3860,140.4420383938255,154.4323724779084,144.0997053301892
3861,149.9851572270392,145.2178329340794,143.4549876917062
3862,144.5046096624518,170.6464978574473,159.1437433569733
3863,151.7029468783334,154.0464042346249,141.5560001912277
3864,148.3710973804213,141.1506636154263,161.7710827140217
3865,137.7227320931136,137.1800151218044,147.6950003220038
3866,157.2051981952474,140.5632203304511,141.8870935054229
3867,130.6784710461451,187.2123820560946,164.9495307317621
3868,146.3366190568854,152.1141851124819,141.5833395798538
3869,132.1327185537708,137.2939940836189,153.6214683897373
3870,140.1452277364947,142.8852632280309,157.0524126310974
3871,146.3107235582981,152.6995120677436,144.979944342037
3872,141.1570794326724,157.4561440881555,143.6991492866919
3873,163.9021732033869,143.5684548340922,146.451572607915
3874,150.7203318442676,162.2167840913611,145.6407059360109
3875,138.6444572930619,134.1932810563476,150.8446896253392
3876,148.7856735222567,158.4040971494702,145.0168910516174
3877,137.3321616028533,147.2128662559114,151.0489251004753
3878,143.1770807775042,147.6594634614531,140.2008935310672
3879,154.1638886906069,140.9454612685707,146.6850843291949
3880,153.3688921438456,134.7971665673754,171.638485587844
3881,150.9295835512404,149.7664159750956,142.7025967069508
3882,151.9530382082854,135.5708314566521,145.7664697797948
3883,156.5126005817287,141.0854307872372,141.3500159368269
3884,159.7073706381299,129.9578412871317,164.9106676110409
3885,149.9200556896861,159.9086102754162,167.7303574001961
3886,145.7810050598601,164.6413909520879,147.5088591891212
3887,138.4019397357429,157.921421768262,146.4499897240616
3888,143.2971637560696,144.1891125645222,150.9934060648404
3889,145.3639527094323,135.8925618693965,161.3450613000969
3890,147.9931090182529,142.4341197666983,147.1774362255728
3891,144.4305591746537,137.6782638591945,175.1298479067828
3892,149.5030958883598,145.3782706266096,149.082383796001
3893,133.4625012635203,142.1834195352,149.7524719696433
3894,140.4215120755548,147.5718707605261,146.1780928331561
3895,138.1187685405728,147.4254580378499,164.9217933324749
3896,151.4305882586258,144.6909266894958,140.3307413909705
3897,147.3448284000239,165.6309624468307,151.2407481013725
3898,149.8492347536754,140.8522247644558,148.0595813864898
3899,148.4732704449727,156.371458610452,145.3268140558404
3900,172.5337611883377,145.264271077791,155.5430868075045
3901,141.2626294389772,144.9842962138225,137.0530926401471
3902,145.9747722075602,149.1257990815999,142.2087400304029
3903,152.0644495474994,135.5231642393368,170.0107631315896
3904,139.2699340997914,145.2928178989431,140.1699174509162
3905,158.664773445121,152.6979053968375,153.8545096274197
3906,143.2476566012579,151.3177713473081,149.5069623426227
3907,144.1413397221342,140.8892482319747,152.1557344061923
3908,155.8573611649822,139.6478331237725,139.7211345710696
3909,143.3316968527935,148.6706152879066,154.407808181996
3910,142.5068959798724,154.256170840421,167.557546710003
3911,153.1532866810214,142.7040252787318,150.621690359853
3912,123.8973295380221,147.6060865276211,164.8219727495157
3913,141.6505676634129,145.0632619525208,139.7942213309346
3914,145.5342543900908,146.6613806146026,146.6527921956741
3915,151.3146748986532,137.0036159850258,147.5435162094211
3916,140.7214108035234,140.4929145116006,164.2694870354119
3917,145.9994624764319,149.3188514109109,133.4296549699133
3918,144.3093887796925,141.4621941807733,159.0180668748406
3919,148.3205297093172,142.7203192751131,142.7522984805923
3920,142.5273262093591,144.5073317234404,147.5723735526553
3921,147.6328689308723,144.5980382128685,141.8665169594053
3922,143.9441151347772,148.5177579484185,155.4411471489306
3923,149.8645550945916,131.7908821457915,170.2941189895762
3924,143.6313556488632,150.9575998495927,151.6916617070872
3925,132.9549193177601,157.8572357197912,166.1259337081032
3926,131.4449727902034,148.0186861781668,155.0053344533026
3927,136.355480959906,152.2708636493221,146.2236559776785
3928,154.6933929162546,142.6201626461693,144.7843784345702
3929,149.7402729919633,153.6666623242692,146.1782503537443
3930,143.0532601295731,155.2033057723164,151.8465449265608
3931,140.0397801174237,141.089198095231,142.9769833835934
3932,163.7407375254246,149.4405671779465,154.2563002476786
3933,140.5418274064335,149.1085306266488,149.4362811944127
3934,164.561603219264,142.9685844391174,153.4506167825027
3935,134.5086197507663,169.5871468718136,150.8945598083227
3936,155.2113628201497,152.8282753451886,152.5038692504705
3937,158.9375687128489,145.4797356948878,156.4325470033389
3938,138.5924867231872,148.1931265918534,142.7081178833868
3939,160.459689946905,158.0735916028939,151.375997306831
3940,146.543773793503,147.6882138907701,147.9226256356435
3941,167.07006579988,150.7269271023604,146.3474691098505
3942,145.9387525604903,150.0977391734831,151.3563910477003
3943,128.8912141165171,151.7870006154897,150.962026906143
3944,145.6421387006318,138.6215297424137,140.1844521058042
3945,160.9657948015011,134.6258277383905,140.4408467980484
3946,157.3177553902968,140.0656141985359,138.199477484518
3947,157.4661986000782,166.3327489877744,138.2355480968377
3948,157.6739046890507,158.7968233915963,133.5004682682317
3949,146.1368405779979,150.0125207929864,145.838263604293
3950,146.1665836570815,149.712493612746,154.9939295863487
3951,148.5371039558846,130.7036185227505,146.0174432877607
3952,148.6234244265988,133.0322632495296,156.4064789068744
3953,151.4076502525171,135.1779920982529,138.2559549093108
3954,146.9980255937485,163.5161604512025,159.1960172678836
3955,153.7415597066086,149.8979942469398,140.5964475506509
3956,144.298200747628,151.3712970378142,146.0942016497985
3957,146.9281698953728,149.7108717466944,138.0306233779354
3958,149.3542950069959,144.5139967741208,143.5007375749141
3959,159.4371883277852,150.8901375091112,156.6196799717531
3960,138.3976360446318,142.6122439948076,138.5006272818126
3961,142.5736884262136,144.21196809076,149.2871899076189
3962,150.8189474868402,148.0291362284541,141.2999379144383
3963,148.9442022617945,139.4615647109641,142.9778253262061
3964,133.6656107013748,137.4434208828909,138.1704125250671
3965,153.8639539624027,144.1474889080807,146.0579549905167
3966,159.3681057986542,149.1771132713683,150.2077223621132
3967,147.8827456455008,166.3422523172224,143.0398434742609
3968,157.2651976005513,139.4043591417447,143.5524244533541
3969,131.8858310057557,144.9631030030786,153.3980356333247
3970,146.2507423928376,152.0700861764054,141.3205934880542
3971,139.1388559143633,164.8173130326905,157.7530953154628
3972,138.4223742070793,144.5884121884044,142.2360716304605
3973,165.5649726289942,152.653944143268,150.1265987583909
3974,152.7291233844973,154.7627859261555,158.7638738244312
3975,131.57527983256,145.6739682952836,153.7192965823018
3976,144.1380940854697,151.3393839902465,139.9527296970027
3977,147.9980748786859,128.0041824169055,160.297328803867
3978,137.0040409420286,145.648894061848,137.9387375989012
3979,142.867152910175,156.6465521925053,144.607317352014
3980,146.4185689878444,148.2431168365749,149.2521032544416
3981,149.9864089352523,155.526393510873,142.9191292876619
3982,144.6849845771075,143.3492324586601,142.6703885503684
3983,154.0954811200923,143.2462608869824,148.909325558778
3984,144.3422879504836,147.2330896126487,144.9649288334478
3985,134.6183588901325,141.5642424637648,146.9330014714984
3986,139.9938203878096,135.0166911420699,152.6585069829613
3987,145.6523788801468,164.4051422092892,152.1133172490239
3988,144.3225533259886,135.521222547769,141.771087026872
3989,153.6798934078672,141.129740051677,153.9776669505096
3990,140.8525884491525,159.1298328507434,149.8548778539013
3991,144.7310147103632,142.6022561812291,146.9495411254399
3992,143.9608187104255,134.0942182241415,142.5811501717737
3993,145.8843691785145,156.4354473478087,154.0845976106508
3994,147.271699162432,164.4823843129084,150.5984335205796
3995,151.8216953784833,152.6213257194637,140.6382339837824
3996,155.5748608981249,151.435945795447,167.1005417146486
3997,136.6190178301184,141.4984866646721,150.1535620561723
3998,153.5617397418743,156.0824549448708,137.6731887359801
3999,146.5074493462199,149.3759403404344,135.3006580255484
4000,140.8110348593006,132.2852845071017,152.8473300808901
4001,133.9746530412123,162.7650714741764,153.7904796177862
4002,152.7954984462632,164.3844495995641,139.4485904602329
4003,139.6058315310079,140.875348379618,140.9919953447383
4004,149.6462909322918,143.6074739005198,157.1031809710634
4005,157.6828750333396,148.2875257495489,153.5811093784814
4006,140.5830344209773,152.0623938189335,151.6267870098408
4007,151.4121792679702,139.4310746060255,147.3355785939108
4008,149.2395860937615,145.4541811712608,142.2693865151163
4009,165.2467514113931,135.0313786012394,142.8545123168023
4010,141.1481050915854,151.9837201782441,157.6608665493318
4011,142.0395516354509,140.0348130688779,157.4682415858831
4012,140.7354573689076,141.2202887627201,126.8813987946467
4013,130.6294602745934,145.0485994747159,143.1535029104849
4014,147.6060298303933,149.6655579004498,143.1645503788246
4015,165.4293310496164,145.0595774637042,170.1819504281581
4016,151.2613350508661,146.2038606801035,159.6482357872101
4017,153.7462651895329,162.6222592269817,147.2464530316366
4018,144.7446250393662,133.207812417835,136.816492411593
4019,144.0264457811929,138.775177079955,136.971685975645
4020,156.890914027146,142.3362612297016,145.1115483183884
4021,160.3330582841658,133.509658543696,152.6091477591718
4022,139.1303704027423,135.8858972455823,140.7653633282734
4023,148.9139973262364,143.164245971186,144.34246454754
4024,153.3597705213074,136.023242295472,151.5788704143089
4025,155.1567503034137,155.633696366859,164.54579400683
4026,139.6154708051054,139.5718189666992,167.0581910363452
4027,154.1519593641746,152.4686877208164,145.0961254629898
4028,152.4391456781057,150.0937450169075,141.9355773276795
4029,149.4640715427723,161.2320562905881,149.9183383014098
4030,154.4980226010536,142.5178421048797,145.9439960043
4031,141.8738095431878,160.4101270661525,155.0954945209895
4032,145.2629294977287,152.6957466126287,147.4592461432823
4033,161.3259649323553,132.9914176549505,145.2131271511836
4034,171.0525496069897,142.3899078533696,131.513119151835
4035,144.2401466613442,143.2056948762575,135.0836744342074
4036,152.9503185478087,142.1251243381113,160.5473268483568
4037,134.021767363379,142.2910151799541,140.1020519279568
4038,143.6687855878412,148.0425606144227,144.4582170936715
4039,141.4915170726385,151.9814639876503,159.8420097625831
4040,152.3742219674602,145.5953897986845,150.4559150102519
4041,143.0834496170249,140.9557556428835,133.1788945877743
4042,143.7202336611485,142.1397566894838,162.0921948887794
4043,143.1586120443791,140.3431814352656,139.5542072491427
4044,148.4420628072314,141.8551028607135,142.9057619597028
4045,142.1592015200312,137.7287135794188,156.3573506149481
4046,153.2101113398647,138.7513636142531,157.3401433462616
4047,143.0258315575254,176.0960062287657,148.7948183719472
4048,143.2016531302682,155.149390489217,155.8003132251783
4049,149.7118123879408,150.1803241717411,148.0872667357856
4050,155.9733009917661,138.9309427845587,140.5398930734544
4051,137.3034971833611,147.3761900679833,141.4214629412465
4052,158.4224153689224,149.7510065065911,141.409520658037
4053,157.0449587674679,135.0244057846784,134.4478297797602
4054,153.2775408807753,162.4648222939235,158.1040533686277
4055,145.9593313523293,141.1228344270192,174.4916895586723
4056,141.420198115418,136.1053339594233,136.7061671081748
4057,136.7328739671727,144.1298081206112,144.51217273502
4058,151.9328408905881,133.177466367252,147.3819552731203
4059,151.5820752104785,160.8878004839796,138.9806100092407
4060,145.2276396505316,165.6651539237038,142.6748655119286
4061,131.3330156912219,133.8713044371702,147.3703451853851
4062,139.9752227514695,166.9779383120508,152.1188376040324
4063,141.2414596572756,143.2114842159484,142.5368510041671
4064,147.9140839908602,139.4186711880812,154.8498862888955
4065,139.8041395873896,157.2100139097064,147.3690443004081
4066,155.9097922429419,141.4526832091121,154.5041643591917
4067,158.2228190055531,127.0610478389763,145.6230928436024
4068,153.3990895915321,152.4351382620362,154.0390364565727
4069,141.2363789163672,159.8576412313414,151.8489087974356
4070,134.3974130951649,148.2512636925499,141.6906495412101
4071,144.5498275666583,131.2721208885843,150.4262133780538
4072,150.3106634987925,149.5617998883332,142.0584227847348
4073,140.3559556427459,151.4008026481783,144.9958567329716
4074,141.7126611464599,142.409466631092,138.5809637841301
4075,142.7080394824399,142.6031863697074,154.2815264357218
4076,152.5231799332459,154.1264738414218,129.6459023765338
4077,136.313217460562,154.4895598488623,152.5356892977035
4078,151.6813194010843,141.4706300808354,150.883317331202
4079,148.7420846146198,158.4979679068041,170.9194075561534
4080,150.0450845275725,134.3200317728959,133.2789068090423
4081,167.1287755746048,143.5681362692332,146.6330862544273
4082,143.4196139174992,158.5797954276847,156.2159203660373
4083,143.5149754967732,144.9956785463977,169.2710678612117
4084,157.6822813991308,140.8832221611195,143.5346667672286
4085,150.7748577694832,162.8656043095195,147.4818480723901
4086,149.1849171903877,129.2645954482338,159.9368465521805
4087,153.5284028397029,141.1256487594682,139.657624114272
4088,158.9776044728884,162.6814403289038,154.6377161526465
4089,137.0062178520696,164.4807893087523,148.5214531029103
4090,150.3538041770774,145.5489408523133,148.4735779070125
4091,144.0069503870421,128.8293991766157,145.1202496737774
4092,151.0955416914838,153.5834984089463,131.6049182402311
4093,156.9255096703337,152.39653406198,150.5241353454838
4094,150.6899095520312,137.2036885410204,150.2869820848206
4095,137.251849501734,144.0236928042196,148.5290970345466
4096,152.3197628761956,139.145283166473,164.4257904289438
4097,143.1544272363526,132.2534792694315,137.0993351822679
4098,163.5621641127012,152.9249158029784,163.1802149914216
4099,148.4693936823311,150.5957337597596,162.7226336930536
4100,148.5850687065482,145.9319809989935,143.7532362273758
4101,155.4324852315283,157.9800227103116,157.1091587830291
4102,133.6097462827888,141.8352258257247,146.7244097310699
4103,140.8406761333918,158.366567753894,146.772408305202
4104,154.8917354524621,149.9243367910316,156.2677291913238
4105,147.6419280997305,158.8929096737169,154.6216269481339
4106,142.5925285573552,143.2734693565016,148.1448620522945
4107,152.1950549543187,145.1205764722001,144.18818318353
4108,140.7462309171337,162.993434756023,159.6517160249006
4109,149.3422798907285,151.0007590951176,144.3034964999826
4110,146.5332833228246,140.4416765967212,163.3311541513121
4111,158.2680650733211,164.8567822735985,141.4773468588519
4112,151.1978466382423,149.7663852126437,150.4962019527049
4113,150.9605879872147,144.1630154416604,142.0236272633437
4114,156.7835856705206,143.4442547795574,142.4634301846773
4115,132.9051352400023,154.8425881634233,141.056935579069
4116,154.743621188305,146.8235040099822,129.275608244822
4117,163.9386578730452,141.4068847132806,151.4149836216863
4118,141.3638270945593,146.5011827435652,134.8483607135973
4119,148.1351073362225,133.1161552142896,156.9086471535037
4120,149.8276776842035,150.9050820344621,149.5353385907282
4121,156.5944127952233,152.1955281934667,150.783781436953
4122,132.4172486216526,146.4132089922797,134.6802947411687
4123,156.9389319195983,148.022562446848,145.3751768744092
4124,142.7455743678357,154.9303899053444,143.6992044924589
4125,156.0879305183019,146.9922184988443,128.6691409838983
4126,132.7208699739701,146.9708782827699,147.7781169030316
4127,144.222293834354,158.6856500471523,136.4482940955884
4128,159.7267245015886,143.6587159576838,130.375638217542
4129,141.3430017493166,134.9160278632472,150.5078859566808
4130,157.7488449851248,153.9105113827781,160.244304324574
4131,147.0980580815709,150.8754184943926,150.7694249832795
4132,156.7189141043394,158.5781990909181,155.6228696188604
4133,158.6372700972273,155.6603652774463,139.0339417944139
4134,148.733986462459,157.8948470559988,152.1547826997464
4135,142.8163377083933,133.7188971999836,163.4971957188534
4136,148.5934560014265,161.4392504610528,145.7875211481686
4137,152.3164649250762,155.7162875180832,152.7752631197503
4138,159.2723326939218,147.0538676178852,145.4567645817361
4139,149.1625652468216,140.5630285642062,146.9999194892729
4140,144.0240737796143,135.899606758987,157.1821253292589
4141,136.1757395540778,139.9749242981949,153.825961522895
4142,145.096990393959,141.5265811348258,159.3797063582802
4143,142.0893974948368,139.8222139738065,138.4301064930002
4144,143.781956579906,166.0625446785955,164.7171191222558
4145,149.5990364086382,118.8792020637906,131.3143675856701
4146,140.13062969271,157.2029383042097,152.0839689549038
4147,142.0075063912189,148.0207351052794,155.6701163377403
4148,144.7602557490799,144.3500663799729,164.1169730234184
4149,152.6557788929804,157.2068784669526,149.1612955315863
4150,149.8671478755724,147.5333409388211,150.1144425516832
4151,158.6048700655473,152.2035804950357,138.7368630860591
4152,172.0853935306598,149.5256769470666,146.4059701240057
4153,152.626226716613,137.9463731025623,157.851664682741
4154,142.7353051348789,153.1549538437642,145.873780597322
4155,137.0492839617856,142.8233465848616,141.3257913324599
4156,146.9387438557556,162.6575236594411,143.5273495560085
4157,133.0510573676779,143.3638379064388,153.0276411538946
4158,152.4136783322817,143.2708534485272,149.9218523356443
4159,150.4293576491917,142.9624397696624,153.7339049178084
4160,152.7791645012101,134.2542562516969,139.6983407641933
4161,145.2559520283437,148.0728563613811,149.8164518113222
4162,160.5735247186225,152.2827419376274,157.1402365788132
4163,161.9682664886107,150.0496306568366,153.3087236441179
4164,149.0108107759311,141.0875667327927,141.1722783936901
4165,142.9765342194341,148.2808640767971,138.8746622113842
4166,146.9018504704788,151.5106355760308,141.0883824947448
4167,139.5520410087683,144.6450268812744,153.6646388166072
4168,157.3106726639564,154.5764044666087,147.980830644191
4169,147.9551314951387,149.1599529229919,154.8867131173462
4170,162.6701447966265,144.9405601161293,148.3432226002844
4171,170.747984799123,139.932454727638,137.998488614389
4172,151.0646229839755,141.4712411923577,148.8261935839094
4173,167.7293753964522,163.2118540336644,147.3911836874173
4174,137.8509057039383,143.2152159246245,156.1915758027492
4175,143.6961235162654,137.6174717708144,149.968541175097
4176,170.9316764088541,150.7353346743939,137.6396990573275
4177,135.7401153564951,143.1786692784033,144.0333731650093
4178,169.2791639541377,138.6103462326993,146.0913115621847
4179,149.1758802300648,164.5344013317251,162.7271039641672
4180,147.770197177758,139.3788984307661,142.3034271546993
4181,150.9215966007947,152.143206928473,153.9032929442795
4182,151.6670825860399,143.3561875111574,136.4572395615976
4183,163.1216737286249,145.4768015949574,140.8195225579371
4184,146.045459945567,164.4274681527695,156.8306339504326
4185,148.1075567717335,154.6997638657939,136.8038382390708
4186,157.5764509602216,144.637070232843,136.2735583287549
4187,133.6925415074339,150.5749932539107,149.8965296904805
4188,143.3505398476242,153.9411746790238,142.1021652340181
4189,150.0800934198954,135.0164312591,148.3100074517045
4190,154.33892461843,134.1302299924013,148.6399505282255
4191,148.7512914173473,134.140914450743,172.5478691810634
4192,137.9737427009409,142.6373946490499,140.7347527796094
4193,136.694156251885,147.8288437948884,140.4544125242936
4194,144.7993110239933,134.8076373461412,145.6362153926738
4195,145.7113768085383,159.4032476354759,138.6812544536184
4196,142.6019760425536,145.8752115935289,149.2704999506655
4197,158.4874121314016,144.3609695856254,138.3809439077222
4198,135.1135720659014,146.9551416667668,156.0851664951999
4199,164.7928501633669,165.1292549124709,150.9665909065253
4200,146.7931450034746,147.1646778482742,137.4153200678891
4201,150.434156464427,157.9636766889069,145.4080102080002
4202,149.0750416370397,145.9135490835469,147.862271017396
4203,139.4777938404053,152.2297533598986,146.2266928328993
4204,147.6331056235839,135.9839530627762,174.696661129964
4205,143.7706709639765,158.8755963999042,136.9635944241334
4206,152.4479628297465,162.123500364261,151.5612135210782
4207,147.2214090358726,131.9842744105402,146.5252077377826
4208,156.132912529477,148.2895945325367,160.4910228011241
4209,154.0215470679587,145.465797983446,140.235724204811
4210,150.1765618134168,158.7257275049853,139.7336479631432
4211,145.7621366184465,154.7456281739517,133.8686381353375
4212,153.9888839375485,141.6328543405819,146.7664683463369
4213,142.8542710841448,139.0988077778743,156.6525450317976
4214,133.4615689829907,141.2156823119385,140.0966981619447
4215,150.4923722428073,141.1471085521227,144.2204977940283
4216,156.0426884835905,157.2383700172514,143.0098152144216
4217,146.4347436989584,145.9759850050677,145.0809333888598
4218,154.3441797169492,135.3566248891038,140.6220569190075
4219,132.3024210878572,160.8058764467993,158.7038122511811
4220,138.7069533564289,148.4088441945239,150.5451559951018
4221,126.9660744168244,142.8590431160771,159.3635568417423
4222,144.0300705317198,156.4291928778779,153.8336887736178
4223,159.8328765414154,144.8502304596146,167.4581130633602
4224,140.9585843729351,152.804066439632,137.3893212255239
4225,148.490144769179,143.6401200709877,155.3351760096327
4226,152.6989160706801,161.3076671278423,140.6526230492183
4227,147.8006913610803,142.2901395030112,166.7996967375481
4228,155.7923362883939,139.3970052409742,140.8387808098006
4229,142.9057043313438,151.196850198438,152.133963228797
4230,149.6027233865413,137.5766695935736,143.9941959481174
4231,145.4967833668385,154.1728384557386,154.2917276415679
4232,151.2693195672111,142.4990717929067,143.489377416234
4233,138.7488080189235,151.3473772858328,146.5506842419279
4234,125.1945498356625,141.762143647441,151.758889044784
4235,151.273206969539,151.6003241395568,142.4097463331298
4236,167.5776106654792,160.8766079271807,170.0494930969264
4237,145.620589630047,146.4922301498042,135.3968354833759
4238,136.7578951869322,156.2718331319467,151.6907119900738
4239,151.0558235690521,140.0347083301183,131.6430538198972
4240,150.3347768222763,153.7042659228948,136.3674473913364
4241,141.0691928079253,142.2281101922491,140.9799709561766
4242,139.0352955274193,133.6836410243689,141.1141067931144
4243,139.7794605577454,153.8270866981374,161.4800632490504
4244,148.7067908603093,153.9312370783772,147.0424930013298
4245,152.3368586677597,133.3998152871769,148.3689902692478
4246,151.6730570678214,145.2924348804805,160.9809306301863
4247,143.1589634082625,140.514643909862,141.4023992353931
4248,146.6751669474205,132.4596807086512,147.5830444241741
4249,146.2065418395195,159.4900092766207,153.0118162323339
4250,148.9450460832024,162.7993609010628,128.3038631313303
4251,136.316283780227,150.2944057997987,151.6858375596194
4252,142.8650681110824,140.9497242776263,134.2436460030792
4253,142.2297667757371,133.4032184775596,141.6649077416111
4254,151.6661122082699,144.8129226990143,160.098124822244
4255,161.0931480474479,147.9398049635356,151.4521978313872
4256,149.964787335801,158.2166224237977,144.7853039489456
4257,155.6077392207532,139.0241023118084,155.8791716658098
4258,148.4786392200517,161.2339574707866,137.7450080673295
4259,141.4143587717992,144.0232784426787,143.8239182363768
4260,155.8882856578182,153.1538840911338,148.8642015485665
4261,148.7747154052892,140.4195076460123,141.4240359300948
4262,142.482634034326,144.5352441951804,140.3250853600274
4263,148.1879846886374,144.1265236500466,141.3247044284954
4264,148.0428743436402,145.0327564415224,139.4086833547225
4265,150.6137926315133,156.8950854069201,156.3229924507695
4266,161.4025827039764,144.0432439738775,148.9867095854812
4267,149.1199893886734,159.5953107412542,151.7339100835188
4268,151.1000141223638,148.3291910201898,142.5794194513753
4269,159.647426891437,146.3517755561651,157.6866324656069
4270,148.5810684251422,148.8644384749506,140.1629379591431
4271,145.3359233428105,154.867674559126,158.1493532152531
4272,163.2238832513579,154.8581129198767,138.1496182449341
4273,136.1290346313902,152.0148178188891,152.5597023829062
4274,134.6409570768205,142.5305161296875,152.0712093269663
4275,140.5884951336722,160.8560756689065,156.6647085584522
4276,150.500049944753,158.643614477282,148.9211902430975
4277,163.2300408073708,150.2000994392738,151.1638979737936
4278,133.0394228149968,155.3369587925345,145.1151293093628
4279,147.6416585565806,158.6237319657202,146.4602789709725
4280,154.1178668860425,133.7598825584083,146.4199525089146
4281,164.1137031485293,153.3498700003306,140.9311526536843
4282,150.0440858416861,152.1109796512133,133.1477561322385
4283,150.4826094314048,151.6920042369591,159.6786779627007
4284,163.0441544050774,156.086335922087,143.4848357064017
4285,153.8627795567553,130.2900556458428,152.101333786589
4286,143.4186575958862,156.2004070315119,142.1675733787384
4287,151.7217734088314,146.3997693976708,162.8406729711493
4288,143.8440852872004,142.5738275677531,138.9488189535113
4289,154.3702291573214,133.0139612553426,149.4416563794683
4290,141.7765850962806,143.777363689639,161.892872890749
4291,147.5517769345188,158.334207720222,143.4066575033785
4292,143.9043900169835,148.4450915797485,168.0918875731407
4293,136.9107304468422,150.737783363765,136.8334189413816
4294,142.332818738928,151.1579393426648,147.7116651964082
4295,149.4139191637451,142.9682473246633,153.0553398485435
4296,154.6817432501877,139.7057151083642,130.4850356811988
4297,146.6124880118518,151.6329206824391,147.1347964272116
4298,153.7571568463589,147.5539397621946,141.6621462913937
4299,152.5634442130252,147.4810395701815,152.2114136952302
4300,137.1298637385083,151.768299307124,141.3672606886588
4301,152.0914333703178,151.7256248343919,141.1180323600925
4302,150.4467822333392,138.5897056499941,156.4435354388903
4303,166.6898957817191,151.9961664815613,141.3621228942971
4304,138.4563850542397,141.70930881501,152.7322516642585
4305,191.2359887647299,145.0512550695529,149.4530872662737
4306,150.505112033511,162.2469641264645,149.3333713240693
4307,153.7204777337943,154.1097575906801,138.0781680193123
4308,158.0596348192791,137.4840996258954,150.0791056600767
4309,152.0703808341927,150.2734914176502,145.8830224668799
4310,140.4022450332713,136.4649942032231,155.1584424112969
4311,134.9633253406235,150.6573984552385,148.0577447767768
4312,153.158184798981,148.6858439850936,166.0575613851561
4313,163.2562837468271,148.3679160190103,147.9243849807339
4314,150.6774969002257,155.5561509766316,156.9596557205251
4315,135.9448310758249,146.6381189841871,149.4448968974271
4316,151.1816317587716,137.1892746545089,149.2702465378456
4317,144.113401530046,144.4399583534894,148.7657698213764
4318,161.3292581380539,140.7596750434581,147.2682430130675
4319,149.8739186875758,157.6563146649273,158.0767018914605
4320,145.1604695605279,147.2958289406854,157.4396200286268
4321,143.6897233296578,135.1949010360017,154.4185990091771
4322,151.306514584732,139.4488177285906,137.7511720613269
4323,150.1019664523468,147.4767112362404,138.2481071291512
4324,140.3460018058071,144.6724280201697,164.6321303923173
4325,145.5845228902459,144.1104292476523,134.6423465647735
4326,148.5831197948899,149.3254337070396,143.9378967307196
4327,138.8416102334736,154.1205696758767,148.8902468289982
4328,151.3464077305032,147.1729960881502,134.2225386737632
4329,155.036998560427,144.3140735715483,154.7330782576974
4330,140.050639874049,128.4149726543839,148.0423446578313
4331,150.2481188903199,135.5401718472706,138.7925529055684
4332,144.1258681811852,146.6358526645001,149.9513514906974
4333,137.6777642313269,138.4239904254863,135.3824376675272
4334,151.2548582428559,171.3578336577978,149.1275725319679
4335,145.5952829216385,147.0726153170943,142.528729865737
4336,147.06569639475,156.4611882536518,145.1208278114009
4337,147.662725326677,151.3164032472303,150.0712363270683
4338,150.3112680621634,142.1770622583406,159.1907376170471
4339,153.4726680242937,133.8005898422427,145.7609820243759
4340,149.2261621547265,138.052689196471,151.2334723351484
4341,165.6492120522154,144.170395750695,140.2316542755908
4342,140.7352125145276,155.4724951091111,141.817176547628
4343,158.017783697978,145.5945332966095,147.358604224395
4344,156.3734621803185,155.5165309526922,152.582910008208
4345,138.6220953824459,152.2263616622896,136.8952374053743
4346,147.9180571421658,140.3878917656296,139.2293300142033
4347,134.3367376673852,151.1637689321765,161.3334402662284
4348,148.3465760849998,151.1597032866879,154.3961692561634
4349,164.4581171276178,157.1217936481406,155.0988476063712
4350,134.9312539041116,156.5893492078722,146.9831208246561
4351,146.2569139500415,171.6667485823312,142.8420067325809
4352,171.3335294889777,139.26523903925,147.3475521898422
4353,152.3535968566734,161.1784319982847,145.7124246149663
4354,158.1219450300404,138.0127987112126,155.8727195167075
4355,147.3263563561387,156.1808531817134,157.8248031299075
4356,150.9910689935739,134.4813444439162,150.260805740578
4357,152.1589826887509,141.5803553091292,156.8729859957271
4358,140.8293624862994,163.416222886709,138.909901562473
4359,148.7045490939429,145.2825427833222,150.8302967537988
4360,130.6451244025254,152.2550099268736,142.6909533628202
4361,150.5816608662826,144.6337554797977,154.0844360153436
4362,148.53495209651,137.728921248335,139.9041645021119
4363,151.5657172379781,164.2422254696028,152.1461395830961
4364,138.1766586079161,149.1128618798203,139.9853854784844
4365,161.2885626951834,155.4173880305184,149.4062576378376
4366,136.5142871142543,146.8335091547978,139.4512588507806
4367,143.2412744547477,142.8449314862635,146.3584253612847
4368,151.4685438223794,158.0110245038725,141.7529540530631
4369,151.851600734058,159.3805944543234,135.7491417342537
4370,160.1939766040362,137.262099158473,149.7730000562535
4371,150.2855656967589,155.077620116484,145.6854171705812
4372,144.6273377873456,144.405563473354,158.6798074671904
4373,153.9172695358484,162.215034556578,155.1573852288877
4374,132.2785033468005,141.2312354122964,145.9094729369477
4375,139.4573777857898,142.358250081783,122.473087819195
4376,142.1403744352587,171.0848657871534,145.4390735240188
4377,158.4380701957363,148.8563634226681,152.3917845576759
4378,146.3466564214337,144.834682649987,144.606381079004
4379,144.4012172035712,145.4293423089728,155.8370274128291
4380,156.9532811383538,144.1527334443259,140.8117787408746
4381,151.8126080663808,148.7234004582691,153.8384893522709
4382,134.1603600041605,152.3425314069244,141.749632744548
4383,132.5623549700822,147.8222510598736,146.972555312366
4384,143.6454457383439,150.11700092111,159.9117104049981
4385,146.4362563070913,154.7244922560251,169.9637491418597
4386,140.485659534016,137.2496033165164,140.0658195731265
4387,160.1665762642242,166.5968390509304,148.6034795740455
4388,139.5294650511045,143.214061337261,150.6851288941749
4389,153.5992817793625,168.5763242982494,145.3744511974298
4390,155.7403201899801,150.4536214738709,127.2794874060886
4391,144.0377509225272,158.2076126985668,147.011781109187
4392,144.7117176377321,164.3857710989433,145.4675408789441
4393,151.4377727056563,156.0433506156518,158.156406901783
4394,158.4243538515558,146.8676530031097,160.2592186212429
4395,145.3947901521464,138.5106802587691,138.485668351365
4396,164.069550348711,137.8427647929202,136.5955635411641
4397,150.0791380396013,144.0313192476697,136.9505331935537
4398,143.9998546962678,147.8124473835783,182.6765101394314
4399,142.4508226148207,151.3904359513158,145.9186568007831
4400,139.2627526907584,119.4383309382876,143.1303386618513
4401,146.4963457742432,139.3855789523024,143.4675435218049
4402,143.0451236739494,158.7162065283481,143.3293894627952
4403,155.523520394356,157.6070797990225,132.3405864228867
4404,164.6095882069463,137.6463257479038,156.3783687920655
4405,156.9537612259556,155.8419712969403,151.7404720563804
4406,146.9874391885292,126.7732078609679,153.7282502592748
4407,166.1819754079662,147.4165830633029,141.5772488703774
4408,155.6521878092242,150.247403352177,142.8388322210824
4409,133.8326472925252,150.5479124114343,151.6775582356489
4410,152.289820451708,156.8352390838911,139.2336058051375
4411,136.5369554558964,149.7444498619761,157.5503901725218
4412,142.1802563944969,154.0103315273878,133.6504762457623
4413,150.7130067188886,152.7591120441523,136.2028154370078
4414,144.4021990153176,135.7668007341597,156.1075558593948
4415,155.2379573194221,136.6874719024802,142.4330849152402
4416,145.3495019918506,157.1527847943834,154.243452897831
4417,144.6594669705065,152.6852855965377,146.6605237297847
4418,157.2153391413512,154.4302917067428,158.2874032850036
4419,151.8348257002495,150.3287422930997,141.3829931645922
4420,168.8064371922166,143.2528065330117,158.6706771786607
4421,149.6756037648047,165.2425583601936,163.6262838842744
4422,140.1586740931187,144.1070473148149,132.9797993599807
4423,144.2108084445306,141.8114993578149,153.639233543686
4424,147.1200539828118,150.4546937370229,156.473987362768
4425,159.4516749154228,140.1509608893109,134.2602791597008
4426,137.9508509334281,144.2440221609862,158.5144970504917
4427,145.9758145024011,132.7130723167386,147.1974388346404
4428,137.2718191361759,142.8114344351591,154.8291406617311
4429,145.1238650181666,132.821930043719,143.4869580591335
4430,148.3802071733034,139.600397894248,148.6953538069524
4431,136.3927298113512,148.1803115086015,139.3343417794188
4432,155.4195976250235,127.192477231791,137.3560397509344
4433,154.9791282594205,155.0578795021041,145.7768398729591
4434,131.8741081461396,135.7402188501385,127.2488312610347
4435,158.0268609107893,138.8374180271741,153.0057383706581
4436,143.6101636082268,146.934261894517,154.9104678524359
4437,147.9904192776525,150.1507520774651,162.0088075547234
4438,130.9297632148373,139.8619126520822,149.7201016998086
4439,146.6080719906744,146.5863073747637,144.8967848785686
4440,151.8981957276031,160.5625515343935,143.0780501111094
4441,148.1389855486923,153.0029259900684,145.7968199109211
4442,150.6857767841897,152.2600808075615,158.6933084348638
4443,148.7981421185958,138.9424978106133,151.3736016545693
4444,150.7435683859176,144.7875850639032,140.10763736685
4445,170.8096705168328,149.658638905576,134.1553296912809
4446,150.0772566537483,143.5025149248609,133.1516833069114
4447,142.3015135754329,152.3227016247666,153.3686500817952
4448,144.8261122466232,143.0351065326563,155.5731406260595
4449,131.6416027060375,151.6748069218835,140.8752898802528
4450,141.5495121806601,143.2473680143557,156.3313506978388
4451,148.7346473783759,166.1521453163138,142.2504832116756
4452,145.5270562608285,160.5604149364228,151.4977740230682
4453,146.6874175798938,149.9283114926824,136.9540340650538
4454,134.0565652413609,155.0668535985818,137.5144697580925
4455,145.9657964402651,142.5363091822939,152.0732522588661
4456,160.9518313611882,185.0311264212663,149.9075531632226
4457,130.4078213466161,152.5430302694698,140.883081413139
4458,151.9604739996582,150.0862009512692,149.3919556591159
4459,164.0860676338496,142.4858434483592,162.9595665390962
4460,157.7489672321614,151.9194474063897,139.5558401641636
4461,129.3594445537002,148.7531259401108,145.6458958546051
4462,144.6852759202808,139.7762490408084,148.5079489024709
4463,151.9163753480532,155.362645263513,149.9173678789391
4464,144.0012599809579,145.9261825027865,151.6020443916098
4465,152.4030068167404,161.9782852898385,138.1086141220005
4466,153.0597476470325,134.5416414453316,149.112183138323
4467,147.3158672231035,149.9027673235537,147.7551141909509
4468,141.3493633037943,155.6047467186122,153.1384894852893
4469,147.8819588871396,161.5600991502303,144.6307465497092
4470,130.3078211666024,146.168627477322,143.0265574459135
4471,146.9448146071936,145.2401978571189,137.3806767918261
4472,142.0576400455673,149.5286343285969,149.3938776410378
4473,142.9200899089178,146.6919584213079,164.3547178309358
4474,141.6578843258196,155.4704001689355,155.8610212555416
4475,153.3922846840554,147.7342529530764,139.372910370945
4476,139.1251252082061,147.6759639825582,147.8348728567626
4477,141.7810814958095,148.9336892508311,153.9486272736181
4478,139.7701871125695,157.5418104282282,156.0312207696226
4479,146.4762594219206,148.8056090362397,148.1462171335659
4480,140.4112066342351,152.8153493014783,146.9341437587415
4481,148.0060328837938,136.2428872798248,146.050045142625
4482,150.4236343494366,155.0905107043124,138.1219231765826
4483,146.6491006187284,144.9510387428844,145.3553610523894
4484,141.0200014684712,166.2736759193022,150.31179610279
4485,147.0970321970713,150.4781307079521,140.6491199975451
4486,136.4224651759032,160.4756728850212,154.494398057115
4487,156.1862965322048,145.3783110453864,156.2481074090566
4488,142.6221349400126,150.786855116415,148.9608405826171
4489,167.695671628944,134.3186860323649,146.4725661837556
4490,153.18053154536,157.4813625326571,158.3459447849678
4491,150.044947097696,144.866574502351,151.3724056573313
4492,150.6871307962295,142.8679210783185,146.0326050578839
4493,135.40877973901,167.9823062823696,136.5876054207386
4494,131.0013882179778,143.2302219965603,133.9438648094644
4495,154.2247280221285,143.8575385889202,147.8253732486372
4496,158.6979390573763,138.9293262206927,148.900790780269
4497,159.992990616818,144.028388918226,139.5907183695873
4498,149.5492994778297,146.3486003735039,145.3603324404979
4499,156.773540381666,146.789121666473,141.734237146568
4500,141.4673232800085,139.558446785128,147.543649205632
4501,136.0941386805717,157.0320299936408,153.0309387530576
4502,156.7709804004541,139.4161009588941,144.744656444163
4503,137.3088551736947,156.3373406527709,154.3668638554822
4504,154.7374219079408,151.2874336422274,165.0548407526583
4505,158.7626911688657,152.8330590513918,153.9478300378905
4506,152.902718537179,143.395600733883,136.9306727479974
4507,140.3855780250278,157.6196350633825,157.6392194601281
4508,138.0366950303538,155.790520617203,152.2428177863547
4509,145.5672330101386,152.8506679803081,155.2511948782614
4510,147.1002783856564,139.4754252610117,155.9111967577867
4511,142.0962131402041,151.7252454248022,145.5787230529488
4512,134.8388074967788,164.5110953221894,144.9351206649692
4513,139.8406025182606,130.9678882067441,159.8933647105058
4514,146.5423395932469,141.7928902602014,146.9317530350057
4515,152.4259976557737,165.3287908652421,159.7703298854459
4516,145.187443966506,154.8221697987354,140.4932763133118
4517,131.9752898777667,143.0327926749126,148.838909442828
4518,132.9253469297846,151.4800574857712,144.2064743588657
4519,156.159357473296,148.5944695978956,153.5608305113046
4520,149.0291529083675,143.4613157077849,146.9109282646209
4521,147.1620256144977,148.7887748985344,144.5676102228115
4522,158.042059259336,160.8243935519335,152.9118704829124
4523,141.7549208093562,152.7401050670964,132.1119265975189
4524,163.803309483702,134.5152531414753,133.5201823581575
4525,156.8630373916599,143.7705260601532,153.1425896896859
4526,144.5191388340564,140.2392666445223,147.305030741921
4527,156.2322573291012,155.959709372132,152.86665675328
4528,141.0467048511787,154.6105048488109,134.1071963810337
4529,148.2527009350649,136.5434357342754,165.5171363333081
4530,154.5107996775024,139.6649932505775,123.6484781909444
4531,139.5348993244189,158.4983917256001,156.5302149547832
4532,142.9621885639901,135.311322417391,144.8946387271491
4533,128.9875319422811,152.1229828390211,141.1532383182639
4534,152.3735798853454,153.9110929334438,151.2480510206321
4535,144.5553840580826,140.4054627390681,146.8016704401374
4536,140.3496084271063,158.5503289795102,155.6257393012213
4537,138.7832583164091,141.6577343660277,136.2857340210234
4538,146.5797812796436,138.7964485364759,155.7859752123076
4539,142.1609557761315,163.551651433282,142.5848505882222
4540,146.8655882320292,148.6124268941991,159.1309408914611
4541,133.5320238198007,148.323354306343,153.7642847782303
4542,155.4261575367892,142.2737596322739,147.0635970785721
4543,144.0788938892508,162.1058289073073,145.977973073087
4544,143.6675862595894,131.6034215643557,157.4391018306236
4545,147.7164285267091,147.3214995766603,143.8675341352235
4546,138.6209866811945,152.7427007300943,145.1958687225585
4547,137.332446379263,146.9210416150596,156.3217078588729
4548,148.4366069400551,146.5445790846941,149.8677149734981
4549,152.8241762369192,156.532606494955,144.2101214475585
4550,149.9102152096005,137.0297458869607,161.6179166266344
4551,151.469562738254,136.9796684646086,157.0733584681851
4552,138.2436246985511,157.9271830969092,137.3184604708996
4553,146.0634421468245,129.0923777154991,134.5713337520243
4554,140.4804928134833,131.0604340816968,149.6327352055589
4555,141.3785324579034,141.2026372330006,143.5994483471726
4556,142.0435190611115,145.1102550927478,151.2340895982955
4557,161.7816798228471,134.4773412839702,145.5325959951932
4558,137.9712600697354,151.364170332175,143.1984333225873
4559,142.6300549188581,133.5752823143667,138.1092985593029
4560,150.1347194133556,136.0253344271927,153.7899925988713
4561,153.313526488664,135.365923743852,142.3767495584716
4562,150.4497516641242,155.609588169281,155.8321032833253
4563,145.8999784748465,142.3759278610369,151.0829003402801
4564,151.7252238285097,141.4678514314551,144.1420642648942
4565,158.3476977373157,157.180413153683,132.2029691687142
4566,147.814828813451,147.0585989102878,159.8213011355109
4567,138.2635011572607,160.9742013400075,157.358086876115
4568,150.5931763471722,168.454768555826,143.2159186987607
4569,155.5373125014449,138.9390058867719,147.4897370343311
4570,135.2922527700273,146.1190098613545,151.7758903171904
4571,146.0421906650926,147.6663096462433,156.9876615704081
4572,152.9579973758682,151.1509216538574,166.2372710192647
4573,144.6509644165033,137.3504039085323,146.6260336656984
4574,149.5199357692806,162.4898748849964,138.2100838939653
4575,150.5208937162519,159.6733627047884,159.6730694802424
4576,141.4196467556849,138.4733831030037,154.7342839467203
4577,154.4571206929209,140.6387599156915,135.4248823488413
4578,148.5081584096903,148.2278519991218,144.1454151873731
4579,139.4924354188586,137.4042058542414,139.4866915584642
4580,143.2935421790813,151.3379639929208,171.5504140181637
4581,138.3589315312676,144.4159601612837,145.1716288990854
4582,173.9939855730713,128.835565985728,163.5447294463154
4583,148.1161232373606,141.61831720316,154.469191025115
4584,155.514151233868,160.4440329277233,140.4746253900831
4585,152.6047815370497,155.8915442165567,143.1320746410925
4586,135.3962938382201,163.4663706026562,152.0266718716582
4587,145.4554631718136,167.5674651312892,143.7539248693318
4588,144.9237468082504,151.2705133355684,150.9167453794889
4589,149.1124063751211,132.8158740718233,146.0110739190758
4590,133.9304736351587,147.3068775971421,148.0334893535548
4591,147.1447171921731,161.2345848959087,131.4329145904902
4592,160.2018521199275,141.6456958000522,146.3777404766759
4593,149.0972134985683,145.1107127901618,149.8562251265047
4594,140.8644248859618,152.868120199256,138.4820661092776
4595,142.8874208045041,154.6770643189902,147.2860331650507
4596,135.6649289515539,159.2518209169268,154.9180253065782
4597,140.7377856628926,138.9325132856033,166.0096679184527
4598,141.7374326589882,157.5725459344623,149.7592537091531
4599,137.1850073982156,142.7935859232219,155.6728305308029
4600,154.6497875606602,139.5416741377263,151.7532030554063
4601,150.1713931702494,146.2694720640419,162.0465509816709
4602,162.8013730330181,159.2522050061484,152.0626689807183
4603,152.5941126685487,128.5062644520557,157.9549478502412
4604,143.0209879823913,140.0649594886812,155.555298870444
4605,133.4316637168056,146.6806196662223,149.5119501460093
4606,153.7261155429859,140.4571094389224,151.0366167671961
4607,146.7729953759825,130.1855432071714,134.9050752962187
4608,141.5633187301072,136.063976278528,138.0011580281856
4609,144.2549074072947,144.958446363324,149.1947710195358
4610,138.2097326148674,151.5589944995226,154.9599565730259
4611,160.8101379617865,156.4625094645811,142.5307531054238
4612,146.2425891889249,142.2017644655639,150.2256110636098
4613,138.9110262305674,150.5755081358522,149.8101146639868
4614,147.8362281488961,141.386519276619,144.9597065836664
4615,147.784168614307,158.118944099348,124.8246669026971
4616,155.487427726002,151.5774591032661,145.5978967219016
4617,145.30560561355,159.4273788119727,143.2095871825397
4618,149.3695276797523,152.4903997266948,135.8506441766982
4619,142.234413800132,137.1968749749518,141.8763081999832
4620,132.8266496671428,159.2479050467237,166.3890799276241
4621,152.7001921676751,146.6568498370691,170.5093239727464
4622,136.2108443037014,158.9651099966781,145.6330046707704
4623,152.8941042234953,175.6209377508219,144.1699802687518
4624,146.8042725400047,149.0565552615247,142.2809006614187
4625,153.5478915816766,132.5863289976731,151.3556403058978
4626,146.4170531319936,144.4989273420689,141.9269556094748
4627,144.4809999614623,144.667037259289,159.8317023954754
4628,163.4830815787568,156.2902466011289,145.6699047870102
4629,172.826853435758,139.1276386445507,155.9324336656813
4630,152.8161512368566,159.2486276621127,153.9206458295509
4631,171.9889693029247,149.0267633685923,148.7737153648009
4632,148.5155947697356,129.138537317842,140.5786683756779
4633,164.8874840709948,148.4065512157333,143.917747223028
4634,135.2018727668917,161.1619318868726,144.1434499740709
4635,139.2750336414277,145.8769246883223,168.5082815061485
4636,162.5124124794892,152.5929017165008,145.8857579778559
4637,139.6510044198908,145.7877894408591,153.8985392000384
4638,137.4653385637759,142.0911283645277,137.9193265693448
4639,139.4459485642757,147.5328102599856,152.422639726454
4640,156.6065021552986,137.940725360198,158.1695284984628
4641,157.7962095410104,138.2732827968091,143.9930861612062
4642,141.4604835284368,137.3031350825941,130.9704371656548
4643,151.9318358978788,157.6542138447892,152.8021422792422
4644,158.0544392612529,149.247581026142,146.2350093602444
4645,160.2112096162537,155.1157586990804,171.1220972309347
4646,167.0581905938898,159.1489137079012,149.8593899087881
4647,151.6804623281093,143.7763854098329,143.8745387717537
4648,141.6933013578095,118.8298887944785,142.9916959644514
4649,159.0066055232402,131.7380339829749,149.917014685404
4650,144.7191646597527,143.05565141208,138.7933641776915
4651,145.1355468124087,149.8494762896313,140.6089914302318
4652,141.2802047428651,151.4550869572151,154.0220861473771
4653,157.2386186674869,148.0819978614025,151.8834006249065
4654,144.101785152938,135.1351606675383,155.868307424163
4655,134.980500081734,170.1166974289064,138.5942559253682
4656,135.3253247908244,136.4302630216134,144.9269403063759
4657,147.384389774329,145.880165662154,143.4772224205796
4658,160.7656693993085,144.859027479966,148.1181513422852
4659,147.8851153484893,157.2075508246426,134.3897182146891
4660,132.4626689696416,139.7782090885998,140.2675058140784
4661,135.4669864385137,159.8544220687733,149.139385170593
4662,146.328364360652,128.2179457403358,135.2860951611355
4663,150.6648540598556,144.7040888627047,146.0420554911239
4664,173.9725362079187,155.0940622302605,143.8298884865054
4665,132.8608945587742,136.2320490638361,139.7785711809606
4666,150.9655140389702,159.3927578809149,147.2967281457489
4667,152.2280060624,139.3523425315058,145.8549714343277
4668,131.8053064691311,138.7583615529439,154.2215966962841
4669,156.0562138550715,149.7254294621713,141.9990864167566
4670,159.84590793542,149.2469450842371,174.0168974783011
4671,138.6019291021263,152.7004395521367,154.8820275209234
4672,139.2244806790352,149.7723019616947,138.6282939826783
4673,150.217819771068,143.9402406737517,157.8234326092945
4674,141.6559287756684,144.60083877299,163.745538332556
4675,148.9495093359891,139.2320810617033,160.5564603169992
4676,156.5861519643163,155.5079380230901,159.1771687829894
4677,138.1877285772924,154.6137698062125,136.9117234723532
4678,143.6629958656669,159.9709161483992,156.2452745815659
4679,130.8330527353974,143.1244202931457,132.1064446431791
4680,150.0609250620741,144.4811604394822,146.7946514727867
4681,160.346750612816,142.0391860015213,140.3488073765552
4682,137.3220964407907,142.6487139125257,147.0183408630073
4683,155.7215570570872,144.3980794635924,150.7224872542002
4684,150.1324748840509,151.2250461774318,147.1721935116647
4685,142.8751018742015,143.456646059602,138.0863148703061
4686,133.4604646388818,150.2511547523788,136.9832490643094
4687,144.2691112714463,152.8066220355452,149.9562061078878
4688,152.2123605249477,152.6022305422019,140.253062045992
4689,166.7543759470373,152.8248972624484,151.6829031277941
4690,147.5754486258752,144.9087672374938,146.6252962160894
4691,138.2921298126281,142.1310441279997,157.0578585692179
4692,152.2245372475127,143.9993908643979,130.7176128498226
4693,154.5039773280552,149.9161667104206,157.3892804851808
4694,148.1301820906906,132.7016742323063,150.3954886895218
4695,140.30639957617,148.0282290181545,161.460373695322
4696,150.561202177608,150.0801529459277,143.0548944005112
4697,146.0956408542597,137.5494581684119,155.2535035096346
4698,143.8069015676619,142.6198695808032,148.3243571153678
4699,150.5086065648637,135.8267866423393,152.2398046758481
4700,152.6350701002465,150.5349272230732,144.1879540810887
4701,146.3832473748142,135.8342616191896,166.5335411719711
4702,147.6535776919428,153.2234979711424,140.690336905523
4703,156.7179248710252,144.629788115453,136.2141821700741
4704,143.4145367427026,145.2559937720658,150.4832417252488
4705,139.661657016277,153.5182225403773,162.1826912927082
4706,146.3240692194652,138.2836910260442,145.1821193348611
4707,141.2553866899698,140.5097459630993,138.1582644717127
4708,151.1363419067486,152.7961262080984,148.282046679715
4709,135.4369306444955,140.8874346108719,144.3702804925055
4710,155.2003361790472,130.2978448488396,139.7061395677102
4711,159.6557290264817,144.8393871231664,156.6317040151453
4712,157.5345697217913,137.8607514589927,154.9066092021633
4713,150.887069559321,150.5117355982202,145.6015009729466
4714,137.6960940473508,140.3611485024664,151.3158150761735
4715,154.8707763897249,153.2768188812042,135.5536987310444
4716,158.2682022935504,126.3313961989069,144.94849960164
4717,164.1255440657199,151.4171155737156,147.3082263517689
4718,135.9048827954244,163.3130644561644,150.4983565164636
4719,145.5354511835656,146.0829932175006,140.7352540913899
4720,146.6570876337285,152.306185665552,144.4686666027263
4721,152.7928888886104,152.3915732639632,132.4025553017725
4722,161.7120901360161,174.8663372221405,148.6312538166933
4723,133.3733993823367,141.6377620013512,135.5295212475632
4724,144.7774922522789,137.8377717230445,150.5197134408003
4725,145.65971583256,146.8933321274984,153.8065640231888
4726,149.1345568858275,145.1404827320666,132.1480629637603
4727,133.0236048375062,155.8191416911915,148.1254202625469
4728,158.4645780850371,145.6701350170176,158.3750584777633
4729,136.954206925836,146.3281509982789,145.7770648865406
4730,149.0098160409838,136.1511955790427,154.4745489945608
4731,150.7072471115565,152.296169460977,138.3655157867427
4732,140.9118484634292,148.4126651906734,152.7380600530804
4733,166.6451725228976,141.4720007545302,137.2050517691575
4734,167.6508840212142,141.1048929450587,158.1522513332542
4735,167.9818456439599,159.9402257647621,136.5476369433516
4736,158.7174839954006,153.8167988751164,145.8219184938036
4737,155.402787424096,140.7116605374009,149.4499941306173
4738,149.904119326295,139.5905426144056,144.0615574154502
4739,147.6164988723579,146.4020287143885,153.24731190562
4740,141.4621957469343,157.5582128616596,147.2225905632709
4741,151.1654672399743,137.2037425578557,138.3031519855027
4742,144.0071201353292,151.0971568347235,145.8813737821804
4743,165.8824876879645,145.8899216099009,140.973168868707
4744,162.0293994016839,169.639480302238,136.1786420633561
4745,139.8247393946609,157.9474452704434,143.0425479723754
4746,162.8509671594053,154.4172297097647,137.7111167582221
4747,145.7964397495149,151.794724500726,135.9951917461825
4748,143.2598202195455,140.7817104389796,130.3877328400557
4749,170.0899719016562,136.3578140141315,141.4466091029147
4750,162.2944348574929,138.4598074654972,146.1402015832091
4751,151.5196002485291,141.9662814412779,138.8317564496603
4752,154.6337456625134,134.5392655766298,142.8866884353755
4753,154.5228275729351,144.6304335879363,144.0680845313901
4754,146.2977769882847,127.9169246202263,147.5060564252578
4755,148.8750815986216,148.6034625976289,146.183627004579
4756,155.5717043270606,139.2192585576365,162.8772427596682
4757,143.8515599222105,146.1000684803294,169.230501372709
4758,170.1699794336738,130.8478849381043,138.5895893776651
4759,142.2069355214858,147.5499554587749,143.7942700057908
4760,136.5621716768644,163.3452266806339,159.1293615411552
4761,148.1930574390201,143.2455489264623,147.2428877027528
4762,150.8315009985677,159.5773764982866,156.7079422310229
4763,147.7066244690184,159.7325164815313,140.1861968968919
4764,145.7363072309396,147.7968450787802,146.5918645739682
4765,144.2811838619851,157.9996803055486,136.7608818778919
4766,159.8905229911436,144.8555724705179,162.0582029403851
4767,149.8269305757252,156.2154182953338,145.7290814565942
4768,160.7290014360188,156.1396064731958,168.9271438372495
4769,142.5166921261244,143.5096859288073,154.2490586715054
4770,150.0770642562842,150.7946814422232,146.5778793579518
4771,159.912302067489,157.3027110590613,146.0739760133054
4772,144.4898397159188,148.2457202892143,146.9652974371336
4773,144.1546477722898,141.2171070465191,138.9743341048141
4774,151.9623923326001,150.5766359571224,137.0456983980445
4775,147.8552169680895,159.7054119070281,141.3405970408556
4776,143.4298516562933,159.1716031391309,156.0503229059505
4777,153.5908872338823,151.8554705326002,153.5118138487409
4778,150.2884877555221,132.1036822951749,135.5474686908913
4779,135.3998603646963,144.8030781163518,142.3511284667211
4780,150.9570896871582,138.3067419749599,147.0894603234646
4781,160.4063828391371,154.7620935510304,139.8447983101583
4782,158.9420818490094,151.2778700188317,153.5469355973541
4783,140.567864478579,170.3324346893308,149.1712283627226
4784,151.4313310037276,146.3573493419631,159.138739585939
4785,145.491509901459,145.6513969059834,157.7177860620947
4786,157.8072302253416,126.0764445685906,136.7924038077321
4787,142.8016553282651,141.2634059031729,143.6351920629927
4788,132.7753737630337,161.0369289763718,139.9360605009524
4789,155.5801446080045,143.186320078638,140.2237444344479
4790,141.100212318999,153.8622071061729,157.2998103217114
4791,143.2370130458095,148.4198446911708,146.8006815599659
4792,144.9249442307157,138.8050581381935,148.96907954549
4793,144.1278619954006,143.8108427076729,135.4410150242172
4794,148.4340079944209,142.986586596382,141.4291158652247
4795,152.0473488474279,149.8323577525404,132.6361142715831
4796,152.0331953103604,137.5855413806172,142.8199060932655
4797,133.4566509126814,161.2721279221205,155.2487322082647
4798,144.7286389203617,132.8769434885177,146.243949032139
4799,151.3485313591101,148.0981782957251,144.3668576287602
4800,155.0750148747935,160.7456415428566,146.5091003347032
4801,155.6377224257746,147.6954847937646,145.8992018596716
4802,152.1004751618244,137.0448591280683,138.8106795784128
4803,146.8600991878467,139.582005657128,137.5229626018634
4804,140.198893158791,135.2343763650403,146.0305866434422
4805,151.0917990016517,136.6102997857766,133.3372008570226
4806,138.1108744076228,169.2635223700211,155.4112105264068
4807,138.3668892828859,139.5693963508983,138.2044642281765
4808,134.9517863103292,149.3299142577938,146.4480421024914
4809,135.2254006890884,145.5668825952431,164.4097176095065
4810,151.9254591269392,155.1729016922217,139.0276159183028
4811,158.9531967531748,138.1035538855191,148.0441301009199
4812,144.461507498396,150.4173636391516,150.26792728729
4813,150.6092449274709,143.726113429691,154.9917413982329
4814,154.6515400325641,154.6780244691569,146.8277817067161
4815,158.1240566507009,137.7371648627788,164.239026390685
4816,152.4873855643791,141.3460336343026,162.9748257912872
4817,150.0779777450381,141.4414341089915,144.4371257016308
4818,146.8476840414528,137.9003945298329,144.7200005029727
4819,149.6423491306312,154.2487481417849,151.4915278858405
4820,144.6876446263637,145.2691147841099,139.922723101182
4821,142.5344004150343,146.6270316623059,132.820818295581
4822,152.9486890821728,153.1905785545925,164.7438848201511
4823,168.3112913161662,159.3765951688791,148.9887058850412
4824,161.102787464116,140.3427299392831,152.6886265771814
4825,140.9176172207094,173.7609648724286,156.219695194909
4826,132.5373643747481,163.601414641761,137.9934686216772
4827,147.9043758913418,166.1845485558035,147.7660228024468
4828,145.7800429944291,132.6482806515168,155.6135898949037
4829,156.8037935671323,140.4479085530579,154.2081356834724
4830,151.2670369665614,156.9743394894325,142.4965365666861
4831,145.182204683884,151.6047260856892,141.8778457095996
4832,134.3641029198533,149.5312110271819,127.9012472787147
4833,146.8106381413176,137.3628376074533,158.9737894084554
4834,159.2449981370549,157.6585068896486,140.4455841591472
4835,151.0091050365812,152.451591784724,144.8360302296994
4836,156.5896575815759,147.9548315038658,167.5325391620141
4837,141.0800903299222,124.444108166334,151.0621037907614
4838,141.6740141570811,147.1424856021019,141.6959025149085
4839,144.5122156717203,140.8892125259269,136.9468331521011
4840,150.7595449775597,153.3957065853863,124.2428710960781
4841,152.4210071513905,138.2786711004782,142.8054649375821
4842,155.8062748127035,139.8660832773691,145.8614785642896
4843,141.6577778186744,148.4284158440464,152.0534265810023
4844,162.9640450230824,147.4878210151874,148.8497416052928
4845,143.486915730716,141.369299093002,149.9387193811621
4846,148.8306496865792,149.7140848451398,154.2569815603763
4847,153.2486014511175,144.5842724024733,146.3458862482768
4848,155.6240861778753,144.5598201355959,143.3713970929184
4849,130.6820657559791,169.8452680473175,142.3894446726372
4850,144.9620040659204,141.0646602075863,146.1050443643707
4851,149.1755498290911,152.1259583326596,138.443713871101
4852,140.2245663760034,164.4873835550855,150.2054398674805
4853,153.6541607044226,141.6947664546119,143.3820408901606
4854,157.8080132967235,150.4434929282606,151.6049824945534
4855,134.6626232629892,139.879249379273,157.409200215438
4856,137.2361157714511,148.6014824877979,160.3098482460229
4857,163.6058571354552,133.2557376621157,162.6798897361359
4858,148.5088333852907,136.2816194164,156.6504470923209
4859,137.4395645152217,148.3998470745318,137.6468626751725
4860,144.5423385663217,152.2142945574477,141.2690018857085
4861,144.7771652680899,135.8184334458661,149.0243386803434
4862,138.875975270119,141.3367502827699,147.2488089914799
4863,165.4209579952631,158.4601828883469,150.7033263002629
4864,146.8423983185237,153.4193232484841,146.5398662804084
4865,142.7525807676574,160.6138377993614,162.2987805734408
4866,163.5400804733825,133.8253588547435,155.4158966139891
4867,150.3944575146183,139.1013885960513,161.9254696189946
4868,136.5526367741492,157.0823399356763,155.0297158309673
4869,147.9095525253071,133.6812095675121,146.3947641826181
4870,147.7395800007259,153.5909431457338,143.0636852190599
4871,154.8437793637806,141.999241031094,143.6272036327085
4872,147.3591064560171,158.8948851266392,140.9794392259738
4873,137.6396578440857,148.4157950990565,145.100366384428
4874,163.4203526093408,136.9216018074227,139.6946936814639
4875,140.0063524450114,144.3343656597926,156.617429777955
4876,157.5641453794712,142.2336743748374,140.3836196516906
4877,125.5042692984538,160.5729260573629,138.889597821866
4878,140.2206357231036,146.7831846726856,149.9530236529775
4879,138.0115518616853,138.8858733568953,152.7006587437149
4880,149.2089734088427,157.9010741250034,152.7476749841529
4881,155.155409664189,146.8053419287783,136.6074830369344
4882,159.2839325252717,136.1239015229995,165.7599895552289
4883,143.0689625065143,131.4220567144535,167.25338871518
4884,158.038404651307,158.0203556147343,134.7933874043679
4885,144.5858564392795,151.8013011944541,147.590970507894
4886,154.3323818189852,141.9819221949475,149.7379280377107
4887,170.0794677802017,144.0094434774777,137.0787064149367
4888,154.6983578664364,157.4323593226386,134.745206180277
4889,150.3224067360871,151.3912654747109,147.9477692806685
4890,137.7145607644602,171.4954463436112,148.3232649591817
4891,159.0618270959149,144.1260211320414,153.7652677066533
4892,149.0077848596698,144.891000229038,139.5574440948285
4893,154.2374620417897,134.44099175136,144.7431433313975
4894,160.0044999329453,158.6629994663665,146.1235435131511
4895,131.6018104357946,142.1233690714304,156.3412956206332
4896,140.5432443359606,149.0284390135432,166.163626630756
4897,140.1776457420986,142.259576603767,143.1338316066248
4898,157.1241899776831,151.430256890525,142.526041033282
4899,146.5426326836613,138.3539085552686,146.5940964001823
4900,144.79861398603,146.8671526245602,141.2279871313941
4901,138.008242527733,135.4055780712034,145.9417333895825
4902,155.6141762814032,152.7555622424223,165.1966719527765
4903,147.3303332895995,153.546066179296,136.9164950463163
4904,141.334650387305,143.5736098781441,145.9167460109296
4905,148.3294667081101,149.735225793402,160.0230167296412
4906,152.0572439017163,144.5372488844456,150.5395929040788
4907,132.2832637230158,150.1242125742583,138.8633179355514
4908,140.7072570970996,145.2044177573573,143.0785863756062
4909,148.1640564663431,158.4800783759367,159.3860077758926
4910,144.2657314358736,145.6512785751136,148.6395356192993
4911,145.6452049400376,175.8814286319088,144.908527742173
4912,148.3603469698376,148.4932811566942,148.5344674696905
4913,143.0756314914256,148.1770897811707,131.5425633969314
4914,140.8391845362858,140.137248809543,172.2040006399493
4915,135.402905317767,139.0627647534299,145.8549202358706
4916,141.8407531056646,146.5211896263588,146.0009733329943
4917,132.2811024366417,155.358878766615,151.0790706720041
4918,147.7651061662413,140.5009202119699,149.5797491135657
4919,152.8114415633397,139.0786107832,163.528191887373
4920,170.6280743239901,141.4056401524223,145.3553059426763
4921,157.9009193300493,146.0841966235133,155.436089837944
4922,143.6193941367665,150.5287075921027,142.925568244174
4923,173.7723003788216,130.1124547919794,146.5773124216843
4924,148.7631169805728,150.4887223415732,157.1758572126078
4925,160.8628023488625,154.931154079893,151.4211797941473
4926,136.5659401428946,142.5137236607278,160.2861764667386
4927,147.4556502718522,155.1093051917463,151.6087316885765
4928,145.1303344209835,153.2846704847466,152.7613515838797
4929,147.0709842397726,141.8042073920473,143.1211435744104
4930,142.1251597765407,147.4182895813812,147.742226717071
4931,144.3716260487878,143.5886397528199,142.9779852989993
4932,148.1215132201402,148.4209058354708,141.3797541742798
4933,148.0006808815337,150.6628940738262,138.4458375678633
4934,139.0176913702321,154.5376084127785,159.2610918842923
4935,142.535711608207,144.4665252363602,155.4786850440247
4936,162.0627445491829,155.9017843003251,142.7320781825881
4937,143.4431351279914,151.4636854899584,142.1184932311012
4938,147.9056684582607,145.1754103746102,152.2489723033623
4939,141.8324473419522,153.3671986215581,150.1177256118871
4940,154.2388629023504,147.0855203341541,151.8252085275285
4941,127.7437595949142,152.9723801894887,133.1369713189406
4942,150.9571246162028,171.225161057293,152.279889344782
4943,147.5251583049655,145.8342627668532,150.9486817286922
4944,142.4013869362475,145.5307775708428,137.2627466075701
4945,146.849104326602,150.110622341903,133.672441830872
4946,148.1730769028121,146.2137350109495,134.7790608645933
4947,140.6854782927948,147.7936488158585,140.272367809994
4948,142.385178949436,142.4169825564909,139.7637304845885
4949,143.7074974905546,142.5553655239172,155.3674364917182
4950,141.9426700993191,142.752006340932,163.0094205768783
4951,148.1089207596633,138.4153060079813,141.748805694861
4952,152.82979111725,150.4079154391706,138.0284247222153
4953,162.2975660392937,138.2409578232948,140.2573857751188
4954,157.0012390434129,145.9587891165141,140.3885212764637
4955,148.2275142877083,139.95501753321,141.6670114497575
4956,158.6280355648741,140.1402171831284,148.5643397527384
4957,145.7920524199045,147.1385929144496,146.3023083701891
4958,161.9789640923279,152.4883667007444,137.4583947130545
4959,145.2710807462491,146.1677836434479,146.935143140316
4960,157.8285616582579,143.5336657543443,145.1426409777458
4961,147.8656206944509,152.5845317468493,166.8095762034829
4962,164.654945086149,152.1018644327017,150.8431963426919
4963,153.4436215476981,150.5620225946075,139.4073329046265
4964,172.5897773659755,144.4102343989894,129.7932255544348
4965,151.5883957257522,149.3250175597081,145.7686981506581
4966,154.8127001809218,139.5788439325491,138.1134982970535
4967,146.1966939961928,153.4903069604951,142.9711732929164
4968,151.8939061868908,142.0295466057792,155.7792926516763
4969,153.5071080873005,157.6716868853972,144.9492558909182
4970,139.257475925072,130.675449414099,154.2867493241413
4971,158.7542277616337,146.8674196125451,157.4635622984922
4972,139.4541922756584,146.0417164898773,148.6562104591218
4973,154.3484326222905,146.2765980934079,137.4311011944979
4974,171.5381025529319,150.0127941942868,148.5938212878659
4975,145.2816907439395,156.5415750666803,148.5565238393575
4976,156.3405474786562,156.21933358439,161.1335517972184
4977,145.5019065418684,154.8006188959762,132.7922434786395
4978,139.4301417979963,152.6633688276452,144.8274631443741
4979,144.3523890445048,141.5851621380849,144.1377180283978
4980,136.4144574894042,151.9273508861534,153.5604867624426
4981,140.4012754457454,141.1460328358317,133.413791966446
4982,146.0499622917981,133.530004515731,148.3410778677714
4983,160.5807596060027,160.2591976779547,146.5200665842856
4984,137.6553479374572,136.8012063107285,137.8025940441254
4985,132.5853199851316,165.8172653562432,142.2269113301528
4986,134.1341468909331,149.6111432520636,144.5794403156876
4987,146.65409894648,154.5467938371133,154.208254082238
4988,134.6843446833408,145.9005587548721,143.5134879761083
4989,164.9320378845549,138.6207633301328,157.3106267845001
4990,141.1690230007987,151.4950428575376,164.2587165013324
4991,151.3487437821978,152.1064894362346,160.9872980821287
4992,149.9368536447488,149.2047228779835,133.6466388633231
4993,144.634325534107,149.2703266390214,139.6526626922859
4994,142.1368825433235,146.5317577322409,154.5516155214156
4995,142.6517301459969,132.3449517777433,155.0998414432021
4996,143.4453151695597,137.6363327722185,145.8115108690458
4997,133.7193826255835,147.4750075303499,137.4216107038536
4998,149.2299219256033,133.8926003390862,130.470958044648
4999,145.9915410235515,134.3635432510302,147.1925965589918
5000,153.7523654485743,150.0703532969569,143.4479025737453
5001,152.5236910274874,140.7197623624108,140.2125878712531
5002,143.7332878711044,151.0066073305145,159.3515929744727
5003,128.2857650702788,157.2640195794078,147.4198757224328
5004,138.5620398345657,146.2016180061155,141.7974041917851
5005,147.7800248929282,160.4786912906498,139.5382142063353
5006,153.9056273309797,148.6209248553965,146.8593472259424
5007,152.3943275029861,144.5462348529664,145.430337823838
5008,136.5008742127275,152.2911698335049,154.9157932468892
5009,157.0167600624499,160.2510503616105,148.7621375165646
5010,144.8583412785433,142.3518409518841,150.1372564759399
5011,152.1200409856998,162.9649325322896,150.36685742531
5012,166.4446144845909,131.9958252342843,153.7186588371513
5013,138.0298764442938,150.8125244315148,152.7112712151113
5014,135.2504388914989,164.5241752829413,142.154316327927
5015,133.6341863960774,155.1463194419923,141.2005561645563
5016,144.4240692931043,162.1539259841981,132.3168592738306
5017,142.205414319499,141.6534500540633,146.9195462430732
5018,134.3617012064639,145.6235420283477,157.3365448288559
5019,142.0164038935302,151.4613090259867,147.0489172424515
5020,153.1404105190472,148.1199841326629,138.5487735188634
5021,144.658378361576,143.9342230722166,149.2701538007768
5022,141.2105042685712,153.7214018909676,126.8088571845568
5023,152.5890409673757,144.6010165905559,140.2736245897462
5024,147.0830441561778,145.1117190863351,140.9506150627818
5025,173.5550655373169,138.3815914274057,161.4953041691931
5026,142.5531095234342,145.0706478114626,147.7298948472756
5027,139.5303780649124,159.9625552344907,146.0266768243019
5028,134.6008745759246,140.2653990249465,145.4493300433887
5029,141.8619094060587,149.8290153189912,138.5466995243146
5030,149.6879208366008,126.1454410717811,143.5783419759585
5031,161.1600812547435,134.2759090806651,152.2524358221506
5032,148.1234580626322,153.8712210391787,144.4164219142531
5033,147.4249411920109,155.7845056116315,130.4708977924606
5034,143.7479083696774,158.3895548928503,138.2985383801373
5035,175.2483409914148,158.9772492554939,136.9890051104631
5036,147.4354778513809,141.7787192013861,146.3317868743272
5037,137.9161522743226,144.3357715812771,152.3452506568915
5038,142.0724104852206,148.5654630096025,140.621363209105
5039,141.4228697041715,135.3013768117663,152.943552044514
5040,146.0637733989895,142.8104548205467,151.25713935256
5041,175.7192851967838,134.7114799315428,152.5903832410624
5042,147.8169568783364,163.4036754353185,160.1382430065377
5043,161.8044277621462,162.8083280044144,131.4282548478548
5044,169.3638019322836,144.1480282866151,149.8945044428427
5045,145.43234452989,150.5113684730079,147.9146432570048
5046,133.4704988907316,143.5784279074628,155.9211741396337
5047,159.2837946214711,148.9432851476054,154.63279004232
5048,139.3517401571111,156.8423082198159,172.7577520388044
5049,139.7170792767665,141.8874195242011,144.7125086897805
5050,151.8577862005808,143.8461426169816,149.373365025159
5051,149.8239062282165,137.0121522091252,140.8789798192904
5052,143.5525607142135,139.6467218628667,146.5965589075818
5053,163.2724473615847,154.9694471252826,154.7776318608214
5054,147.7750635399569,151.9592831357676,147.6420523619958
5055,149.9807678942634,144.0597648911297,163.8842584078324
5056,164.0140354805029,159.512195603401,149.4362546454405
5057,153.3870018171066,142.7684964495523,140.8735581689491
5058,156.7579205451902,140.662309824183,143.3289214995476
5059,145.2084878408309,167.2265623509982,137.6872021914531
5060,155.8651898180959,146.9488638025268,147.4343099522051
5061,145.0511065714385,149.0959933034235,154.1422635575503
5062,177.5744979009469,160.2296351915832,143.6838697045955
5063,137.0897669847555,134.5905736882639,145.9385210688833
5064,152.1717002299664,130.4454112917247,143.9061329551704
5065,122.4520125927177,158.3050491982941,164.5670911467918
5066,145.547115223432,150.1205771228506,150.962674875936
5067,151.1731648433527,144.7392972844252,163.4458114516248
5068,155.8383392578821,129.9535838429584,140.2084056325778
5069,147.9107795005781,144.0786099792253,149.3285015788174
5070,147.1311696161883,138.9774678091336,149.2436144633464
5071,142.2678344225079,146.3707124287872,157.395057692227
5072,154.5999471327999,161.2377411407798,153.3005254329141
5073,157.5794531014915,138.9795213136975,153.2435592277526
5074,146.8088002130243,140.8643836635,145.4821488567557
5075,145.9078630150101,143.8599786691044,134.867054578091
5076,151.6719487818481,145.6543053161111,153.9615878987784
5077,147.2909384340734,156.2272030514632,143.8128905872269
5078,137.5828217024416,149.6887095539026,141.7181120061975
5079,142.6465132703254,160.1611396469691,146.5204282530044
5080,155.3363460108552,157.8066914157469,139.4752476182914
5081,134.1188132070849,156.7976297398266,143.0658852577283
5082,148.6198758113604,142.9605819402566,145.998794138082
5083,149.2981223471687,157.7260773101373,149.604439870089
5084,153.3186515511223,146.1767451103601,138.5185385729796
5085,161.4718401918886,162.6995428380746,157.329339888299
5086,162.4291003960586,167.0444614092958,147.6059885811576
5087,171.5585397660051,159.1261080757368,161.9916045651647
5088,137.8346996854543,156.2932945058885,160.244247563686
5089,150.3741722653141,148.3972934968471,162.3138152406104
5090,151.4733249674097,148.339583264799,152.6795703727807
5091,141.0370412031223,137.4355663076136,149.5656911338696
5092,141.4627149516574,137.2190564255715,154.4949943820538
5093,150.5287285192637,137.4519429865763,136.3785906940218
5094,142.5647547020474,157.2365871477799,144.8022685893814
5095,153.7152119524835,142.2017543774926,151.4292098893752
5096,140.8894784754869,147.8220489118226,145.8877950701388
5097,154.3658788612657,135.7723745061599,153.819733717678
5098,134.2947906346635,133.1291845964097,150.8810661556445
5099,156.742341656411,159.4012655681476,141.4230974715636
5100,158.6339317031917,149.5088290249111,147.8149511850128
5101,145.5684508887831,141.8114138725223,136.129791021896
5102,148.8883412886575,145.8674216302989,137.3899577924419
5103,144.2908943910305,146.3634871876218,135.587977740396
5104,159.2855332273163,154.5018044000699,138.7694527823728
5105,143.1779707919015,148.6035697018276,139.4695417203211
5106,148.8623623587746,136.4698476095807,142.6721483106726
5107,145.806271746463,177.5511727023186,143.2041301573409
5108,133.2342015424125,147.4843441866907,153.3464669907573
5109,158.9168072629626,158.4007076200273,151.0380628623892
5110,144.5667207874761,136.8200157033745,155.7752497409061
5111,128.2580017321067,142.0823524627703,142.7208536393863
5112,151.6557140542038,135.4273488604981,151.2569471948125
5113,157.0629731170333,146.0447218634295,150.6373524847286
5114,138.5312683165301,165.5336754601163,153.4484656776194
5115,147.8798675629016,151.5366968056686,150.847286621365
5116,130.8471586101857,134.5967736463163,153.2505444085726
5117,156.1920374825481,138.8505444196688,152.5673464436944
5118,149.6937368216048,137.6847603606538,159.181642525686
5119,141.4215144143702,159.884383106272,145.1843488499868
5120,146.0566262144841,153.7382446563615,148.2877506296351
5121,143.3907600073136,156.6030609015063,153.2988938788103
5122,158.0519805399568,141.4020652965501,137.2352245736866
5123,147.0778838778257,144.2385240525792,144.3236818691084
5124,148.3924605800672,166.3978529376998,142.1295701609375
5125,153.7485337466513,144.5725245963908,146.4442680674257
5126,134.4829791042229,155.8089653089373,154.282683145828
5127,138.457948740365,144.7818294956572,145.8782672281054
5128,143.6845269888103,149.1152158667311,143.7900049079534
5129,162.7502102651414,144.6566400778481,139.6397101286157
5130,148.8763476148355,154.6402881073005,158.0151929099122
5131,148.6721790964389,139.1891665195558,164.7756478847107
5132,142.1347089313093,141.3044008280471,146.0891742396885
5133,151.3920219296583,151.1254220186346,154.0487497495303
5134,153.8909116509913,137.8776551745091,140.0986193945631
5135,142.7378959734736,152.0664894177512,155.8935497990627
5136,151.1554559773027,151.285753879794,140.5198110804937
5137,137.3682862053333,138.706393526494,136.6058872478575
5138,144.7197189517099,150.5058277396555,145.1509070607369
5139,152.6191799849321,153.9451477946263,164.3278154794498
5140,145.2184868127652,142.4943038001957,157.2088320129462
5141,154.5473042961942,155.6711081262535,177.3182545469141
5142,162.7817580233579,153.4190901765646,137.5476531977828
5143,144.8115248799859,146.1794138950166,140.845090413476
5144,162.7260619665727,140.2174783001118,152.0819438962816
5145,150.4999850532993,160.7499816382538,149.6751686222387
5146,140.3579471882853,140.9701241268691,153.3620267417852
5147,155.2737370185235,152.6233921539043,158.4230894346766
5148,150.9229592487915,153.2931125963831,153.5797963475941
5149,135.2197014716808,144.0209957223346,145.6495867450895
5150,148.2778794268609,156.2184161275527,148.9669754482978
5151,129.6818498539088,172.8124254247754,137.8525656327066
5152,139.9000065016624,139.5514426370717,148.5028885795041
5153,138.0179814188614,156.5147354941097,149.0330924650695
5154,138.0898469036158,147.5577269416556,140.1486458214315
5155,160.1591864171138,131.2417952743867,151.3810339545551
5156,154.9994261695679,151.6121195531585,144.5737197454228
5157,156.3898108725429,142.1311109505323,139.8397895293549
5158,157.0112066481107,152.2006636340923,148.1713212305496
5159,145.6673924298036,138.5488791997587,157.2782277957202
5160,152.602327835243,161.9416927532237,166.2530136716329
5161,143.3739211895891,145.4624247148591,139.1153924166021
5162,166.7955993748845,144.9107908352692,140.2123426246436
5163,148.7155192639891,143.2294614724773,160.5080160583757
5164,154.1006407507818,142.1022535770684,151.0998939039428
5165,137.2068319727261,140.9107802083087,158.1627529323925
5166,145.9668834729494,153.9376398249563,149.4164321799026
5167,153.4402739716926,144.984477184453,150.6082317352235
5168,146.4017882689741,172.7601278645543,149.1376385787118
5169,150.8722147690266,133.6005856516294,144.517255621978
5170,139.1746958321938,133.5602484793521,148.4671851448127
5171,145.4087310024346,152.3504367692732,151.6864667399105
5172,161.4782813041419,134.6359385526759,142.8516144441152
5173,144.730500500878,156.7762089896124,159.5892698612315
5174,149.6662587458624,132.430794164762,137.3175388885277
5175,138.722269717695,154.9636536033561,148.233361231098
5176,155.0296876024692,144.9874692351092,154.7005681193243
5177,155.0786900254506,136.8769349021695,143.1337818082216
5178,137.2642856769365,158.9069661269862,151.8987430364801
5179,152.5218713560288,146.6922686707294,148.6856302082764
5180,145.5247982371391,145.2963204580431,138.8306437324948
5181,170.0655995807102,137.8779450760723,148.2653934775468
5182,150.3018162220098,156.6628710268785,143.6190916786312
5183,140.5345241840752,151.8456759066675,142.7819630655295
5184,146.0866275183116,169.2723308024017,151.8046586133883
5185,146.9514410234797,142.9784281540432,150.843599028417
5186,152.0256722587901,148.6496419529685,152.854221523463
5187,142.7956481890642,144.7519947374248,138.460885970419
5188,149.7864861225717,146.2386241388789,130.538132836465
5189,146.1321812867783,137.415037794956,149.9298568884716
5190,140.0370734774239,164.3855810985156,166.5863090387446
5191,156.1196746629521,130.3952819917155,141.0320541918471
5192,134.0578461353343,154.4817552892318,139.0287581716422
5193,148.4837840505878,147.2909716090745,143.8024671117836
5194,149.5419300011371,164.7367555038479,134.3601447742147
5195,139.282869253155,148.6218629647824,144.1231675826231
5196,151.6934152115982,170.9066801834672,163.1609657967991
5197,145.427843311116,146.3394897807392,146.5785831435962
5198,157.6675935136825,161.5972734137042,154.2362266334619
5199,140.2163758515845,130.7948911563551,159.924157310627
5200,130.6560722713826,123.4264985214328,154.4596715907279
5201,146.2190929788828,144.224649360724,133.1739893187765
5202,155.5579818627185,153.8447343141028,146.9891160328149
5203,137.771723636097,131.5738327220898,141.1142722413285
5204,135.9170484503293,152.7384276890308,146.6718422203965
5205,152.3204884977094,143.6639966137973,146.1131806530006
5206,140.4097910625777,145.8816643659225,151.6125216633314
5207,146.18345555797,147.735221703162,160.8402125231724
5208,127.880668139461,137.6748710434877,175.7662250700041
5209,162.8204374734913,145.0964404503744,148.9598755498847
5210,142.9232666441205,157.852995946779,125.0047676891063
5211,151.7957052500561,151.7157609753103,157.1858765290108
5212,149.4231903662115,138.1423010061514,143.4571223648212
5213,131.7228438235546,148.1235346883896,129.9217168160748
5214,157.1151694266964,156.405546653262,156.789804655014
5215,150.4212066947649,155.3185841648246,149.966824015656
5216,138.0134712572386,141.9386308861031,151.6448228938996
5217,146.915291227807,140.3201175062496,144.871514753923
5218,138.3463391249168,151.7497406650004,150.110214256686
5219,135.7838475693266,138.9727789454994,137.4565144051666
5220,149.9146181302622,145.9385524115233,153.8996902674071
5221,145.2075556080491,150.4873141937627,157.7794883609228
5222,148.3802148023533,154.3512436719733,145.7433880995758
5223,138.8922955109896,152.0895039589577,146.0872471194086
5224,153.2693934449871,140.1421414146099,151.3328234799976
5225,141.7022623621635,162.0146675620378,148.0529504934497
5226,140.6608501175467,129.8090248501284,135.4609780175029
5227,136.4320229347204,143.6344353243546,144.0774127404597
5228,162.6429605563619,161.0978833001382,138.1565532938289
5229,140.1681179648481,137.9467237621047,140.2300476394792
5230,147.5155378183689,138.6789160393639,141.8682782573105
5231,148.3412452327587,138.6473341954525,155.9078371232444
5232,145.3222910724488,155.4669223005378,155.2163745310025
5233,145.6423884667053,154.0659014286049,152.1652934478805
5234,152.756381566398,152.1372890262118,141.5204756942182
5235,126.8889509508452,142.5926686212637,134.8380972910886
5236,148.2331666249314,150.4125211518142,149.4716907184494
5237,147.9202600594907,127.8896420945187,146.0127374412739
5238,145.2252935991584,147.4580760242482,145.4216938505496
5239,145.2931153778864,164.6996683848714,133.5625756414993
5240,136.1442402814806,141.0594151327709,158.8013330749261
5241,150.4671153019577,136.3315959753359,147.8962551145546
5242,142.3105224761007,155.9951154028644,142.1385760427843
5243,150.1127302978655,155.5469997545947,144.5841554706792
5244,148.3818141401954,163.9926372271662,165.6606830797643
5245,132.6999572266614,153.2863234229629,148.5176554125489
5246,131.3803773384413,136.5730009346276,133.4972761298714
5247,137.2272923722394,149.1930247604709,138.6107385857611
5248,134.8263353222184,148.4104700566948,147.949307825794
5249,144.7186250074028,133.8693176054095,145.00246239387
5250,172.1294199345141,129.4614427806634,136.1362660512524
5251,134.839450975849,137.1538610821357,157.0352200911535
5252,164.9653999307377,173.9146556101047,172.5308818983161
5253,152.2514523327771,144.5325486529337,153.7435387894689
5254,143.6381636504778,158.4211975976323,147.2927320747124
5255,139.9370441624621,162.9161206288327,163.0331404288824
5256,145.0468962063,134.3900751697303,151.3148768462013
5257,137.7121971695786,160.5791886974044,142.330598800997
5258,145.0285268602025,156.502757260376,149.3928287634741
5259,149.1306520724415,154.3915210630306,149.7410559034468
5260,142.8535379073703,153.9553265735911,151.6114589843904
5261,143.9881703277979,148.2954522586259,158.4252323269735
5262,144.836199360691,141.3235210381498,150.8298413277614
5263,139.234223632753,138.6776849778002,140.9989324473642
5264,144.0078666655081,137.9838296860346,147.2814100418704
5265,145.3250823814981,138.4205925957015,154.2746743999988
5266,158.7905285416083,147.2458938548822,139.8685185723622
5267,144.3415151859944,144.9466518688101,149.2290847750768
5268,158.8040392197272,151.690261383614,163.0406832541968
5269,150.3410517602941,147.3367575874932,144.9295979598515
5270,129.1758549166739,147.1272796734576,151.5213261294565
5271,152.5804216411962,153.1545936195433,154.0325934474479
5272,164.5965341194151,133.2456709201062,151.748922405889
5273,143.3984305676829,151.6533123700054,149.6770779686284
5274,167.7014097979786,147.1068375144096,149.0022983051992
5275,148.8770353072792,157.0557630050812,137.0705077639725
5276,160.8255472764117,151.3923283039398,140.5238094087169
5277,151.6218205142284,157.8084176247925,145.0381928041564
5278,152.0231258348874,165.4957848810634,137.0669950287894
5279,152.2321349083136,142.0506641197015,156.3343782865569
5280,145.3535035213743,139.2204560720325,141.7804869464343
5281,178.9582210498703,132.4116787155716,134.9616620888728
5282,150.7575699646581,145.398541168078,147.4153653641567
5283,153.0967708428721,149.7698738481563,144.5737448542207
5284,158.671949020615,148.6940731266243,169.682471155187
5285,152.6632210507657,150.8043538127891,149.0590040781978
5286,152.1225048714796,158.6625803891532,137.5734995493601
5287,148.8192835873,146.9840139701868,148.3108734507127
5288,154.3200072459449,137.4647182916824,159.8997262771648
5289,144.5921475499038,142.7835751023116,150.3494190821683
5290,142.4636630110242,138.9038282299427,169.0103097627171
5291,138.4908209176284,145.8855863174021,155.4913884908094
5292,158.830289547165,131.4194654068793,143.6625121995227
5293,135.565413518734,170.234220238151,138.9250311420957
5294,143.5604881277723,142.6897489472301,141.5007072862187
5295,152.3121003453401,148.185005578916,162.8156567345777
5296,150.479641245018,143.5778670610785,146.291480843754
5297,158.5112278113045,145.5975423861925,138.8254639567041
5298,149.2961397171897,139.6309727068577,137.890096755232
5299,147.7067614066259,156.3008113021435,167.6225640621884
5300,144.6739153328371,151.3769062593091,168.0567125368315
5301,152.31058450212,144.0703730675802,139.6050863310074
5302,150.6784204508421,144.9924583853767,160.4019385512823
5303,154.0937541926206,144.0030306885529,160.0630272127727
5304,131.3379035763051,157.7582997069423,140.39770688172
5305,139.1523230071691,169.8628838067288,161.6524898317201
5306,131.542903610994,141.3609193593315,130.6014958949092
5307,145.5589545088853,143.370094283933,152.3245306674377
5308,143.1032039630807,158.8998213357893,143.9681581608605
5309,155.1510121726895,164.626617464256,149.5513521733607
5310,148.3534251010396,137.8926939046333,157.0325695243496
5311,136.4952494418436,136.5687139959231,127.5275509694229
5312,145.5171930706735,152.2647393887749,156.8997763637147
5313,140.5121728601904,142.816334074436,170.0313193824769
5314,157.2602654381147,135.4732191213052,144.8718362109667
5315,145.7433496795388,141.1428462231399,147.3493160593875
5316,148.5470202624523,137.9820165359922,143.3692521334285
5317,162.3777947526363,143.0265408867988,154.1661616648386
5318,137.820611370082,154.4571625688843,155.8579651012787
5319,138.9447455604744,140.0029214187565,145.65345055559
5320,145.2334218071798,143.1439090784398,158.3851953538144
5321,143.6098579355745,143.3277238469968,151.7680397608605
5322,137.6349440794106,133.8681637556844,158.9394425396102
5323,150.8479361121633,161.9284997682724,134.3940254447204
5324,135.6701604315187,145.9347483009901,140.0802348765708
5325,149.5610515205962,152.4525011257564,169.4071056494516
5326,145.3985760525592,136.7650138678879,144.3274739859572
5327,141.5196349284619,150.2397077794137,150.9144550475431
5328,156.2153058437509,145.1395112731168,141.1738584442517
5329,133.1381215989407,146.9402907949314,135.1272379981554
5330,147.6787748418111,142.9265288588726,132.0903835809249
5331,152.3133724647664,151.945203588513,140.9717243440285
5332,135.4341370074018,143.18976422608,149.5670604792923
5333,146.2538712919944,144.6993326230941,157.9898778041223
5334,139.814489922652,154.4756198977712,137.2529969822449
5335,146.2225530155723,152.6007157768222,132.4006485919888
5336,143.3127672164758,146.6737865787296,139.373514199356
5337,151.189349756948,145.9289335939202,148.9435541609359
5338,133.3752177208764,158.9901540202384,148.0352288562592
5339,143.8103067993383,146.6433222096197,141.3804824696585
5340,130.0372589098036,153.0030832178819,157.8783508193383
5341,147.6881851551661,156.3490577250944,150.7086109498904
5342,154.8501498105578,151.1693857522893,160.2772916133323
5343,157.7105588180185,156.9023037305989,155.0029571665932
5344,163.2695098513121,155.5274824001872,149.8107057305845
5345,154.6706792172369,143.8595779431606,145.1355835874221
5346,145.959933479957,163.4773200281248,160.0601662461247
5347,135.3120683167191,146.8324965843454,139.7637489969593
5348,139.5963626115692,156.3928140592934,156.4234925212449
5349,153.4497800552881,126.4530743889583,136.110344059799
5350,172.8840018563508,151.5081919888418,143.0620528155453
5351,140.7019422222218,151.4270634137198,161.7830086472667
5352,148.2743552842884,134.9828745556096,152.9338776426616
5353,136.7154812827245,162.911201513621,157.8206882747473
5354,146.2521756625368,144.5596893201197,145.2303848033814
5355,149.6360757081143,132.6716077356729,147.3646398906019
5356,138.1643932127166,148.7141190997561,130.5847207510463
5357,140.0670403252275,144.3163576984124,149.2542654469052
5358,157.0661580848563,144.4736428964588,144.7213765119672
5359,145.291434884047,156.8100174927461,142.1862183312123
5360,148.2213237576445,159.5290204756313,160.8928421072455
5361,150.0461967838212,133.7798878334951,147.9848347652751
5362,137.9669241647972,149.5895788111656,141.7357005395541
5363,157.8537927439515,145.8871718246547,138.437347251568
5364,146.9605279541914,150.1399222754926,149.4100913205073
5365,134.1657444703311,145.1426889962212,157.2714375373564
5366,148.7835073070564,146.4290321079583,156.1215373933451
5367,156.9372337598907,153.4876699423288,140.080071375134
5368,158.3367411424645,144.5763952579804,152.0105535132456
5369,152.5755865835908,137.7508125245339,132.5235342804706
5370,145.0798520218829,143.1966354858949,143.9348715741296
5371,144.1464841580585,140.708769969695,143.9628845673615
5372,149.145338569379,156.640261076511,169.7912544723455
5373,153.38299423295,138.1730196706172,145.7537276361907
5374,157.7859922017338,154.2106159168031,154.400156808984
5375,150.5623590651237,153.8342758848073,137.1196884859122
5376,154.9978690832528,149.0107774514161,159.9928941921756
5377,161.9959707295277,137.3526596281535,134.1437223045537
5378,142.9814888918083,148.7942282313855,159.2627721705868
5379,172.52757782396,161.1054786782263,153.6488086737431
5380,150.042287145191,132.6679732167595,142.0074803446274
5381,153.1178166231397,144.5975588309693,152.3534046311093
5382,141.5698111450578,150.4417470066215,156.4568624648627
5383,149.0783391504712,151.8663205012838,134.3708861560545
5384,158.0030888573024,149.4400433593476,144.3276475524777
5385,146.3735799939774,158.358025572922,152.9574670143913
5386,136.461007858592,125.0470632837807,150.46383801292
5387,156.3156900867937,134.582145431909,137.613441701719
5388,135.7412323674548,148.9663074611266,154.3896518199867
5389,157.6805723003013,153.184816473751,153.2055860468114
5390,135.3895440274461,145.014967731753,152.0517301224656
5391,139.3059283190259,135.6412046575333,151.123525391882
5392,135.1902693018473,162.0171426494692,165.1860062675465
5393,140.0455928531049,162.2094116178343,153.3196037014451
5394,133.8744353149231,134.7364384410457,158.7564905276123
5395,153.3297496137084,150.9511343028128,146.6911991836217
5396,153.3061549716039,155.5895590876459,144.3983819700007
5397,143.7060736058793,143.697871748179,150.7076824947883
5398,159.6448805361638,160.6848692854627,169.8953230408949
5399,164.0911675972802,152.0551720628685,139.7891885808352
5400,152.4840496755255,132.767633313852,149.9418543157447
5401,128.0945843674936,148.0106654685244,150.7651441029587
5402,155.3228056084211,147.6971095711909,136.6407548065445
5403,154.0587788518915,138.7438418698842,126.9562139820827
5404,149.4671111743098,140.6667928277357,140.7928756094185
5405,139.052729540052,156.2599572455931,136.4589289625512
5406,150.7435368185854,150.0818255072004,147.6717899441111
5407,141.8214913796061,146.0772984259112,140.90746758847
5408,137.7005732648841,143.5217804285975,151.3855599251368
5409,154.561685401277,150.9597041063433,149.7816426231938
5410,162.8144345214307,143.2507353830974,123.2403068796682
5411,140.9386176369378,131.3502628628792,133.9395073170597
5412,152.4452367687338,140.8076795928593,153.01444029605
5413,139.0197254490716,135.8553318520511,136.5206405860006
5414,150.0196243020823,157.4019683160307,141.8863226826142
5415,151.2392888288853,150.8226658305513,143.3566297145937
5416,154.0341318030177,147.0147236711684,155.7336932862982
5417,164.7990906961506,143.4158728019009,139.940076184687
5418,146.0276448020067,141.0488036496129,170.5704327262607
5419,162.9817025621655,144.5338770617206,146.795159282733
5420,129.3951404968768,169.215704998716,149.6291013378234
5421,139.2194486270163,141.7753098330227,150.5061592176647
5422,141.1127455446405,139.2572814164625,148.2805994007384
5423,159.3871593683104,145.2681016833091,154.6947807497262
5424,142.3998783506392,158.097814972027,147.4957230270294
5425,155.5476548558531,135.264053524457,150.0686178399478
5426,155.4876037902216,159.7380097963841,150.8138576800461
5427,149.3386660905067,144.7533633545558,141.0137783339614
5428,163.4107214571432,152.0096723558771,158.2435328155795
5429,161.0241966018074,158.1673629535675,160.4799524116993
5430,150.1933620476683,144.8376393164823,151.7195860587149
5431,151.2420615613065,153.4639602083335,148.6439441230129
5432,164.7789989328012,131.0306583209079,139.5646627311305
5433,156.0586687884752,133.9556711920841,133.3664096043688
5434,138.1691714665357,140.5970783478562,162.3511485480366
5435,157.2927970970111,149.9981403374748,143.4994661292662
5436,159.6803337583385,132.3697838394048,152.5757201543893
5437,149.8997391984407,139.2449803792056,144.5768237624216
5438,151.951199876611,155.4949502208507,136.130826299334
5439,140.8933605448228,149.2786018531411,150.9206866525734
5440,157.8589681960069,160.5982359872414,129.3751348689582
5441,167.6667996626525,135.0430942248461,161.5637914275432
5442,142.6882916122827,141.2944091030519,136.5030178129961
5443,152.5336118569251,138.6789056395386,134.3617321696148
5444,147.8433918104831,138.4529065877688,146.1614291594419
5445,166.6128329325941,145.693211340616,145.9574336377874
5446,160.4624281424256,144.937267413377,149.991510924491
5447,140.1485925655619,134.3775286047779,145.0145870153659
5448,133.3243173168037,142.8854994634945,149.860731609107
5449,148.1604609912547,131.8615060364541,142.5560246287872
5450,132.6456350492743,165.0048258862015,144.5944340451514
5451,153.7357144240042,138.8835400117562,148.3999590000697
5452,157.6979382915081,149.5402581105833,156.8540963837782
5453,141.9047718031943,128.3770372407942,134.943481206285
5454,148.096865725224,140.4001578767628,149.7164824135688
5455,138.7322072659366,138.4969294054615,151.9017922845368
5456,146.3814007808329,133.7300814626012,146.2852384907264
5457,154.3762013737252,157.1651593210048,145.1788506826476
5458,150.5807512394324,154.2728477721257,156.0999481119634
5459,147.5199152668807,143.2736371937721,140.9832544993934
5460,137.2632147720403,153.3214072084574,150.6472544616678
5461,157.7290637408103,152.6638389025391,133.7165388180469
5462,152.8155362706672,150.8332930227707,138.8570725435573
5463,142.2710220043192,152.8850625124599,153.9017370408324
5464,128.8507019353473,166.2581589891746,140.9021667831806
5465,140.6809210347386,157.2506916205269,151.6586840119813
5466,160.4277407562921,151.232962902561,138.9354395489041
5467,145.1349457107388,154.2434459150909,146.7989343944284
5468,142.4866362427917,156.1130979861891,177.823364940218
5469,152.7761795385973,135.5816531942678,146.5607336346979
5470,162.4061704314766,158.5088205264429,155.3617771986841
5471,141.7245539290144,158.5064650686257,124.5384349928268
5472,140.0682993871136,152.4960395676155,147.4388104841937
5473,145.7418206802507,146.2006941455518,139.1668665363229
5474,150.2465885007087,155.6954372863721,147.9299667232304
5475,138.2485167075647,154.2462109409618,144.0417552688547
5476,137.9519739714702,138.4036865641685,166.1169169945835
5477,163.7224332212728,151.5967716665688,138.865215609695
5478,150.4913160956456,140.4803674984158,152.1832504742301
5479,153.8755161843417,131.0966755868305,151.893596174112
5480,143.0369242004462,146.3279100800052,150.9136457290711
5481,158.9516721091114,148.575270328694,143.0105908717283
5482,148.6047060099963,152.0498895512449,154.2104492874713
5483,145.898326619165,166.8794966282605,156.935193529735
5484,140.5130853195194,139.9185423676892,146.7986218444168
5485,149.0135818728674,154.4974199910222,145.4949168489131
5486,153.185122250423,151.9991299997729,151.2289021495557
5487,144.3965271678047,136.030249494446,166.4769976366549
5488,147.9522295255851,148.3183405104221,146.0556955969144
5489,134.5908508251209,139.6339841901215,151.7667432595579
5490,155.0720601139164,135.1663846870475,154.8693541899075
5491,147.4373781925395,167.3553415290531,151.5806423048618
5492,156.0692674737142,153.820398324664,143.6325910320735
5493,154.572884201386,159.5928705901839,136.8835206357209
5494,146.5466895363,149.1434578720518,136.9240528830273
5495,143.2136750664927,145.0703790667416,153.8045845094842
5496,158.9820759277885,169.1846658124309,142.686973479598
5497,157.162412499366,142.3585920300138,163.5007630999077
5498,140.192375245478,138.9745397558913,162.1773819359369
5499,147.1805386723736,142.1063745712808,131.9629963502338
5500,153.3158076630689,168.9501548052208,138.8978836016589
5501,139.3660500059113,150.9342343439623,136.8427763548177
5502,144.2985050590442,143.3184505751746,135.1154479992811
5503,150.4180215553154,147.6777581174234,145.7048104507678
5504,145.70938704764,148.3158822900204,142.3937827760241
5505,152.7092276911785,150.1177922809918,155.0659979475374
5506,161.9904330973252,135.2580898838657,158.3081949423552
5507,149.3956505241463,149.26556672531,141.3362798746767
5508,155.3748663719338,161.1352948099465,137.5596141175294
5509,146.5586610699212,158.2969343125507,137.9340095919369
5510,149.7901884386174,139.7970000241264,140.613629126586
5511,134.9956330626144,134.3071511374893,139.5503547818352
5512,148.8012810842933,133.342645680775,152.6193175700255
5513,150.1306837870812,141.7127444022532,152.1203440511115
5514,143.6914568396405,144.2439984347669,141.6222511422762
5515,155.6480258897646,149.3896037865979,138.2663264786942
5516,145.8299205110713,171.9530406070442,146.1633032047599
5517,151.7299549898846,144.5419624713312,136.3532681836912
5518,142.4311569806045,149.3370854545149,146.9089820693243
5519,151.3396216832663,159.8808923484868,141.4871716763855
5520,152.0886904577187,150.0535137887129,141.5031156955397
5521,135.069722874598,162.5170685617075,152.0625957712627
5522,143.1525128067983,155.7393690130707,126.5013342603875
5523,143.4384634928825,172.668580906325,142.0247343507899
5524,149.2115669460647,133.9495080499014,158.7543401840413
5525,159.9077749685835,139.416305710071,150.3663594326128
5526,156.2740895948139,154.9452136081892,141.2739029637693
5527,158.3688075584994,144.773581346711,156.1442508808075
5528,154.4019462315155,177.691352226325,147.5519567046344
5529,141.7346234660944,147.1509197018732,152.0961514734104
5530,158.5306945767936,148.4525912916099,144.5377886621463
5531,134.457854445794,147.7336649742059,133.4476407923455
5532,165.4561540152113,141.5482636610003,135.3919835427324
5533,151.328379179778,153.6672047369734,145.6331067180142
5534,154.9725618917332,127.8637064468804,144.6547688391798
5535,142.5150808406324,166.6251695197584,139.121056949809
5536,144.3238752948253,142.0585726784334,144.2972585431977
5537,141.9304107356799,153.9373634778527,142.8193040557242
5538,137.059480802942,131.7904952810978,146.8813957725588
5539,142.1647170664484,142.7327858572339,151.0860407510113
5540,152.717424452407,144.7354234850196,144.0788153847546
5541,139.0282508585888,155.357751588781,142.2147753015123
5542,148.2520355583479,154.9496218164338,140.047854962097
5543,153.1004940371019,144.9826272798818,143.1212318459352
5544,151.8289347608065,163.9479866661999,143.9834377031489
5545,151.162673457594,158.2246732773576,151.6059688585491
5546,147.6933911844648,142.7224137960509,153.9772833034316
5547,150.5806580295217,144.3130216745024,130.8904912057026
5548,148.916286519204,139.7831957513968,148.9288238061592
5549,137.615818626929,144.344553116966,141.994073700106
5550,144.01026252579,147.4932923720916,141.1771507980094
5551,149.8976074688341,143.5022822791259,151.4894193256825
5552,159.5090015976236,150.2850493207451,161.2237383208271
5553,149.2856957473771,147.4364732452607,140.3465592805434
5554,166.8968329840735,159.9505438568395,144.7681586120448
5555,141.3499880379224,143.6182096011357,163.4272832019145
5556,148.9991439766033,158.8912852872213,150.9076201100082
5557,161.6676113507724,148.0003113360175,149.9016800170336
5558,155.4862944674362,165.1928421262605,149.0433049857627
5559,146.7883339805322,154.384850192266,144.3026712092006
5560,142.8233553058005,151.3684293302842,137.3591428554217
5561,137.1768013493214,146.1500870804812,144.8858098950591
5562,145.2490047713114,169.0188877899709,156.9721542185993
5563,148.6733683649703,139.9420911972946,139.5810658477391
5564,150.1813926247296,156.6900933256508,155.2186050110692
5565,140.119930475132,147.0040720242092,146.3611068375786
5566,152.0968417490687,151.1206716337317,149.0009953802422
5567,138.2764980598354,144.4636549858733,139.3061241651723
5568,146.667308950834,152.0383344928065,149.1550422652117
5569,160.9242768567946,143.9783777065549,139.7585772041606
5570,145.9653445929485,157.2162467799068,163.8971775830948
5571,155.8266171730876,144.8334700592024,151.2632252928886
5572,167.3302434498567,148.5920273819016,154.3065106161793
5573,162.6013841358434,143.0567587327891,145.2643906170543
5574,163.8418285130728,149.0878057144544,154.3709812145496
5575,148.5914923517831,154.6216401169457,152.8095375384849
5576,166.5193236641489,159.8047139627597,149.61683493737
5577,155.7875003089563,142.302633156015,136.7649632356797
5578,158.619324587575,144.0322277712945,142.4586888470738
5579,152.111444705728,158.864269613291,144.1881712978802
5580,163.1012179271234,150.6666794446953,147.5513512322087
5581,142.5635066533546,159.5200638422985,153.5631823836181
5582,155.8439525723651,148.7148429007038,140.6517447583064
5583,148.3413609590849,150.8364920100953,139.5840721680028
5584,140.4857084528533,148.3448052033174,146.2178053459921
5585,150.9299105631735,139.8455331044144,162.0205350330442
5586,137.5095196721032,137.3084611520156,149.4406401939999
5587,152.9050805011115,151.7921474947868,160.2439916792678
5588,154.9500263263943,148.4142176584909,144.2461614045118
5589,149.4429982884741,154.4675741476418,137.1398266157142
5590,126.0238421593078,156.2380829242535,151.6267907180441
5591,157.3393434479841,158.6500359602417,143.0516105863337
5592,150.455445449047,151.5631956544489,142.0503067711907
5593,138.0003802663794,139.2171957732085,159.1248806072183
5594,158.5512167013147,133.1675572765448,142.749742547995
5595,145.423534335452,148.9881834541334,153.7130106017351
5596,141.4181598731248,137.7215954611133,143.591597771623
5597,153.7359129625624,127.0393238246161,147.6022111182053
5598,161.3222710841615,135.567097742641,142.5353912968197
5599,137.5063565300988,145.6905155087405,152.2408043386477
5600,154.6877591163224,145.5700327214047,143.9588992625629
5601,125.4393499936815,146.8899459607326,151.2702019183523
5602,150.0462234362088,149.1084427616676,148.0218641781477
5603,148.1463316917348,158.4190024851644,142.1533717651123
5604,158.4220339810648,150.0891795135654,142.4920960276303
5605,132.3555648969217,160.9764665441868,157.5557291454904
5606,142.5067492082816,149.2737109528889,162.5075773429648
5607,133.6788219810608,142.1050418251588,153.170690501388
5608,157.1290207295743,150.2129054317932,146.7707558106721
5609,148.7566957193925,142.5705474466619,153.480633446683
5610,149.463341193113,151.4813448045619,145.8592799159129
5611,158.5350579723977,150.9842788646902,140.1090178211331
5612,150.7170890543331,153.6398964869288,152.8191893606289
5613,151.2873036766631,159.1045997603929,159.4094531934699
5614,125.83687865249,151.7248258304345,145.611092344769
5615,155.4125482207639,148.6193652217219,139.7881514115608
5616,146.2413095793265,157.0046853196233,144.8397321763083
5617,133.2567715738072,143.5881479226635,140.7583570181978
5618,160.7933489246742,151.4484737232666,158.5134004909664
5619,155.8941350880463,151.5435914514718,146.0780119735182
5620,118.920726611005,138.3053442066308,148.6321243630327
5621,150.0321896582296,149.0418410354425,139.784096427057
5622,154.3028542836145,138.3627215599466,144.9987102278618
5623,143.2708216871617,143.895066824996,164.5999530499691
5624,151.8599132306437,148.5001039154492,146.7163447326093
5625,152.0036046865119,148.4550441225255,149.9760760572903
5626,154.1207804394005,138.8749456947083,144.2409495733781
5627,137.7620027865492,163.9958973173942,159.4117482470572
5628,150.7316246240797,138.8419767979785,145.3133584979911
5629,145.402491360957,161.002626642147,138.1462181476279
5630,144.3954450042479,156.427385104797,150.0508230595717
5631,158.192914027741,162.2457780277657,137.9147525659491
5632,137.2640577736044,142.2075226294318,156.7605555506736
5633,143.8882639729137,135.3109769023972,144.8089309937061
5634,146.2726870542611,151.4589458082296,155.9892257059803
5635,139.0819276944394,141.0654919207776,151.6337136097826
5636,149.0910141594501,134.3825784306659,156.1423300323997
5637,153.1353517105095,142.1797772892797,163.0178792401562
5638,141.2728953948646,156.1421366922719,151.1551348921655
5639,142.9706301380092,148.8858263065753,152.7762691508218
5640,150.6813046452662,155.1495619356294,138.0452530847359
5641,153.6624559738314,152.4109069224157,151.5578921643802
5642,153.5758932336969,145.4164105744199,158.5630822460953
5643,130.872580186739,140.7295771874962,165.996717935697
5644,169.3949636936215,138.7709829872882,145.0390539349085
5645,138.0778134854728,163.45057236454,140.5853815735361
5646,167.9631887790951,140.7744264801274,151.549745569126
5647,157.0552386228777,163.1068410096636,149.4824566484702
5648,152.72851692924,133.6597516576591,137.6573681912282
5649,149.5184291048564,149.7327367346029,161.5359833511459
5650,140.2720430859085,131.6079425051985,141.6721215392012
5651,150.3358606701131,148.6652169856689,136.6572120855068
5652,147.821732528463,140.1582922770332,131.048167489002
5653,162.8226252321878,132.3437271867953,146.3886442695335
5654,155.1143948989982,153.1282836596928,177.6849751540444
5655,133.6213831422133,162.4796511042217,160.6244993668212
5656,134.490003166806,130.942579786444,169.8162403376406
5657,150.2228547504176,145.0321571230087,143.5602081697048
5658,133.9458831498753,147.5356892064459,140.6067740545897
5659,154.2668267418817,147.0226349419719,150.2541589452031
5660,144.2403352121343,140.4759096524636,137.3818586408942
5661,141.7595564762764,144.5453866149755,137.2555334580477
5662,126.28637331788,160.643785136508,152.6120414797963
5663,139.7828327738623,148.4069063924897,151.5220633218067
5664,143.8145096740037,150.3242115652701,139.6014270180801
5665,150.6165026102414,134.3122099413589,158.1174903754656
5666,150.7815794031767,169.0366439402709,138.2681414989218
5667,147.2700630834027,163.2413758957337,139.7935523149116
5668,149.9882819638966,151.4028083316328,148.4204277677518
5669,153.5919583491838,170.2892291632809,145.8481746605998
5670,148.7707625053777,153.7098034332419,150.9454205067708
5671,134.1385360380878,138.9415137675246,158.6555398774736
5672,165.56424557987,138.0062629507044,136.3892989943907
5673,159.0758071207811,156.5861241617672,146.6009103387499
5674,132.2954080257765,149.0655588313769,142.6853373941576
5675,145.2810210957067,142.9980683920106,147.2004826849837
5676,149.2350577288462,143.9855649576395,159.1331751178651
5677,154.6889010084104,152.1438378488025,146.3005211812501
5678,150.3673975365837,145.6422288654561,150.2993545913004
5679,158.9332658379161,172.7595226335325,146.1624418887512
5680,141.115093365066,142.1800375430615,152.538331455008
5681,135.178404280322,154.7568923357135,152.5219998943476
5682,142.8060462692567,149.8114638111446,148.6529835833564
5683,141.2012613282876,147.9655111739941,147.6552394698885
5684,143.618830922936,142.308358256196,148.0555823967381
5685,151.8616648892841,147.2875110534331,143.0246128423956
5686,153.2680354681313,134.5951749033556,132.3742670303145
5687,133.7962167312831,150.8095602835375,151.5517107946915
5688,136.4444241691413,146.3889321195359,139.2482639453576
5689,147.5922458495317,139.0430721999222,153.2614768811762
5690,150.0424357968787,158.857435157081,142.9499136732557
5691,150.8850404898548,168.2754795652497,159.8646368586989
5692,155.0003964101053,158.9594338213259,140.9238607339912
5693,133.9495535224198,142.5710878220453,163.2362974593098
5694,157.3467990792946,153.7186422556275,142.7392781022305
5695,154.9970022553523,132.486174883962,141.8426283059229
5696,147.9849565100676,151.2569602189514,161.2453218240026
5697,155.2011245137409,145.4134678089985,141.1357610946457
5698,127.5706905901837,137.1696614647211,134.4294744312724
5699,149.4010372649752,146.6995478427493,153.6949545657064
5700,139.3976884356027,141.3807192510841,149.3181509679049
5701,158.0453155946072,156.7270600082558,150.3204666068788
5702,143.7102653242148,151.8110743607177,134.6759986004369
5703,149.793106229835,167.3293273750223,136.2475153063534
5704,150.9776716318107,150.2513159524422,148.5819303043513
5705,131.8985264940616,148.1058896860106,148.3285457257513
5706,152.992788536448,142.020948366912,147.196978288802
5707,152.3667072447765,149.8039837435975,143.8626989996531
5708,146.9656129877619,149.3496587066918,146.0869994752128
5709,146.2150412333305,133.9086138003334,143.5354734883529
5710,139.0819000732264,147.7847254465055,137.1765052471046
5711,138.5144564921861,157.7098630217275,137.3481623888379
5712,148.2018734175265,148.7083131378992,150.3318210781357
5713,149.0137335235461,140.353667200397,143.7976309689032
5714,150.6743756099064,141.0509238595394,143.7452569914164
5715,143.8226323592433,147.7593301323571,155.5194079608312
5716,140.3450004838085,160.4667302646269,145.3396415091801
5717,136.6373749622417,148.1485793475111,139.0336823203568
5718,144.4394514123783,160.9348831097428,150.6929948982498
5719,156.2871049201798,140.9631146482209,148.2659875652518
5720,142.7975679645699,158.0304501669045,136.1760157259477
5721,147.317564363127,131.7434712975219,149.6611795420114
5722,154.6486135523677,146.0726642904945,155.5882824927218
5723,153.1546096048218,150.388155504784,155.5221759383609
5724,140.6114858712625,143.1586288406235,147.2488015933196
5725,160.0970837209526,136.5351754435247,151.0713697045909
5726,153.6041609421069,149.2951845433635,154.0470053058385
5727,144.9936466446963,139.0345063288092,164.981749453052
5728,139.5131348743558,150.0185012456709,145.0211043300411
5729,161.9007151683923,158.3208645486273,133.7928288859371
5730,156.225217158203,152.7501844198423,140.6761277256047
5731,150.2787880608701,159.0311379637131,134.6420360170536
5732,162.0109525369282,138.011196094486,144.3422448654918
5733,153.2101182002072,143.4162020875931,144.1053784747266
5734,137.0437179603064,132.5406573568123,141.5620540544607
5735,130.4301619356795,134.1796433972096,161.8254429618131
5736,160.9198395783859,146.701694731348,150.8090226908265
5737,163.661793160269,149.3390087711417,162.9187443080925
5738,155.9612391439948,155.7322437619947,163.4737750690584
5739,154.8439777453363,153.2842051260916,164.6321084153957
5740,152.3125177395077,149.6420434209404,155.4627138427207
5741,139.1975088226936,142.0724388308175,144.3314130162647
5742,157.93252419926,144.2645103383272,150.8617145545148
5743,144.5668520945374,149.6690332050698,152.6659112838327
5744,150.7654116996949,148.9647650346655,148.5497989160445
5745,158.0316265243603,147.5287138370287,143.4763279671684
5746,150.6773808931976,131.5486486524724,146.0449487954887
5747,162.4741573065256,145.5483073152939,140.6691592935958
5748,146.2809046371172,160.2073006312948,152.3241316459606
5749,140.6754085787371,156.6096655688459,158.831539855804
5750,156.5010822532429,151.4771476732653,147.9433323070637
5751,150.7130420098603,146.3651361185687,148.2265997492256
5752,200.6751828444517,148.8077532659182,149.4007250976594
5753,155.4709659635085,142.3865351416885,148.3126451242603
5754,154.1189866442244,162.74456683139,151.541054214036
5755,160.3758369510371,144.6846841365164,145.0831960012291
5756,150.864111670846,139.421444347931,147.2897194448493
5757,137.8554599181401,150.1999968322279,164.5372137896756
5758,142.454844951409,153.9689610542913,135.9863368267486
5759,151.50316516666,142.8729308022986,132.4288963982261
5760,154.6400020296147,140.1798346405449,146.8121518937288
5761,142.0956372658062,157.1038441127872,147.2754879254503
5762,147.4724314283311,160.7417833154005,151.7130754128869
5763,134.9345218234012,147.6081498536341,149.7171317015962
5764,157.9359134503052,146.1263135527421,145.0012804104445
5765,154.9017277986845,158.9393102287395,143.9311230438724
5766,154.9725622380006,137.3026419028802,142.1723468850151
5767,137.9659461466814,155.5720056820024,152.4431761076765
5768,152.1695902027895,177.52476138376,151.4140707088647
5769,138.2183456158473,155.0006619703327,146.3609428283031
5770,145.6751194370052,142.8095990139988,144.3099517470434
5771,133.2257866372425,163.3818735591171,132.473567980477
5772,146.9567425122824,140.1308260226336,147.0138266038679
5773,150.4954253576557,143.5934929828913,147.2203308588363
5774,147.2453239001612,151.8000652511736,132.0104676745736
5775,135.1057594069936,139.6235356254737,142.0322770077691
5776,142.883809958435,151.8551425247363,159.6120980760456
5777,146.6857195219447,138.5591667504251,152.4763075532255
5778,135.8389550156892,139.0783809862049,157.0321990950865
5779,166.4628250644017,143.1156398877368,140.2090763603356
5780,160.8933618858317,133.1378525811759,153.493273717983
5781,146.1072189667638,149.6288795956306,141.7376404609911
5782,144.1380240215041,172.6089089336237,146.5644145552232
5783,145.8863165258604,139.0150818830321,161.3380094879074
5784,143.2373012540212,151.7203427640348,164.7380231454207
5785,128.5693477525456,149.7904581396955,148.2302014003645
5786,137.9098346320554,153.497780275149,149.068616482495
5787,151.2290695918102,147.6151751709405,148.8444942090636
5788,145.291700065225,162.1088624373077,146.2662578480199
5789,150.8763356850802,142.5222732596773,150.1012617800614
5790,159.466697646123,149.4975777918316,149.0149906932958
5791,161.612922332603,136.5013334096536,139.289823383051
5792,153.3006787340323,141.5302881469693,138.9200068441747
5793,147.0773998524903,150.6130337273676,167.0814540447453
5794,164.9463734188404,143.6663309209168,151.7517413680193
5795,151.8542705248422,145.0042443244624,139.3300502440369
5796,146.0948877327296,138.1111468929935,156.4198141738595
5797,148.5389600606248,143.7837681675217,154.8555281885556
5798,143.8783919394504,144.8641394249572,140.797390687797
5799,154.8966491918708,140.6398900453783,148.8109634159813
5800,155.0360383867626,168.2930589748949,156.6381329057815
5801,147.1733917017131,158.1413055931135,145.7463577824453
5802,146.1099963551805,133.0772207835695,146.8740621396809
5803,157.7792639894175,148.6877588977949,150.9771729399309
5804,145.4213561169242,143.3497749925645,142.306533716683
5805,156.885885136111,138.6326292683123,139.0216905898698
5806,138.0998098069691,143.9547516424069,152.6576878782825
5807,149.5266879982928,131.1265834240309,137.8058216540237
5808,163.9560829486875,167.042783994204,140.5608339960476
5809,158.4471430366518,138.9187319754864,149.2282250415333
5810,146.2970274832923,140.1322791620907,153.3442443499091
5811,148.7146320032767,135.8317594631325,155.8884343354929
5812,172.0572564568827,151.2510024880611,146.5230565117895
5813,136.0051189472882,149.9272335877413,127.288062049062
5814,145.8354696480412,147.0766095640143,168.6775020173973
5815,149.4295319569577,149.9192880429421,143.0945946579284
5816,160.1451121991032,144.8557858520633,153.3070094370142
5817,134.542046223365,157.1682145444603,140.6612840849335
5818,147.600064597542,162.7621229647245,142.0898421146224
5819,146.3695368886851,147.3166225655203,141.2762882483454
5820,147.1843709228935,144.1600802176402,161.3082434544339
5821,150.8425589045701,145.9163999259565,146.904488765711
5822,149.8390876289165,151.9632089668698,164.868350350901
5823,141.483290932243,134.1148958695856,141.5422310825331
5824,152.332891400179,140.1309801079293,152.4444717381193
5825,152.0558449910864,148.2968629650105,144.6394809676516
5826,152.9320591999505,143.7936818125083,139.2055473979245
5827,144.3105263543314,142.6699685911696,142.6164981598518
5828,155.7828832162266,158.8233829514043,149.0451323740961
5829,152.96978955508,151.822416648045,142.8972751865474
5830,143.2554297889048,142.7962073421628,134.6547015647127
5831,145.9808372250167,134.0461690496884,157.7447145831708
5832,146.8980480303249,139.5529145880421,153.6528043932384
5833,154.1885221755703,147.550030156634,158.603001026116
5834,144.6375875531896,135.8165504302046,145.3848130455017
5835,139.1335160845498,153.3152452024122,140.1862051269223
5836,141.4403920712841,129.2039083688021,140.303395128446
5837,144.425479271162,149.2500512088332,136.7203042288342
5838,140.9957968034112,163.87759473333,145.3549436845707
5839,144.5379155785043,137.8757370215288,164.7005209586393
5840,145.7508171071003,151.3994024680512,136.0829790945877
5841,136.5109606998589,157.2656949709595,159.8469431719255
5842,148.8447293604401,157.0445378846022,150.0202796098798
5843,128.4527816275248,154.3158126866482,141.1073431065201
5844,141.9127643123037,159.0796632751488,140.790939547978
5845,145.9289352033537,138.9322550402549,149.2617795103783
5846,143.9295590593512,140.0543735933107,134.3957432034269
5847,162.6311411983728,164.0537610626967,155.0146832442004
5848,141.0337523430952,129.9587979878651,144.831993764166
5849,143.5523432146991,134.3346022822626,159.8092604344432
5850,136.1127121480814,154.5673737251149,166.920288831703
5851,145.3589444509805,146.4088081357862,148.4297193721706
5852,145.6864884203532,159.1002846441691,139.416583107933
5853,145.7845988860021,155.5761593598441,133.154898011947
5854,144.3942942564242,130.6515707989784,152.5410819907364
5855,164.0425287901823,138.1000636991356,150.8542402064889
5856,158.2861013250846,163.9132421174373,155.876618894492
5857,157.0696336033208,156.8602873678472,154.8054011551805
5858,150.9934471868643,137.8411475227739,152.76007530615
5859,147.5123155880391,161.2747240344105,143.3249310741979
5860,140.7139264274977,144.9152229457592,158.19422562193
5861,156.147425898263,152.3859073335492,151.3406609551164
5862,144.0785011817347,145.0713192820441,159.5545482307035
5863,158.4378997535598,144.4029652500927,150.0476855446733
5864,140.927543071003,142.1733123370872,135.3012640217202
5865,149.8493938114221,141.5261027459203,142.7409840627317
5866,144.585351484212,148.4098807832524,145.6401246017061
5867,132.4442627776601,156.2718194832825,130.469772962034
5868,146.6076457113653,150.2863878483723,142.659812908926
5869,149.7246661777813,158.3916505061377,135.5628038904119
5870,149.2872316592057,130.0233648918884,149.3621390403215
5871,149.3259149386205,154.2767968673675,155.6169655013468
5872,151.0550155744501,151.1354133270515,145.8557043485239
5873,141.4655089002626,150.9419679212497,140.1054439122231
5874,151.0781655629374,149.6508809235443,147.405525006422
5875,158.7556520514916,150.5428463815186,143.7699938743296
5876,161.3310647935021,148.3125357837429,144.9702272239534
5877,138.5869081281074,138.5834591300267,122.6999036223324
5878,143.5316661076501,143.9243932990435,138.1486402354856
5879,136.1320974970575,143.5063295401914,157.6511302983491
5880,152.9571360374434,138.7477279633946,144.4076080524986
5881,147.2172128770101,146.0784401198302,145.3980629401954
5882,160.3568514526182,151.7772513683172,137.022944891882
5883,150.5655536456066,151.6169649676506,144.6318093051368
5884,141.995724827582,127.2233215436793,141.2892998563581
5885,153.2361457946311,155.3028248693408,140.2179222130703
5886,153.740159820931,146.7902306664391,145.1512933065869
5887,152.4252880764575,129.6626968271777,145.0882803708577
5888,136.091875030508,153.636605168274,155.3845707982748
5889,139.6229045541272,147.16999361489,151.9277774557555
5890,141.0359173160872,146.7170409018108,144.6582538328945
5891,157.9846425350522,137.9250133333524,137.2263361297348
5892,148.7335861346142,154.3704794153909,143.2046052779311
5893,135.0508781797741,160.5658459755459,138.1236970286864
5894,146.0546615089503,148.0252947040656,150.6627548989553
5895,162.9523273561727,160.2015064057424,144.226583747964
5896,163.3142356434705,149.7331688149755,141.1216473337112
5897,147.743006734462,148.9045216803185,140.4759169590218
5898,143.8521220274154,146.2032502714453,151.7289774389016
5899,145.5197485408564,155.7653211489586,155.1708841773591
5900,139.3345236621543,148.7243659463366,143.9622327179064
5901,157.8907130881662,143.1146390405841,130.2840955327616
5902,139.4389672062164,141.6620268301124,153.297844319003
5903,146.4503790854801,131.1916284192208,143.8210863978992
5904,146.3026463461846,150.0277580384636,161.4595936947522
5905,146.1807971169939,152.5172094820507,141.2950512925437
5906,141.8413457993987,159.9681696969493,141.5862375605781
5907,147.8591484163864,146.6014289147621,146.5344321518508
5908,147.7904883987378,148.2856339905866,143.4048241456005
5909,139.2362007271778,158.3332546102369,138.3403520269149
5910,144.0592280955482,154.0696316064376,153.0953411302219
5911,146.7272452881153,148.9395099008828,138.779576757166
5912,157.8068204032316,151.6192186254486,159.4696289614521
5913,130.9257151608892,158.7242106666225,139.7023076087605
5914,156.6067317754434,164.6157884334658,150.0518877613783
5915,139.4875847714737,169.7557893781226,134.0543416017384
5916,142.7507149589798,138.5488405388855,150.8936750475419
5917,135.5674237509438,148.1950882748789,149.9670077179933
5918,145.4075619955973,148.2844969145458,145.5633646920339
5919,151.277839894916,150.6964394742797,144.2189517215282
5920,137.8174429323577,150.3049394568298,167.7091330035578
5921,147.3886449196745,147.4394453009234,144.7577625644628
5922,160.4720339336195,144.6036744324864,143.7884136171725
5923,153.5836535497747,152.7957749993513,146.6635156422862
5924,155.8949880092071,144.3433758161141,162.813201881212
5925,142.0202660157189,155.2089202863445,139.7293109601667
5926,143.9783958367553,129.5665239255834,148.7148324235487
5927,141.7341419358916,134.5885085942113,143.8676894239509
5928,147.9477145653448,173.1000879903821,148.4560689212321
5929,166.9382325457091,163.7960332642778,140.8961569072067
5930,134.2816304789824,147.3927207987716,137.207771437179
5931,149.4354257551803,157.5733132845589,146.0029763881297
5932,146.4366759179235,151.2093477859687,149.9554102351487
5933,158.1926805418638,160.9834040277908,136.8531271512624
5934,153.1159328174066,143.3899908087118,138.4077735548999
5935,150.9339225108522,141.6865452546682,163.261965861363
5936,135.2126679376488,141.3725848217885,149.9096316058367
5937,138.4512879261402,153.0761536764372,160.1837529680014
5938,151.0609603856363,150.2408612293739,143.0413513774718
5939,160.8258821376007,142.143589052581,151.1604541429636
5940,155.8496276161506,151.5371296891781,152.6549539793738
5941,164.2398421820815,146.4505003397736,137.9546590155781
5942,149.8242909864241,142.2090653145644,166.0239203081454
5943,157.0506579716353,138.9649097077945,156.9834934589166
5944,142.495899084848,149.3952251540383,133.7605952301745
5945,154.6881431986113,153.9256027629767,138.0364975928068
5946,152.8207450490647,137.1347256722273,172.8310925393189
5947,142.9966509140246,162.0390430918234,143.3794770677134
5948,152.2927142776259,152.3450728095239,152.9799441893404
5949,129.3406015312953,148.3261946591604,143.6931445642421
5950,142.3095323266058,146.6155883568183,124.9895889757127
5951,151.5619704732144,148.3340077902124,146.3552873683652
5952,148.3458546297092,148.1920566517963,139.4294951867667
5953,147.6878798307359,157.434811535341,136.096895410565
5954,133.0900275683618,146.0618278111278,151.0297013594406
5955,151.4267135288785,143.0079433951743,154.4692639528026
5956,146.9822151674752,135.3712956799993,155.5082239231816
5957,155.5011683830847,155.9239872023826,146.0519883535597
5958,146.4256302005459,140.6098149917094,144.371140438315
5959,155.6788262377288,141.9061467885859,151.6239842939585
5960,161.3845982871345,150.0624384504861,142.3396082786925
5961,130.7276352056587,141.8337927265107,151.7207711608256
5962,136.2872772513836,137.8988715180963,135.8097852494086
5963,143.77558866042,146.3573070609761,149.3606046083378
5964,160.7245704449522,158.9472036105307,139.8128711754501
5965,140.8240318506011,166.0049696563458,159.9501306558917
5966,143.8255413981148,159.8139650014317,140.6920110522578
5967,138.6708682263424,138.4677011052611,143.8210563680709
5968,164.3154762242019,138.1920966198945,156.238228236383
5969,145.8743378826384,143.5333286586044,150.0936765978518
5970,135.9011036305891,140.6979160125509,157.9138711294512
5971,135.6267300253863,148.5677337574619,137.9989008677313
5972,152.30404951905,148.6662360070805,144.6676239732676
5973,143.3308433299704,144.3550689482097,144.9571056678995
5974,138.0338958469033,176.9461566654386,154.2234238561686
5975,153.6791905438668,150.7372667185516,139.3100813271073
5976,137.8769822094386,147.4286170594424,141.6114497386147
5977,148.4392258340862,141.7780643293831,150.0399730684316
5978,157.4928367117046,137.7218433927647,134.5357307284899
5979,146.1020512405842,141.1636075610691,148.8845018200434
5980,137.0834636657262,143.0914730671517,138.2760508685601
5981,137.2617279442318,158.9205304188629,151.5293847656267
5982,148.6126609631592,131.1057492129437,146.5604473382053
5983,148.1836968314738,136.164509132633,140.4098783703039
5984,156.6348170004108,144.504642666173,159.3467576194849
5985,134.9589919958267,144.4720713154417,157.8687877692891
5986,145.8181342585265,158.8528746632398,160.1867998277287
5987,147.8229250208663,135.9173587775647,146.6831143600949
5988,130.162120004549,141.7403942820807,153.0483055069497
5989,150.3310772796474,152.7953588486699,141.2336121707684
5990,146.577661199765,144.9673350749974,142.3007108706705
5991,152.2623359109195,142.4449445932096,156.3982009261402
5992,152.5462402234389,143.5363737770181,136.1744759473983
5993,136.4937849847021,162.7694231833428,147.7816389136266
5994,125.8697227388008,142.7333061923029,141.3642234406237
5995,136.4924540520268,141.9897173051728,159.3719022685496
5996,136.2653052872426,136.8417050852282,153.4768250172716
5997,146.1655740062614,155.6429444163351,141.7871302956508
5998,148.1919200777714,165.1294076775131,156.1666910223412
5999,160.6781804314874,146.0339873030272,131.8548302875423
6000,150.3653267300577,142.1993208066346,140.6118365113134
6001,139.6749314515005,141.7314763382183,151.5879857696877
6002,141.986327895142,140.328000800231,145.7030738799552
6003,138.6378335293361,154.6454097778746,136.180829939812
6004,142.8704520381843,169.9781626617227,159.653782240968
6005,149.9237581354045,160.0496438247399,132.6496907240262
6006,156.7366911836456,160.2684431791893,154.7027036007016
6007,150.6586177668142,152.7217487228821,174.7880300446243
6008,163.4409552369318,142.7174488033931,156.7288954456008
6009,140.6034369799941,162.0615588444273,169.8414214712077
6010,146.3779507029928,147.5546493026544,147.2470426881294
6011,136.8341804919726,131.6384881890577,152.4345832129565
6012,141.391718774994,140.6283984598101,155.5722368393136
6013,137.703604461232,162.8879392393949,141.1800401048973
6014,150.8765136105093,143.5020372140156,152.2898710291005
6015,145.7419380390456,135.5628336385894,141.3067937972095
6016,141.6105520928864,144.0952519415997,145.734544459168
6017,141.6166422224121,142.1907642952775,144.8264456242475
6018,154.1633580709697,153.2900835617505,155.8822388420773
6019,141.7350340609629,143.1819384156851,170.6599607864267
6020,132.7694159485406,163.9355569412934,136.0395455419482
6021,135.5169279145968,153.2912994696507,160.2486580961314
6022,154.0575259150334,157.4887691584651,147.299922855428
6023,141.3066903695494,150.4551241428128,142.4964869111823
6024,142.047359520623,141.286842939426,162.369048094668
6025,152.7816822360559,146.9442834568518,143.599580592614
6026,140.0571273843214,157.6058091840419,133.2085106862818
6027,135.273178842936,143.9247328341573,146.1558774908003
6028,146.2840012483937,157.0037722684444,139.590607510373
6029,143.7575008714224,149.2455110248989,139.6200798176304
6030,141.1437799614673,141.642670836557,149.3084130242974
6031,145.426890477401,154.8592345902191,135.9820164738616
6032,149.2600498068707,147.0177969477661,144.310657051461
6033,150.0109645533601,152.2535561242577,144.8409893943383
6034,134.484298433555,164.9632809086551,149.8137253138525
6035,162.0811236181096,166.1040039895815,147.0385921258541
6036,140.2450646651081,141.4334531883849,143.3290860131937
6037,136.991423138472,149.5990771496269,160.7078855218565
6038,152.9048797433862,145.4851403764248,154.3606988695073
6039,136.4027257383584,134.8449047499988,148.8419650022778
6040,158.9968044443522,151.0750457422004,155.9582830928406
6041,136.4794180841143,155.5722927614417,152.9041211287368
6042,139.6740705526939,154.1877300582639,147.3038401465481
6043,155.7657587945582,158.9272359126158,157.1783673815869
6044,144.1981113371034,144.4989955279122,155.5697374716291
6045,155.7435810893131,148.5303632074252,161.2338046105691
6046,151.2880125569455,157.7339394760858,135.4733588724431
6047,146.3022831409,151.9597868743092,163.5397692640639
6048,151.9828959315994,156.3205665297178,150.8922249097126
6049,147.9113320537957,126.3929028243976,153.9111387286165
6050,145.5664441425751,144.3055374386593,142.6258754142021
6051,155.6072078957044,135.1465344992032,147.2078526628464
6052,137.0996016454967,143.8704221203773,157.4097860388098
6053,143.0735026920856,138.5815294722779,162.261326412294
6054,150.8785285475351,144.3539852859955,144.6855534971758
6055,144.8466374309982,138.640852319536,173.7855772407098
6056,146.6939593804815,156.2333415881816,146.0412470556009
6057,137.8455905752497,160.702436601106,149.4391395531819
6058,138.802234089458,149.5600659340897,146.0168477229676
6059,139.3712242633831,154.5011523097157,134.5906975736401
6060,144.9758338565316,143.7067402373893,155.5845746064273
6061,156.6880129560362,146.6809623909887,143.7031068860587
6062,145.8939613135824,141.4948543584094,156.670811884638
6063,133.2365378792544,153.4912032946151,157.7752298230324
6064,142.3047514533831,138.0995165153435,137.7245121249225
6065,147.6625975565071,139.138453009517,154.4297347673477
6066,144.6094388622301,144.1484403517676,135.3041891978419
6067,147.2088852542322,143.4332541184501,153.5425006660649
6068,139.9608737092101,138.9380100778394,160.1702777909262
6069,140.1531712063108,147.2522702999664,142.180301671664
6070,161.7060683025661,143.5509197471613,163.7592434792355
6071,160.8854064874135,127.9551377848807,139.2706743792714
6072,149.7874083838334,133.6464648485892,161.8270917862843
6073,147.6969202060728,156.8444222636286,146.9005542616399
6074,141.7475459729881,146.4129775369618,152.9641508303417
6075,140.6327052265533,144.8748182900168,150.6061987249786
6076,155.5702246034033,166.3389169559004,136.2590546790231
6077,140.1818008629544,134.6755242145464,169.3894836775347
6078,157.8128918497731,141.2003305545597,145.5516957673553
6079,161.5890922272017,136.9312288927792,148.368336226377
6080,143.1838002363783,154.7734921689003,136.6015471942645
6081,150.4627567350063,141.6260984401638,163.0556319471446
6082,141.8887442664798,131.341406893308,149.979504872301
6083,136.6054286140628,147.646676531457,144.6231874821606
6084,153.4242033386197,146.1676856106,158.4107922430356
6085,137.7048699734439,145.7240944371383,149.7527530969213
6086,142.8879841302515,136.2155294322149,155.0869005738283
6087,155.7172278995079,147.4390199808734,137.2043598643222
6088,151.6645988015885,136.969178106222,145.0555819201262
6089,156.8017709833744,148.7651798124487,139.3312146285649
6090,145.4159823209311,118.3246010317175,152.3874160497818
6091,160.9902571648472,148.5328669626171,156.0891733295967
6092,144.6879307514197,146.3834597282052,143.7942919389887
6093,153.3162086407022,145.9696923750289,142.1807862508321
6094,140.8839159508738,151.2039487692731,146.3471178165827
6095,141.0630078104838,137.3048276850851,152.9271093885836
6096,140.1136362565577,150.7257718081406,152.0853816633209
6097,151.4764217123115,140.1138790616704,151.1991234600131
6098,125.9688746862963,147.4082609676185,140.0500869819598
6099,158.4400164166178,146.5612827239448,150.0173472838806
6100,148.6981803167101,148.8282732978751,156.636927011928
6101,151.795125905668,138.2699575197906,141.2653499946485
6102,144.6542543587016,137.7949428487714,138.4018003435898
6103,168.9051032371864,153.5802250681998,153.6957380637602
6104,141.745544317295,150.7628343750531,150.5864557564146
6105,138.5591228727921,135.2213228248393,142.570335464231
6106,153.0065001151676,146.551979290631,136.5022572480113
6107,152.4335653593904,147.4430696613473,141.6824899176245
6108,158.746311898694,142.9363258170036,163.9148402759185
6109,156.9165304093921,134.3422471390433,141.2812242348056
6110,169.4498059762423,150.4920926713384,144.6803436981453
6111,167.2198656906241,158.8848140244001,149.0353540282908
6112,145.8604942371076,150.0080706272629,160.8916851491529
6113,146.1075842121712,152.5352275623428,156.2253002396838
6114,139.7520472490037,139.2205334054268,153.7352665089402
6115,160.151800343847,152.3745585870647,165.8184316776418
6116,157.1503910924222,164.248171325934,143.7149019834941
6117,155.2123127682082,136.1490885644216,145.2767850452912
6118,144.8187810215761,139.110300380494,148.4244459527614
6119,145.915862090942,153.9689510042397,149.0146413423534
6120,157.0947787738755,163.2140725870505,166.8104662170705
6121,138.2344171575926,143.2271219132949,143.0548134899505
6122,172.5922619987732,147.5096322257411,146.4930758552923
6123,144.3154323040386,150.2853770953317,157.8026349491864
6124,147.96217800623,166.3036290160954,147.1260757302371
6125,141.714475300752,153.8033928807286,137.0774317122935
6126,147.024869779815,153.7643456853679,153.4671393749062
6127,146.3811379010666,136.0692740113864,157.8642901598432
6128,149.8501710195021,145.3227803339885,144.4471033537387
6129,153.2907986948857,174.2546762807243,157.3847993119686
6130,151.5779043290321,140.4549613965975,146.069082976101
6131,143.816484088996,153.9807275800725,147.4742610720591
6132,153.377581339441,155.5039843646083,148.3664338129408
6133,133.5484509962674,145.4223987859172,150.9009826627025
6134,146.9541875814658,143.1957582409148,176.9375701244298
6135,155.0903320191956,142.1935336255063,135.8307352136591
6136,138.7422210526995,136.3091607041166,154.5136409833631
6137,151.4462627261234,135.0047544176128,148.7864908706157
6138,143.375025697673,155.2320465270245,146.1043508653534
6139,148.3712200531208,122.8827141039995,171.4034446995344
6140,138.2804183132371,156.5957168416163,151.3955818779397
6141,166.3292276776665,152.5847640413668,151.2402390114042
6142,134.846121376943,156.5431602354213,140.157562756571
6143,140.865451165425,143.5041101184297,143.2858513247425
6144,157.4569850375483,144.8934450880966,140.1922811834214
6145,149.5590989595305,144.4912366553156,149.3511250229843
6146,152.6756398951152,169.1061715032823,147.6202460500465
6147,138.4646761691795,138.1724411567071,132.0296992098994
6148,142.4811264466103,133.7594030830566,144.657444456626
6149,143.9623741560911,166.7083534205309,141.7239154605695
6150,161.1914573954737,172.0449370868546,145.8894627028382
6151,137.1409467999891,145.3718814754572,146.7626490174813
6152,159.7215223675435,140.4417419477773,148.7541503889827
6153,150.0712374101183,147.5394458377261,143.3594272109285
6154,158.2872448691888,138.4209600636205,132.3359136347961
6155,159.7578397461785,148.1177533318345,140.1380930226643
6156,140.2491113015053,155.5768371357611,141.735111126216
6157,142.1374001200888,160.1981096066549,156.5464273685311
6158,154.5698135041809,146.8862576696949,154.7581043754572
6159,146.1060565975405,161.700699981762,144.7950016624857
6160,151.9884840535387,148.1540456675095,140.8713251046082
6161,158.1833793482542,149.1919996484041,143.0790391628485
6162,144.2328211362058,168.1659853170646,133.8812357521522
6163,163.7267116076726,152.2322366228915,154.5655702821937
6164,149.2789898844574,162.6360898791707,142.673915840027
6165,134.066978705612,143.5088454381908,141.9449901737701
6166,132.4198643815878,140.1770206480191,133.9722034870249
6167,151.599636653295,135.9819908148561,151.2256978741718
6168,147.0686298216333,156.3890546184116,170.7961062787719
6169,144.090337550013,133.446787014624,144.5122032127888
6170,143.5422646636114,174.2802232330128,148.9362051309984
6171,139.2640945544681,151.1455678457529,145.2524332042736
6172,134.3215660317361,144.3560966656109,159.8961453435846
6173,143.2546501070586,156.0061827482488,157.4160174453092
6174,140.175874594082,151.4173894429446,150.730795550194
6175,144.7898350296389,133.6966845530485,141.4948340679015
6176,156.4436271792624,163.1034507490835,153.7918415424859
6177,164.5459203593913,138.4219053462735,142.1027017781273
6178,148.6614814211175,170.0247026646966,147.6099726632837
6179,139.6266310480873,146.6171481954434,143.059974411614
6180,151.4832234763452,151.7921347258362,149.7242074420497
6181,144.9239021032198,153.580526076529,130.3893804597935
6182,140.3881250578503,143.4915278307289,149.8317300449054
6183,155.2803318617163,131.3641305772186,143.4873394278801
6184,139.3614534492777,151.3528657979295,165.5177649435857
6185,144.2586423932786,133.1916872208716,136.3394955390387
6186,139.8920801303955,136.070680346411,143.9953951823533
6187,155.1206583782376,142.2243646491052,155.385834517809
6188,147.5467254525084,140.9051083978357,153.051386268084
6189,142.6104877103527,140.4652772024052,147.7050347743401
6190,148.4335986309226,135.4014016346811,146.8559229111101
6191,144.970736861333,142.3233815023556,147.6987278794077
6192,142.7313719391026,147.3597334441257,148.1877536467308
6193,160.4649092778681,141.2916845953873,141.5126522013986
6194,167.528747079614,146.0488758435599,154.5783820646105
6195,173.5086329129644,154.8101329371535,149.4293040800135
6196,136.8094855495852,149.2445625174126,147.6304818056142
6197,153.3841420569137,136.5345142299806,146.0367337700938
6198,147.4776673576615,141.0361309368301,151.7197735506094
6199,152.1806262154572,141.1064990220866,153.3860172279836
6200,149.2611147549111,153.7701921803383,137.6110082124571
6201,150.0334038508735,153.886068762857,137.8220161914967
6202,157.2598323045254,141.0167162965559,128.559506696979
6203,148.7731293338155,154.6921902461216,133.8662583772489
6204,139.6495322195821,159.0399700816234,141.8672408229648
6205,134.4035953468455,149.7208283804487,144.7146463390193
6206,151.4141011091262,155.4773777155723,148.6905948455093
6207,142.8966500714541,142.5528521743792,137.8909796812796
6208,159.9295717091853,174.0517014432787,147.0989587910646
6209,139.546147481729,150.1214445048766,146.604733922157
6210,143.8081348852489,159.4329092041421,135.2238278368271
6211,142.2482901504816,135.3714587692706,140.4228297498293
6212,156.0514591668501,166.8181899355848,143.6564223541313
6213,134.7546409938681,151.9537803263428,137.3957336289713
6214,156.8941814430107,140.3425376038611,147.1223659843336
6215,152.4969671856219,159.6209480048034,155.264398948541
6216,134.2435526695527,134.9134233980689,162.291584381145
6217,129.9557362466609,161.1039039490716,153.7841609555988
6218,145.27656881059,150.225691923884,136.6878276184657
6219,151.2713463136088,148.4782655532094,147.6077355380016
6220,148.1633120720095,145.8397646912225,150.7798729017682
6221,158.7067162741737,152.1515570035988,134.2282334791658
6222,145.9631548317228,131.9381526865191,159.9863436938535
6223,149.6496652330129,144.5064214548754,140.0487347969874
6224,154.3602076838881,156.7518462984769,147.1831863154609
6225,155.2208630091524,152.7850830701735,157.6853504021755
6226,153.3933621402606,129.5691534366047,145.2545448683619
6227,161.4909616108162,141.4587246144377,132.7252671264406
6228,145.9158542822635,166.6536070225956,148.2234065914383
6229,142.0789097523969,167.5579255132149,137.8046525515718
6230,153.224471830016,144.3659339417386,148.5335968364033
6231,137.0966100823601,150.8025226765926,144.9193735757791
6232,153.7100227876118,160.4882490951489,152.211219561716
6233,150.2559863589175,149.3128651374285,150.6600726081851
6234,151.1143869463845,145.2374642060842,146.8138102065517
6235,150.0719326302954,140.6259272524746,152.9396632800363
6236,157.613228987455,144.0046533328872,132.1839720021254
6237,151.8752161929885,143.5400940799935,137.8217079889171
6238,138.0811897297831,147.0405097894394,152.4521716704566
6239,153.9116753268142,146.1344289975524,140.6549234317268
6240,151.0040731887152,148.9818231388056,152.3702835379686
6241,155.3139842728456,161.5495464550075,132.214085547717
6242,146.9112428568299,132.8460041010543,155.7946143232008
6243,147.3557215322899,156.5116218441857,144.7110700504928
6244,137.7607843316493,144.0527347226396,172.9626000085867
6245,159.0596197253156,141.7840139344223,137.8621748190704
6246,149.2360305243177,150.3932590645825,150.4340581144167
6247,145.5893808428246,150.4342643584896,145.6596900938643
6248,141.8945296396866,166.6676730060584,147.9383083138135
6249,132.5564694122683,156.3066055531462,143.4689161122018
6250,143.7848735067927,167.3438875911243,147.4941576395971
6251,145.6271424816905,152.5517969316379,143.1215031755267
6252,141.4006925083131,142.4802448049008,163.1616796024959
6253,147.5888735094128,125.507133396193,149.2499706332761
6254,150.7984016325836,148.4315633090207,149.56234503516
6255,163.9035718615107,156.4013743685059,146.1463214567546
6256,155.7079220674139,142.9003687459553,143.7577589232947
6257,143.0292490191353,143.2776183300319,148.7486090114927
6258,145.3479363550256,139.8264274575315,140.495875566666
6259,160.7797903807538,132.2581535104067,151.3253941417202
6260,140.2987598521248,150.1105828897216,146.1938792439351
6261,167.8470889438808,151.0880582853893,142.9921234084143
6262,134.5684611349907,137.4345396681979,161.7932269301965
6263,129.5651232929884,134.1877963229753,152.4880849302835
6264,169.4403098754536,152.3224715741861,149.7627778956976
6265,140.194873360108,161.3958653412948,130.6419209175785
6266,140.6102694888653,154.6099758696555,152.798995596555
6267,155.7160208614758,143.6557824098578,149.7345789412369
6268,154.9929980273568,138.3224538860102,135.0428861447284
6269,168.9676731943416,145.6091692389925,146.2517145414486
6270,161.7437894556863,165.4925486102444,158.1564907907043
6271,138.95488493646,162.059626317671,146.5521681460793
6272,156.7451728943533,152.5335761870793,135.2056728254887
6273,154.8187095861212,137.9740220427472,146.3983332153529
6274,132.1968543367879,157.0427125048205,148.9459179960943
6275,135.3798912198488,135.7377895816101,140.5737943116906
6276,134.2987968162544,136.0922883898221,147.7754659810172
6277,142.527172737498,152.3139476781458,154.8823977487394
6278,148.2618048051961,136.019308478695,138.5111658023641
6279,136.5111587120065,152.6778115034359,154.8495659619653
6280,157.7844988082863,152.6774363532847,164.1968108267752
6281,156.0807912281959,148.2959541871801,140.5647847997679
6282,155.3298683193911,138.852990856311,150.1885895022586
6283,152.6298462668668,137.3269611119402,148.182464230385
6284,153.2489816881807,162.9889266473931,151.1569733286858
6285,157.4111472000861,142.9410532865231,148.7855459391822
6286,160.0307348331472,148.0731707110925,150.3743031582049
6287,161.6038918323345,150.4181302516013,148.4038284879746
6288,138.3446962401675,134.0493140448633,140.6367016125151
6289,147.9078012198808,159.8976684574603,154.4058059268277
6290,150.7833385471593,153.945509210795,136.791882643663
6291,143.8411110433009,140.8472764330181,134.3369239493157
6292,156.9291878563536,162.7399734414049,156.8534825293027
6293,140.9856188561704,140.9996997380276,147.6514156265596
6294,151.7790507826077,141.3404042547656,140.7890843574568
6295,142.5378788331819,152.071174619373,155.3499295776327
6296,133.5185855264365,150.7127084927375,163.4650595281507
6297,143.0280360909176,138.9026399808864,144.2205921382232
6298,137.507012735008,151.9301780888877,158.1638994025554
6299,149.5165002681461,151.0655960804405,161.8318463732955
6300,152.1737879868618,130.4500826965917,158.250909064495
6301,145.5714834542948,148.1626436809438,148.7244905469305
6302,143.8744624337515,157.6617083036081,139.8872186444152
6303,134.0937007926542,142.8756291126251,140.3530040787183
6304,139.5147317715298,144.4264215099145,134.6900281478468
6305,151.7791295302488,159.1830985383297,144.33581416208
6306,139.8811401374758,155.7465970480947,152.8855818191039
6307,140.9656709994581,154.2575149756938,142.3920653110134
6308,131.2241724754367,136.5008564115096,151.090245784513
6309,134.7144713507253,133.4803323164245,142.8044986910031
6310,135.7983008980411,141.8546023526474,129.9494715694803
6311,153.7180371465377,152.019530810109,155.7074310496636
6312,149.0726115184586,147.1059246265494,151.3403547979853
6313,132.2242958515369,147.247448272848,137.1704006485278
6314,154.3934642671603,133.9165639743655,150.8482436413156
6315,155.2245696791109,175.5393332723922,139.881886419794
6316,152.9963206371969,160.3351683853057,150.4289157228348
6317,146.8330747220676,157.4690132416605,136.1767947845456
6318,140.6011791709714,156.1100818144133,152.7299687161802
6319,155.8004740620368,136.0433128906079,162.3529230861298
6320,160.3901697282351,160.5598001505272,144.0573772057346
6321,159.0173906805503,150.7654388757818,143.1568439635898
6322,149.6501845902498,154.1817003622405,151.1058781744708
6323,144.2548861520284,138.847764749954,145.337313627359
6324,134.3406294579453,144.8699012979937,160.3323849918396
6325,156.469279591346,145.1903830011997,140.8653575721777
6326,131.2581599368625,145.3041477847189,141.5129874346967
6327,153.0410424368788,140.8588200407321,159.1175103387629
6328,135.9272797762465,138.2875126636085,139.7027332992048
6329,140.4020972149181,129.7540905174783,161.1343998979115
6330,136.6064384939932,149.5401925258407,138.3492106197666
6331,160.7323551606876,146.6213528135816,149.3777992378286
6332,153.4156558842494,137.3966638131987,150.6032144324525
6333,142.5434775977474,143.2682617826901,144.2403553735121
6334,134.6748164851375,149.4953500383619,144.4938529210677
6335,149.3009247778073,151.2942354359662,141.1656392758199
6336,138.5698301508763,132.8444191855592,154.9395718877846
6337,137.5261185775711,138.7304320076011,151.6415644715521
6338,165.8467861738128,149.8653241714614,146.9921047223638
6339,136.7543631212668,154.293009884558,136.394508798715
6340,133.4127745487161,156.4099734524464,149.5022963511131
6341,151.2072557878002,144.9425669161181,134.9420248124238
6342,154.607427880801,141.4852850317681,140.875138925517
6343,142.5460738093547,146.1549073357173,152.2443207834677
6344,166.9681264880732,147.3711439448628,141.3278793871996
6345,142.2504519356658,149.599954030696,156.7635301569672
6346,152.6933991875665,151.6075790854299,162.6854152816552
6347,155.8194714196546,147.7669539847331,135.6519097771916
6348,157.7071264326678,138.6499409675018,138.4350857785237
6349,139.3937062982639,140.1655990932395,140.2066445950182
6350,141.3808066810008,138.1803415611613,147.0771903437184
6351,149.1398776622102,141.6726268357541,153.5706244941369
6352,152.2216386052723,155.9555947174163,152.8053179465687
6353,163.0833354632768,148.9117628731316,145.070052498307
6354,145.1832420329711,143.0660485399964,146.1440197212727
6355,145.4781236551748,160.6216251945921,140.0222778598103
6356,151.1591538786956,157.1022257905302,137.492733302819
6357,151.3395624848228,151.0130455097588,139.8149700681616
6358,158.1934468396452,145.8675825309334,126.7761222164951
6359,158.362416720605,145.0647828889801,136.3920818923064
6360,158.7971730301596,137.2589289527016,155.917018091542
6361,137.0707166592748,148.6401616554711,147.605127646599
6362,129.0517862121421,145.7095141961546,146.5121056523838
6363,154.5361047311937,150.152909206085,152.9204985859101
6364,139.9367618624311,139.4221561357217,146.3251954899338
6365,149.082695914909,153.0372752776011,143.7616721124789
6366,151.6183039154681,129.9482383364098,154.8623840201621
6367,149.3625606367426,144.2112384256021,140.5691922848268
6368,145.480252131059,143.99077679875,156.4940022260553
6369,136.4017162415099,146.822590169245,156.8836289674375
6370,151.70919921148,165.8156523822931,158.1829698830138
6371,137.9652254485751,158.8339808216487,144.8632400811373
6372,149.6420514817116,151.0000408658888,135.006942931411
6373,148.1510169193493,142.3226934677632,140.1860043189593
6374,138.7030820649481,146.4531713426784,163.2920421069248
6375,135.2057374850947,136.0601861231404,143.2907605191831
6376,145.486093576863,161.0506317667554,156.3658625427531
6377,144.6311702095968,141.2739440881104,157.8571183430837
6378,136.2925466212956,161.3656574451092,139.7811284414732
6379,150.0974116826235,154.0155604221881,159.3426721662488
6380,149.1855400665993,151.0233699915651,148.3556068193086
6381,150.4485148863241,145.8135578473301,166.3093374472174
6382,140.9737028878494,160.8166499908926,144.1232590945848
6383,154.1047002375376,145.142634880834,143.1304589035878
6384,144.0298930861713,155.9338434780827,160.593255137654
6385,151.7266899470899,141.569546496252,155.1167706598553
6386,145.1008295265615,144.6279367238429,149.9014444206707
6387,138.3439657706359,148.3481857085161,144.8449141163222
6388,151.3994541110603,146.3020287396299,143.6238011839455
6389,140.3946427232879,148.9657298955761,135.1287487354721
6390,131.3451503468329,153.656083449521,144.3044945809865
6391,148.2248220872246,153.8626480209847,155.6812965224938
6392,150.8067920554599,159.6694834822477,145.5115998181798
6393,146.1196422707395,142.404826403356,148.3345872126444
6394,131.3577663579211,142.0458091445363,130.6990394589606
6395,143.8096949344193,132.838645753381,143.6408532785955
6396,137.1611318313296,159.4922855980803,140.6946336550649
6397,148.7745341689327,152.1196125856356,154.5856904826016
6398,142.7540625727618,141.0120378561707,153.4378952229131
6399,152.6641717036148,148.0696060584899,150.9065704355514
6400,160.0573590869026,152.3655919928955,141.5480690226592
6401,164.768126459058,157.3484289023419,148.2598794222318
6402,144.8524221161948,158.4706824761013,136.3375297455607
6403,140.7610496146563,166.1420178472594,143.3453570088044
6404,142.4285159281563,156.6885672275711,144.4271315387902
6405,159.7161235466541,150.7775257349564,143.2341100279813
6406,147.7845954206981,149.920836742399,148.9786231633979
6407,144.4806622149796,144.5104996290655,143.5649548785794
6408,164.9688141270681,136.8049497851963,155.1494634565569
6409,143.7638150752414,141.3506978871057,157.6948578785394
6410,173.5236146692392,142.3937680664248,142.3929544778766
6411,131.522887668623,149.1379564486775,153.3705224668014
6412,153.8304168588301,156.7841361000253,155.5156410745266
6413,163.2845234812076,148.9539603316322,150.8989498727483
6414,136.3526666455069,143.7518933677192,139.9970370186693
6415,142.8091063890789,143.9420120537506,167.7835522680264
6416,158.8865835729601,144.8021141333593,149.6595043580224
6417,148.3819377705809,166.3206910241366,148.0705601450122
6418,138.0292083100515,148.565529601855,144.8102273664694
6419,156.6289396225791,146.0059467872469,152.849089644599
6420,146.4569237776816,152.8182036237541,153.0851780479613
6421,149.8889607095265,146.9408888877112,153.3228735147236
6422,153.5573198437829,143.7785351485068,159.1125180749608
6423,139.0776304453705,153.9922743527204,150.0395377268763
6424,140.8116237625051,136.0297072071277,153.126438315059
6425,160.533889165648,143.8341093919213,146.4836786530667
6426,143.3041396749165,132.6457674329642,149.4374749455276
6427,144.0812526382538,135.390482007389,137.9565868901805
6428,142.1906627558076,147.8475264455571,151.3962918750653
6429,143.6851917118703,135.9378855970869,155.5229163454535
6430,161.9018482788512,167.664015213798,150.6003252880658
6431,145.8165696489955,158.1670496470259,147.9179747801519
6432,164.411967735539,145.0041524890666,144.966263638263
6433,147.9924708375777,152.3718040653355,135.1595617242094
6434,166.7754641205888,151.868503195953,143.2843988056617
6435,138.3631911322742,142.2158647760124,155.4475293567805
6436,139.6408413997003,143.633012478557,146.9356265006384
6437,155.45469335556,170.6201571315884,143.4499202190481
6438,158.3891107235844,150.0459418371713,129.4236183973537
6439,166.7962789990207,150.4443300950618,155.025568950471
6440,150.9266998176936,155.5979092846748,140.4041546040898
6441,154.6128985968146,154.1559928049039,142.8489491215175
6442,154.2895076105631,150.5361118495183,136.3857525537032
6443,149.1119738194985,148.2596486098836,144.0870883553935
6444,148.4163274830365,161.4815979625558,145.7364687295204
6445,144.1298015068315,149.8600738020417,144.6027475213457
6446,158.87535874073,158.3091041911215,156.8695534619209
6447,153.5564256510144,158.8118903675762,163.9627592688153
6448,131.277993247895,153.3150642713535,147.8102032285797
6449,128.8093224790272,147.9919857981525,156.8453299942657
6450,155.0887805623856,152.1792719105941,169.1069471447819
6451,134.3924119206545,148.1023743938006,138.8642846016704
6452,154.7592341284355,150.128167934476,155.3085022233423
6453,145.8652863418596,131.1005510471588,151.1809070289268
6454,146.5923849160445,144.9382962046165,139.0949818387927
6455,134.6483750237029,139.691829741733,150.569869245665
6456,148.2985032549895,161.1185924938878,142.4784911031286
6457,140.3531603333591,140.1639340094913,138.7622282694719
6458,148.3190810722224,148.9371127972319,163.7456812869845
6459,154.7911755414285,151.0719775905935,132.0750860529764
6460,152.8406870142724,138.5651013304509,147.3954575542139
6461,146.3033073914307,136.0514047226265,154.8328877947197
6462,155.1379643971869,146.1337937504036,135.8923019896343
6463,139.6651839361451,148.1787108132368,162.5499793894969
6464,159.7198409250946,143.8782411928269,141.6230907741917
6465,147.0644188394051,136.2496128880586,155.4627374605524
6466,146.1862387902392,152.5903759758005,153.5919565323778
6467,151.2838407719361,141.5980804480072,143.5584196883197
6468,141.8141377663103,134.7330053820178,153.3864271351948
6469,156.2475922768568,151.8360986256187,148.8440516625161
6470,141.3773326423772,158.139878212586,144.6784146723953
6471,135.1835695598877,167.1071536179116,161.9600594891872
6472,146.9345188564305,141.8651348120409,165.5476190959904
6473,139.1460217667538,132.1540615899226,162.1779278309585
6474,147.7082229128665,148.3325685749551,163.0743887563805
6475,147.5968069894507,148.7684872581265,158.2124442830742
6476,142.6950330858828,147.4317007994396,167.3161683440168
6477,146.4773100386271,143.4719733419769,155.635493975486
6478,140.4601014147759,146.1944247269638,142.6550006564815
6479,141.1946739655669,144.4004260203637,151.7418874942992
6480,151.4610734900481,144.3869277223636,148.0491708794229
6481,142.977532457826,140.8747221605468,161.7704374464074
6482,144.5140568808437,147.2353534215079,143.4230381542018
6483,154.6623649828578,146.9245669047426,153.5957411746893
6484,151.7311677938579,140.8272297610514,147.1202305035688
6485,151.4300322338879,142.0524709183941,144.0226068023867
6486,137.5869883999812,139.9203452852967,134.5838058334806
6487,156.4831908378029,143.3764978151804,143.4691316132594
6488,138.8707799270157,154.6656850019496,148.8554530485535
6489,142.2303180886921,146.3944635392929,142.6550521128538
6490,159.5051817339581,143.6289507519512,137.4172322613413
6491,143.7710748569087,141.375163921332,159.7820245034259
6492,153.1328884928434,142.921924105213,143.6623891178659
6493,151.1535742444411,147.2400340250379,151.0296778847847
6494,150.9673129645623,158.3711079407765,152.0064846172713
6495,157.3969864177163,169.1870009783627,154.707435297489
6496,136.0469061000714,151.1094305694162,162.9449189840075
6497,152.9761141483409,145.3584532741413,134.6309242767372
6498,159.4387071384044,148.0776497392564,152.5606024099039
6499,156.3318220892767,153.9461401815807,157.8632639331067
6500,138.5688522200117,141.4285514206668,161.3008137713197
6501,143.0623135568484,140.6623114945236,150.3748361679252
6502,158.5027426904549,148.2910153098686,143.7309798993092
6503,140.4697992966794,143.7196143366147,162.034012878947
6504,145.2932203489766,157.1657239330394,149.9317638417177
6505,146.7750255584946,150.3939550319987,145.7819390214506
6506,139.2521083389345,147.8519218431973,155.5282038749114
6507,147.1886158424015,135.1421330913309,152.0803867941366
6508,144.196022489851,153.9518022500204,154.221742516986
6509,158.5196461125348,148.5731254045528,156.3981935436765
6510,147.3016522905734,139.593980932299,139.3464791160966
6511,140.41157351054,152.4601253680977,144.8424839620681
6512,139.3081376112639,142.6598477869591,161.998148016036
6513,140.4089806648236,158.5331310688599,142.6450875264579
6514,153.3321127149324,147.9025327167583,150.6530649325686
6515,138.6963767258203,137.4914819821608,142.8985039973787
6516,152.2380975115805,153.4478332908996,147.8274217680597
6517,152.72787382534,150.1055881930688,139.7547319800397
6518,165.8672259742683,153.5633850960245,146.4203424515281
6519,135.2663329068735,157.6470649717733,141.2394105325473
6520,162.6624689748276,137.3383959599994,135.9454001439681
6521,153.3007839120538,141.8986598671355,146.7929256715797
6522,141.3534733964063,143.264655118506,131.8572848440281
6523,158.5858320035427,150.627703442027,174.7703531813336
6524,142.1191282634643,149.8124258803847,150.5494467365545
6525,151.6805192700906,129.4876019047454,142.9966280692999
6526,143.9984834337915,153.4074575912865,147.1046966664548
6527,140.1066583729579,156.5234965668942,160.1007504542295
6528,151.1338822557592,151.3975419645868,144.7955427397724
6529,150.1077093596344,154.9313717150055,148.7004398156663
6530,150.7885628141295,137.1152209132455,151.543842087019
6531,136.5786550579095,149.4652014578896,143.2436504316796
6532,146.0277607118919,145.2974304020331,145.4137737968781
6533,149.8688218947473,142.6785801543851,141.6752925493879
6534,142.5037957876947,150.1438933482369,145.7192564882232
6535,139.1667168155294,151.8134319280561,141.4508649269801
6536,150.771456024111,155.8542045718351,152.1191876702062
6537,150.4885996491462,147.5287785935099,136.6678655801504
6538,152.484946897028,136.4836744790664,132.1376426294214
6539,156.8310078972231,129.3062899741307,139.3092949937016
6540,143.1821159772459,145.802475192285,131.5288198106983
6541,150.4429146066886,150.0643962446243,157.8536788826904
6542,145.0049933713712,151.1962045903982,143.8846795117703
6543,143.470559380583,135.5149678238338,153.4651436810879
6544,146.2639247881747,154.0263478149012,166.9463362777531
6545,146.8963475317308,136.7875847250915,145.3665947950797
6546,156.7470258263741,146.2333221943706,157.6677398457276
6547,140.8655945430034,143.0642261372155,144.2513456242658
6548,153.7904439117808,145.2797736122778,138.3302397749004
6549,162.1758530359799,122.994215233872,151.5573565631493
6550,151.0855180687736,171.7696275947589,140.5661595634369
6551,146.1174721860703,160.7626796180823,137.3274438638054
6552,145.4839380112587,148.1878148178896,148.5016236136364
6553,140.1034753014729,149.4145092064867,153.8236794436611
6554,142.0095806849381,148.1140870144404,133.9813356006844
6555,143.1327705923741,122.4063089349882,157.063409816686
6556,140.8423332261834,144.9958643782355,146.2810719806801
6557,148.6348607180014,151.28225082962,144.8710594945987
6558,140.9634599329333,158.9257388436949,159.8138652425077
6559,148.106665608804,154.6892098172817,154.6024292917359
6560,131.081547129902,149.220961201267,141.8885848185615
6561,137.309958806444,153.1849624626385,134.5299135408892
6562,142.3051647693756,149.7309822121597,156.3726478399781
6563,157.6576566172302,152.8767774984136,149.1928285134704
6564,149.2570135110769,156.6138521085874,154.010642292446
6565,146.7755893816129,157.9664153442752,162.5360353842183
6566,148.1293181666756,150.1956773392594,153.1253717538108
6567,154.4075256595356,139.729374309617,148.7754821286364
6568,149.5587150372938,147.297480887623,138.3887432027703
6569,151.2413793399062,149.4994163293538,141.9329069494278
6570,151.1194619507854,141.0889536836904,148.0062107292611
6571,146.5962189418976,169.631964891072,157.5132273455184
6572,136.3275245420016,152.230465625213,141.2416779458297
6573,153.1412214350262,142.4055308502882,137.9253782653962
6574,146.4790994052455,142.1843068815296,157.5975053203954
6575,150.4252581107651,148.0865151782508,157.9751927837874
6576,153.1396754680227,143.1535639396775,139.2630423339291
6577,150.5452707877178,156.2752411504255,149.9101679553587
6578,128.2267708461669,143.6307164477104,148.894851477269
6579,144.1027938089219,145.5367454847213,146.1486078285326
6580,126.0003353904005,150.3159735261053,140.7869428587226
6581,148.8318332013943,150.0380905482787,146.8793591576515
6582,160.2752447247102,139.7708011832964,139.764515658203
6583,140.9527855472568,146.9997900795088,144.6153068133648
6584,138.2988161756759,152.6291883430418,142.8476006848984
6585,141.583903855548,157.1035952715812,136.4208775763217
6586,159.8275881692062,145.5973878168054,153.7578993688618
6587,135.7413202189393,140.2987451378869,150.7441193232865
6588,145.2232570890447,147.8111252555583,158.0314773067689
6589,139.7152793624641,160.4604367771748,166.051223828681
6590,152.2586771342429,154.3808730515456,137.7896646226603
6591,145.0267835495225,160.2156556884198,160.1349588724374
6592,158.1643610196195,142.7387600936404,132.6763132253542
6593,149.6374230855139,138.8436329011706,160.3354575570625
6594,143.4514065400629,151.3219272635595,138.9041291785794
6595,152.4728183903826,136.0461650688882,136.0665496278441
6596,150.0552262113901,145.1864054405577,136.9504430010413
6597,131.3812439815548,148.9438247453972,138.5067630763978
6598,141.2471928907882,148.8555471399933,139.0261371708359
6599,140.2652086120659,162.3233154493881,142.2553545190046
6600,145.6305714895251,131.7454230861652,144.3114841019796
6601,136.6369892931019,130.8869623723311,135.205441943877
6602,148.8709267869627,143.1121727177586,160.0533755868307
6603,147.7609434236524,142.0785233896777,162.8475833497507
6604,129.9280156122097,138.1450429811367,147.4039782152423
6605,153.3147015006754,145.4827550429377,136.7918017636241
6606,151.7418492087409,145.0699380692848,151.3010648980485
6607,159.5636765607236,153.4858220623138,159.5364993802605
6608,138.5545844822063,144.8172208884946,144.303703451466
6609,149.9868656365512,148.2454623127498,135.9126440607497
6610,150.1614501630971,157.6823827159224,163.992591344022
6611,142.5975454929314,150.4722051654565,141.1518906994866
6612,156.6139195648561,167.8941743178137,143.3328022059793
6613,142.2636335634537,156.7349792680196,158.8919194060568
6614,152.1953531309772,150.6856759858773,146.4787797328007
6615,137.5184994179529,144.3253849187562,151.8538392001304
6616,155.0739741304723,148.4123342288615,158.7323474236976
6617,150.081394630091,150.1418948131122,134.7941042770213
6618,141.9969167965915,145.8184290256395,139.5303388291206
6619,155.004209147062,155.95510148361,137.4621826261079
6620,145.0797385540826,153.4724612076104,152.4018720657627
6621,144.1975022666582,155.3861086522248,171.9789661132599
6622,146.9019638046015,136.4851456680343,157.9305362474531
6623,154.306583082008,134.5688964159874,148.01287358226
6624,166.8990807427595,144.5601269703292,157.8843824094926
6625,144.4927093834631,147.2979685695886,159.5057974069446
6626,142.5698025124112,147.3504075507204,161.8726892234357
6627,153.623018950044,136.7078845230846,137.8164535708288
6628,155.569126095349,147.2493724626947,158.08841694238
6629,142.7296241316263,137.7505817604526,142.5175825774689
6630,142.5958325927614,146.5356251770895,153.1122856314199
6631,150.821857200536,127.8585626773894,148.8246707865776
6632,130.6976317202451,172.0695247455843,139.9707433510519
6633,137.5089302497316,147.2099804980664,164.6736543139698
6634,159.5672352408876,151.3331532076151,149.7781616602974
6635,145.2114953051121,135.6103218385193,128.2409210125131
6636,151.6858214195352,143.0498878667844,155.1768669621898
6637,139.7930079868116,145.4295542676183,145.3694626337052
6638,148.886899420902,142.9250391656841,149.1750322115315
6639,156.0059559327404,142.5773242747948,147.3086976333973
6640,144.1898681476354,131.008788898705,143.8445608678969
6641,144.6686075855887,164.9183784336746,126.7257561620257
6642,155.6050267746084,137.6706748245375,151.746546683883
6643,163.8083534566084,152.2095775659045,149.0785324246665
6644,135.7932788261752,147.4103842010124,147.8442183235195
6645,153.4498010914094,145.3150687093118,141.5407461306962
6646,139.4360958632116,138.3070675291241,150.2552153678352
6647,148.7749192246537,141.6246695723391,143.7541998917515
6648,141.3337283318997,144.9902118292548,163.0735499486929
6649,157.6555495181702,135.8771754686693,161.0981585499109
6650,144.1477812425968,162.4285194758066,142.0066452399137
6651,162.5442960539282,145.2891319861492,151.5647916495729
6652,146.4095720615459,152.5273550253743,145.8182222277409
6653,143.6383504590721,153.8857973263432,158.7190349226688
6654,141.8193632428143,137.4264411528883,136.5478042611459
6655,146.9885428129218,145.8587796947312,157.7849908033234
6656,150.0927368865485,141.2602769849228,157.1575802193626
6657,139.3852024014976,164.5603365087274,167.9865679473377
6658,142.489880069834,145.5195492451254,166.9982600275904
6659,144.4715748116082,142.9637634770215,148.0944479864778
6660,153.8665088857842,131.0804985684186,153.3023470238947
6661,137.5934190197334,139.4224531219429,136.7541361576467
6662,166.8080174795672,140.5314884317065,148.7593880369594
6663,136.0235290224758,155.165436634768,151.6630871335023
6664,160.0318933748134,134.5762265998945,155.8448351432282
6665,155.6081244089192,152.6474688390898,145.3425670804934
6666,148.5386450920043,147.8295421853688,145.0633485559281
6667,162.0548490935842,166.923253283135,137.2763733102665
6668,137.9093979888819,138.4432024953839,146.5450755214829
6669,173.2365446321095,148.9001855402299,148.2287097445842
6670,155.1462388268997,153.4977997507743,145.7376510954791
6671,144.513351588445,142.6185332850527,137.9257639445213
6672,151.96233715331,162.8884764531673,148.0299094194287
6673,126.5414544333863,147.3935031953573,153.3443480814981
6674,157.7219900657348,134.4780160275391,147.1457989202624
6675,142.9616149774184,130.5771119343103,157.4791963874799
6676,150.6058084806508,136.099669086378,159.9243979033671
6677,146.9762832752194,153.960612059257,157.2104904599825
6678,147.8150433937996,139.6578574036307,138.0621970749924
6679,143.613691607657,142.1441507169565,144.9654816059853
6680,160.2952669750856,150.3498722580696,150.1894338189161
6681,138.3971351123456,154.667411624505,143.2949656861338
6682,137.1155940741716,142.1276555629738,148.8321833317015
6683,158.3095260493748,156.2166741244749,143.9601138119271
6684,148.0738180566162,139.9986704059176,147.017278615907
6685,134.9874867455823,159.7343936350594,135.0863300007978
6686,156.2243317713581,146.4645452852164,143.159093397417
6687,135.0047710159113,139.7757079085369,146.0314849765673
6688,139.6669969815194,151.029730836953,140.6831522018226
6689,141.608763188051,153.8164173295688,137.1801635402239
6690,147.4310690814127,154.4705321916902,142.3717124578318
6691,142.0533650582164,154.9849818364706,157.9857930977174
6692,160.1047435459576,153.5498881575964,139.6373748524956
6693,161.536226771153,156.5280240154748,148.9834518725651
6694,149.3556704993373,137.7706582360948,146.3873097837707
6695,158.0918620248558,140.1315242965949,138.5892911207327
6696,159.1267738487088,146.4694676102217,143.0639278699902
6697,155.1823560020681,152.1730459838524,148.4501107759573
6698,133.6233788194841,152.0792889719588,144.6362611358086
6699,138.8127526098906,166.1759992713163,133.8057237264495
6700,143.5671486100535,145.7677337399795,147.7486693100176
6701,194.492267106226,150.0895587301427,165.9889226287549
6702,159.9567418287162,152.3411936039278,150.0942951825374
6703,144.245578505598,147.006459307763,155.9719314295904
6704,148.2391043719316,147.7921482199722,140.1237970437855
6705,156.2028444771465,155.9053106137059,152.7996876072653
6706,131.4540204069985,151.0975646692132,179.4835216645998
6707,155.2184666044118,161.5434339372005,145.0442560983303
6708,153.7375514431382,126.1017543722447,142.1773395446928
6709,157.4238696975273,142.5632243533215,136.2177776289685
6710,134.1989708145856,141.9514803190579,138.4277930231044
6711,137.528629879262,147.754334061294,141.9769268741055
6712,147.6678201578779,137.9836130973049,155.2289923006128
6713,151.3941605413246,143.4002089694042,149.6631527825242
6714,151.9257892309677,137.8393694255354,145.9388995401245
6715,136.334454665493,148.9497731627475,129.2103591435679
6716,144.2133795342333,140.0086381579376,138.5715025947446
6717,132.0837140388883,149.086970629074,141.9004620167769
6718,143.1008375370067,152.9839821158266,146.3437568601594
6719,141.2968586430158,149.649317728653,140.1483269045388
6720,144.6233078952785,129.521034204056,129.1152843894529
6721,158.1318391629922,149.5184043987216,133.3319517238794
6722,150.274693611117,142.9518257815435,143.6318489543999
6723,145.2606084811203,142.8739567285866,139.6647512920004
6724,142.2917311981257,147.2999101625182,150.4632560937746
6725,150.061342456783,146.7747283453658,148.4029335249371
6726,148.8375453509474,154.2752791565749,139.9576713615852
6727,143.9529972046548,150.772256074196,145.3027411266462
6728,148.7153507708555,132.2926145560541,143.4426673458758
6729,144.6461740089172,156.4689641093019,162.702722206517
6730,149.4685234555957,151.0320963042261,160.4538664007886
6731,145.565506493056,146.0325086716458,161.5772053554765
6732,146.8922252172437,142.6652072484522,152.7101289469212
6733,144.0479854348413,140.9409645760827,135.5479687118787
6734,138.7382949894516,160.871532508546,149.6539037929657
6735,150.9390895388665,149.7324392348485,157.2408319701239
6736,152.2896014176566,161.3249648519699,140.0438790854827
6737,145.4390929857896,167.944862822182,142.5554143729137
6738,134.7139306214655,142.1618962983478,130.3340702272402
6739,157.6571605409538,142.6903388204728,144.0018465888894
6740,139.8077823071495,153.4423292174273,147.2067380850704
6741,139.2910291256094,135.8828386113536,146.048895024307
6742,152.0996003894309,175.6536714928033,144.1908490099745
6743,144.2266098254567,146.2170464029297,165.1410857158598
6744,144.4337545806932,141.7981846647084,158.0077177446381
6745,143.3378699299841,135.049528717168,158.2427014180219
6746,162.6478791449441,154.7696409445533,140.8674333853793
6747,148.576121552643,135.9169128953258,164.6716090849007
6748,162.760722179106,148.990697574548,163.6016301261704
6749,138.8865301042471,151.3286061878975,142.2661866633171
6750,140.7380009093368,145.5229920168567,155.6488867016259
6751,139.3794769005358,146.0625980489643,149.201049000121
6752,136.2666139859469,146.0947615339291,150.0205478839639
6753,151.673787176553,146.0324077040866,150.5135806222744
6754,145.3968824074183,138.5439020427631,145.8497779361742
6755,146.6200233133978,140.0396073488486,145.2591688082232
6756,141.420298750966,160.6950200885038,131.7059994053477
6757,147.1713250726733,145.1920577953911,150.6797940037773
6758,131.1678273140348,139.578727905316,152.7202962935557
6759,164.3274737917079,160.958119226591,137.3268042034231
6760,142.0767250222744,156.4224300490882,166.7166471481871
6761,142.6115795461525,140.23986835752,146.4732017309113
6762,141.1985089024934,156.209827594791,168.004355140566
6763,150.4299705877566,148.230464952172,144.1133041680753
6764,154.0579532456661,151.4686685495209,150.0227911843397
6765,157.0131237748301,151.4054030532547,141.4590505935265
6766,156.8834739173946,161.2210060747526,156.0827436977371
6767,155.4739392738521,148.3691015512027,152.2929051036882
6768,149.7962242323911,160.1532923512832,160.0626755212591
6769,141.0356123500768,149.8879356532236,146.310352109476
6770,135.6480343357823,132.1260364669659,158.5967559923031
6771,147.5601708106216,152.7970582835589,165.6825079658793
6772,153.9714636919949,144.5761998945084,151.3677908772353
6773,154.4094388899438,140.8279588434742,145.4829244621077
6774,153.7913199455836,146.5323282385767,147.2633933348671
6775,136.2109826680451,136.5944747488488,150.2348815850613
6776,144.4664377096641,137.6561403666043,149.3181428473282
6777,144.1144940717464,138.2192663727406,159.5495555356123
6778,130.2629404330864,145.3417186025486,150.5010820687585
6779,147.6403314174293,146.1529426801375,138.1186133243629
6780,148.2131004541145,140.1839803596643,143.5954156371773
6781,147.0135290671423,155.7628474420292,151.1036551213587
6782,138.0322067477692,151.4041172684189,149.789311010267
6783,155.9431610413543,151.5603244966867,167.811684292513
6784,138.9727741849298,130.5588760415247,161.9203481750398
6785,160.0434150773304,148.1114165375902,154.7745847574505
6786,143.9540302099355,143.2595282738404,158.2702434235023
6787,152.5090846985695,160.3067945752979,128.0153390405375
6788,156.8036380127389,147.2723548576478,153.9693046871237
6789,161.9107095920645,152.4611865408899,153.1550255550172
6790,146.2535923029768,153.687595934069,141.1226683126829
6791,142.3825742014127,150.6815464322383,151.0320562120094
6792,144.2866735579376,151.2551963499381,170.1010908784482
6793,132.2154161869211,151.5503716712229,151.6552290403795
6794,160.8997764315518,138.1833970636615,145.3780739177455
6795,139.1548389315907,136.6337003229099,159.7789816055867
6796,141.7701650116068,142.5521869204624,149.7505708633418
6797,156.2898261510608,162.2232399551574,162.9962111493723
6798,148.4365954736556,159.3480722262796,148.3112334888106
6799,157.4495990138311,141.988457825481,140.5728228638757
6800,170.3474983320145,140.6529901149268,137.8671204751637
6801,142.6946411316947,135.8805097180149,175.8695372370096
6802,153.0674636809606,149.0973035937976,161.5032301398185
6803,142.7079814335276,133.008392817053,141.5705361758615
6804,151.6998753086508,142.738520697886,152.5934839748597
6805,133.8934606756364,149.5837799083721,149.380595467182
6806,152.3991642342294,124.1862179132582,147.4590370166481
6807,129.7982918753697,137.8721949127922,139.3400283568842
6808,147.4820329275221,129.2781048196341,143.9264077838609
6809,158.9281511838043,142.0094059217304,159.1725478582193
6810,151.9038821737019,153.8258870308498,141.5261389455791
6811,150.0386291699128,128.6395300892954,154.9527128901116
6812,146.764408425236,172.3371742635468,156.4637730293362
6813,147.7706404742918,139.1075831651804,149.554016689986
6814,139.8839157679405,144.0163702887302,146.6778223755918
6815,149.9525487071582,145.7873760665069,133.3179401003852
6816,139.3414123213171,143.5359046243455,134.4224481566894
6817,138.429041675715,144.8840999362429,155.8499085552024
6818,138.6348413458731,145.0839148133335,149.1309748011663
6819,135.5112428030599,152.6809063048393,154.2871038791534
6820,132.5106786791277,152.5784392118924,140.9630731154886
6821,153.7756415642737,143.8431097254292,136.1546468677878
6822,153.8859676524937,135.954409693309,139.3273045135904
6823,147.6930542215529,150.8866277269379,150.5398839962971
6824,151.5111977855004,145.7617286018721,138.6360051023237
6825,157.6094238326704,138.678472200939,141.3455321454259
6826,138.9223950091711,146.1781237177439,159.9955252440452
6827,145.9333010734906,146.0914312832757,147.2633197942772
6828,152.0021309904369,138.629648623877,144.5662277922425
6829,160.1654892625196,144.5233991804302,139.7400001284953
6830,153.8351469985406,159.4578786524212,148.7266698117023
6831,165.7638257071091,164.7016258697742,136.0040829708402
6832,152.7023117943548,145.7181652629002,131.4680704227663
6833,150.1625772949555,156.9936920369892,150.9305026398195
6834,142.8855066258994,136.4421794271545,141.5779122910947
6835,144.0824256893725,149.1778364896016,161.0584918611179
6836,157.4828925117073,133.2184425882417,149.3665660759177
6837,134.2679417373767,156.9107811418563,167.3141768199076
6838,133.781326039412,132.9550673664446,139.0968942487409
6839,153.4994413353269,145.2994128739955,150.6595408461585
6840,146.5252530661316,152.205439197342,147.1569377497753
6841,167.7128705118524,138.3486214322498,158.5227434986046
6842,168.5704657858928,149.5868577779978,149.2750429303605
6843,138.134817948379,154.9984346773901,143.8415794591488
6844,134.9756567127647,151.0099295165531,145.8527441367713
6845,156.0134639373308,150.3656783386612,144.8212109846676
6846,151.0917541128891,153.1858302218624,133.8168316097565
6847,139.3440886505669,139.073774921771,159.0988988822733
6848,142.4752918016545,141.843465779106,145.483283990132
6849,155.5494869049679,147.6770599571062,147.2273183114748
6850,150.9344516501063,144.0040646049792,158.0416872475492
6851,137.5536370230799,146.4961796129826,147.9607126064383
6852,149.3012391136426,139.5934470694789,145.7281600277085
6853,136.1211676062806,156.3388510010644,144.139044378839
6854,133.7197811603532,149.3849190432976,152.7650764642215
6855,153.4753260330597,147.0545944998292,150.0145270797503
6856,131.1931296852956,155.1084075735976,153.3914101127557
6857,144.3302096352778,165.6424284003879,167.2127470526317
6858,143.2603349246911,150.4266822975974,156.096261023959
6859,153.7846928741971,146.2304563724594,140.4825450278425
6860,181.0736578322256,151.4045354758878,145.4573070664408
6861,151.4388939479967,142.7201186010693,155.5382053808381
6862,147.8372020276916,160.648600888528,144.8653504240255
6863,153.3146266065075,148.4631537435255,142.6063730197409
6864,156.1613066658862,156.9751511298245,148.8721256564886
6865,159.7839470045073,147.842494086914,138.5237737778838
6866,129.3387408242004,157.4031305002839,168.0792244775068
6867,154.6774298744025,149.568915532125,152.169133611887
6868,141.7572672688731,141.0645351408399,150.6240653144543
6869,143.0394986780455,145.382903467507,149.9939248348133
6870,155.9233952663051,143.1574945546674,147.3487168369753
6871,150.3519559127497,147.3813804140638,130.3621786538812
6872,150.1210357728288,153.6491046970407,132.354340278617
6873,159.2778457529579,133.7835340178491,150.8501136065132
6874,137.1099101516266,170.0586976184131,157.9429547094936
6875,149.4686108810407,130.5614778597649,152.4693063400084
6876,162.2237091013337,146.0402066007717,148.0903665251422
6877,150.847272180917,165.431448130345,134.7384644918603
6878,142.6591100147562,145.2350236752334,127.073070169126
6879,172.8367127981769,128.4180216945797,153.1961461241807
6880,143.1347939693882,152.7844468059862,146.2452540169095
6881,154.4413028155549,155.5315757567244,148.8841388129285
6882,136.0322426327292,151.6192287093333,150.9521944833132
6883,144.8299439812596,144.4995429795046,132.3876193282749
6884,137.7515337522768,151.6377621693366,131.3799913549614
6885,155.718904973843,143.2231672759045,157.6933902735668
6886,154.262232961176,143.7681458347421,146.9355576841559
6887,147.4737142718575,148.3175433210461,140.8742745279834
6888,145.0728405385509,165.9066378556412,148.2014588541028
6889,144.4351480357299,140.6587226133921,164.4831327871738
6890,151.6309077227687,152.0270896683474,149.6986321241262
6891,137.3102748732015,145.2444720156849,138.5973840493817
6892,157.503018490972,151.1207035713963,164.4499070523744
6893,150.3091981988526,135.3742896210856,143.7859835125752
6894,141.9644906024311,150.1494661438661,149.5542949795049
6895,159.6645418913075,139.1205169645993,141.7291252603933
6896,145.6525006480548,147.472784396021,151.3365158920964
6897,131.6167810185185,143.3679179414038,152.4726479452909
6898,133.3630179057708,154.4770820171901,153.3121222092144
6899,143.7265014049947,157.7450215616488,149.4504303250731
6900,149.578455772375,159.6463110123177,138.692618158028
6901,153.346085419934,157.2867775612763,156.595357368738
6902,152.1483497708742,142.2785356801751,157.047024211054
6903,164.1570517743032,144.3212423733056,146.169428421035
6904,161.1747334674953,155.8348077773718,148.1300887535909
6905,150.6845661883245,148.4880086743075,142.962710400033
6906,128.6632984312513,163.6964455752195,148.8832546492898
6907,149.6903052753396,134.9517452960734,154.3452075459496
6908,151.4973221635285,149.1776234780776,145.0025708609827
6909,147.6736557523497,156.713885454345,149.0591315651936
6910,141.1877537345111,141.9297524930904,139.0118981795788
6911,134.7727953061051,138.2015450690515,154.0910911473792
6912,145.2537958197582,150.9608089828156,139.9990055133771
6913,138.6180436507876,151.0927021605534,142.8656631000115
6914,144.1302356991457,137.3092812214721,161.5785652970405
6915,138.1138200497152,138.8934752000423,139.4490922602052
6916,141.6289853719723,148.4335545378172,138.4685757650705
6917,154.5443796648932,153.6597033373006,148.7871958791104
6918,148.5327508886452,137.0186851657749,145.2385167017789
6919,140.3994422215661,145.2890335786246,151.4409133968227
6920,146.3161161912763,140.899368085067,163.7922057408136
6921,135.7323673757714,144.3851747606391,163.2399794441459
6922,141.9521417170433,156.7093819228887,143.2679344987376
6923,164.5255760039246,159.6503746790223,147.9635070556934
6924,149.1845123924022,160.9037875645969,144.112342888076
6925,137.3552839467411,143.6096384729944,152.7563479155139
6926,161.0604321781497,151.4423409595384,142.6249119837515
6927,152.6791642712977,135.2961620389932,138.249776341035
6928,133.9356580710679,153.8568029985441,142.3005319259121
6929,135.8369123487791,145.362339625178,145.0992189934389
6930,137.2661140479563,157.131464063345,150.6221424529337
6931,143.540046595085,151.1187250133962,135.272215101607
6932,151.9156252661661,156.107527849637,146.3231002511566
6933,131.7061593950788,161.5338544579583,148.8327234579764
6934,164.5261885960568,161.6998290129403,138.9529915262697
6935,155.220387358704,142.9147132282156,146.9818079395764
6936,145.0137086564752,163.1511039076296,151.8243189273872
6937,146.1854670656582,147.5654079470564,153.0636453604588
6938,140.5856476390975,140.5278546064025,162.7208735137788
6939,133.2184462220342,169.212092500516,140.3795519758277
6940,146.679112366663,150.3608766337745,143.3659054419754
6941,152.866985069442,136.3254967018938,155.6688817844474
6942,151.872121581502,149.7303998168686,151.8179864603513
6943,168.3239827624238,138.3776935685206,156.6734049097257
6944,137.2556208658399,160.9109942249447,138.0718837853254
6945,154.8698419273057,153.4010160530626,148.083389258985
6946,144.0933751069344,144.2729108146717,142.4544472483577
6947,135.3303761294083,155.0440663019033,147.6351352581323
6948,127.7856400722257,154.38734780945,143.8631533250612
6949,145.1886686475167,151.0629822774715,145.4016748991722
6950,159.9508465264825,144.6033613491475,165.5635997897954
6951,154.2200798641656,152.5996334067578,143.6375161251145
6952,143.8489662093411,140.7269052254233,132.157491185544
6953,160.7270531490476,171.0302440272394,162.3631320400907
6954,133.9603202478328,161.4233488150259,145.154776110502
6955,146.2107557761683,145.6578164299793,146.0820239780875
6956,143.5272665799977,145.8622494583996,156.6664862736964
6957,146.7366349270528,152.555019144489,150.0183254422153
6958,156.2235628692579,145.2305027847071,156.7759331693942
6959,148.4289795599385,141.6044074042114,137.2139728934831
6960,139.976023320153,136.3356779651675,158.81718468727
6961,144.1902903969106,147.6003563570901,146.272024621039
6962,165.3564963511686,152.8281092931205,153.2195514480112
6963,156.9220781739886,154.2560526339579,139.8685371284252
6964,148.5120262778915,150.5153069929158,141.6518169575036
6965,147.6261849999422,133.1751326272017,147.8446683591311
6966,140.0998915006684,149.6274687847843,152.5656096884078
6967,140.8125571107098,171.8867249668523,151.6583155168713
6968,150.4532658125127,159.4563445599443,166.3393355745588
6969,155.2747462635751,140.4564338275244,148.0966672120179
6970,155.2212385897073,162.3753930125486,137.5276848443229
6971,155.1092530368812,139.4199057010723,149.5661626285767
6972,148.2934024975904,163.2615732151419,147.9683363476949
6973,156.3498647758144,147.2313130939813,150.3137224853954
6974,162.8010248543511,133.9156518143316,148.521614129494
6975,149.0096383327,165.3893896934762,146.4166512267915
6976,150.6883800644462,138.0207042152109,155.5178197610663
6977,150.2280296626769,149.9111723877194,152.7856653153929
6978,139.7286815668554,129.0822533118887,145.8881473792023
6979,154.5525031615078,144.906037142456,143.6579938596578
6980,138.8506880840224,128.575648228049,149.230518326605
6981,140.0756360982066,134.1065742204889,140.1183466280364
6982,156.2914320378518,143.7565406105379,147.3157336421389
6983,149.4997228235106,143.7545633101564,132.8359802731065
6984,141.4931556789703,138.0683496100781,145.5093956869663
6985,135.8865578652102,149.5607690726411,152.9059673022852
6986,151.0765361581606,140.7609418554773,139.8589561616745
6987,160.1815962619041,143.6517292802379,167.2068566006191
6988,153.1749246387428,135.8680134551963,150.2451503083438
6989,140.3957325064407,169.1922844209664,144.9088087275417
6990,158.1489573462306,147.8551895025286,142.4890068240236
6991,151.0759156976545,134.6524163898499,149.066163866534
6992,147.6797572434672,146.2852941666951,154.4710909158783
6993,156.0213757777665,139.0127970657201,163.0502666735099
6994,130.3682494137078,146.6799955531493,151.4576574715094
6995,152.5071017920745,161.8195519564,162.0431869505637
6996,153.9053159528879,145.3719669128394,160.7036118873933
6997,143.7426579908118,140.0830717053151,136.1256824855271
6998,143.6785917781122,140.7440927381374,152.2721200740665
6999,144.4269687377285,149.1551193789697,148.874259606286
7000,137.6675725730961,139.651320062401,148.7431472754795
7001,148.4495453424717,143.3412381170892,156.9016060215747
7002,160.5269635055942,137.5555575874467,144.9258179201723
7003,150.8317908551027,145.9775844102702,149.1209790133827
7004,147.1126156896561,138.2092618920996,154.81132363626
7005,141.3319867929891,145.7202444303543,153.8560234489222
7006,134.5045232673636,149.475984565088,144.1778667573336
7007,148.4547175620826,149.8304053930078,167.6907915828582
7008,161.9970464864651,149.9062780170021,146.0555164625554
7009,140.1599804712393,135.0596002269654,153.075797334973
7010,135.8295697244304,152.1254699340329,142.2933126468017
7011,144.1400825707959,150.9593369873577,153.1039344303036
7012,139.566497797479,143.6986130249928,142.1275479559749
7013,140.2488617797466,137.5434178230641,163.8110137033258
7014,149.4866216346186,149.4507588104077,147.0163058671075
7015,151.5071959430069,140.9331657721735,142.3483897443434
7016,142.0059887725897,148.0912715660258,147.7318875215477
7017,174.4390944099542,144.3250231176362,147.2738041337246
7018,155.3986304287531,149.6593279804047,152.589722005974
7019,140.6168530260356,139.58315391043,154.0952774824341
7020,146.2698105354613,141.8119552262456,138.2879756503649
7021,149.873170676992,155.7275479657409,141.3301135380536
7022,151.6603788096679,159.3293675558527,143.9653415160888
7023,165.4738461572916,145.0005317226692,138.191871548594
7024,140.2072257145068,139.8839215999278,144.2529941293757
7025,170.9068047482637,149.5493536508128,149.5778524004475
7026,144.7626400467227,144.3411157507508,151.6684140027059
7027,147.0753179162401,156.4672873645439,143.8074202100897
7028,150.2894952476944,165.5748962823715,136.2256950205158
7029,155.9751721648802,143.1193660578823,155.6550535025738
7030,154.50228556022,146.2817338052573,134.8408570531578
7031,149.1654078173632,139.6467118475292,155.6946374578761
7032,137.8830891530671,160.9246138603714,138.9371677345653
7033,147.8793522675749,150.385699616879,154.3824912563262
7034,141.1184515641234,147.898695146208,159.145768483396
7035,140.3668250658969,145.9245323456535,141.250761084074
7036,150.7380638337053,139.0470301265593,149.9252171350928
7037,157.8392172042093,142.4003301864637,142.4099459628701
7038,149.1816272647731,135.6067639348744,137.6113517925853
7039,151.4161753507188,150.5761028145518,148.7267799749727
7040,154.703709709967,139.3938161140611,142.3500359871677
7041,143.0207329523598,142.180077275401,147.4454260877534
7042,164.0426226816049,161.0857056237097,141.1741381451675
7043,145.6009116072453,156.7728894068394,146.116515818537
7044,141.4308903191143,140.0941503992192,153.6839482302145
7045,151.1937880445222,151.5800081482727,144.629752187012
7046,139.9527907593043,154.1614673632143,168.2335190531613
7047,148.2423737191083,150.3314816958442,141.1157726711587
7048,145.946474002655,149.9771988273036,138.9904669144694
7049,134.7975023136819,144.1138958257731,139.8290752807466
7050,145.1754589101345,152.8481878241179,142.6957702308696
7051,159.5608013309212,153.9244799310322,133.2206657508721
7052,145.9251876824382,156.6530289543833,157.6546013977831
7053,139.7623777450872,131.7138563110088,145.9868502253699
7054,139.6184466968687,136.7728122419404,157.771915191155
7055,145.7541768130133,145.8260710687559,155.1333940970999
7056,141.6798191735122,141.5880581118018,151.0856221890261
7057,140.2485773044528,146.8379950660121,146.8158004825631
7058,147.6559603525426,150.8949774903055,142.5276241814267
7059,177.36715485472,155.1091094263466,146.2347145615421
7060,148.41369731379,141.5599340724539,138.1198768584246
7061,157.2152603099391,159.0111837773334,139.9419576879725
7062,144.6356234045676,151.1532393136819,143.8432453039053
7063,148.3697020910624,157.4759491455579,164.0145252319187
7064,140.8253088496654,124.725413565287,151.5865494802137
7065,149.3114034173642,140.3951202854144,158.7717061291906
7066,138.2119535694066,150.6631287360028,133.7536715041294
7067,164.3798964480818,144.6852882584884,149.2985901439751
7068,142.1040424623206,150.4296499903569,148.4243887430075
7069,158.6520973936335,150.407745332007,145.6256665758358
7070,150.0764940552019,140.2485964295763,162.7684525281967
7071,144.079113320323,167.3962797914438,136.5092230917639
7072,153.5414117540975,146.2530163708437,140.4977552380763
7073,148.7072266796704,142.6770421717723,155.4875115994396
7074,152.8101839821418,142.0729803080934,154.7548749505609
7075,138.2923722462884,135.7756962089605,133.074508053488
7076,135.0954954256834,149.0525402236063,161.7675785625138
7077,145.9719770476012,149.6559522230994,141.3499007676145
7078,159.7483870202826,147.8305410177646,139.0755974597128
7079,147.689308044966,165.9188318385507,146.2938631526263
7080,155.6088714693122,129.8661037102434,170.7818459084596
7081,146.071299879655,149.0428196813907,146.9596999916107
7082,159.9200792776439,139.622534921326,154.8911459182936
7083,140.6197998821401,151.0808672983543,142.1048241340156
7084,152.573155482084,145.7190517116743,150.0121001479977
7085,154.8721284647671,152.4579157825199,154.7019828817194
7086,147.9245006476953,154.5232989556752,153.0590108569997
7087,153.4560773304575,144.9647750838894,163.3711397693807
7088,137.6650085368217,159.4772002311294,141.5940513606036
7089,152.6835531372501,149.5311796066846,137.2501649673358
7090,159.0039468120378,131.6714592024581,150.6520760081821
7091,168.5972684363843,149.5795946784696,147.0171266592594
7092,145.5869083003312,142.3617235969846,152.2042875846035
7093,128.1825774757183,139.5703637541873,157.4099101774921
7094,155.5685659252117,159.1058809352054,154.7428341856569
7095,144.0498341995156,151.4632570349446,144.7900997546742
7096,164.3616713716993,147.3995183630879,142.4617173684271
7097,144.5568186994364,147.3104684908871,146.0010586626222
7098,145.8244588062319,147.2882005452287,159.9736595956831
7099,144.6951493444611,148.5319047921854,154.227170078131
7100,138.1321519753855,148.8525274822719,158.198540734505
7101,151.2712997966599,148.1054747443467,146.0824859254135
7102,170.2349199032846,152.5725799214959,145.70967832265
7103,158.8342299131019,164.171806664987,145.0917467007943
7104,143.5258064297888,151.0134721528231,153.4056716727229
7105,143.3324559478842,163.8867851112274,151.2306377702012
7106,144.6488255117996,143.8107030220824,148.3995352948049
7107,142.6980725492341,165.947475623998,148.3078798988274
7108,149.7101236155599,142.6044819838808,138.0910637956093
7109,145.0960872379618,153.634262090139,145.0562328757214
7110,148.4942293607824,147.7740990407578,147.0372407742539
7111,135.5487759865488,157.687610818622,146.2939144751684
7112,139.6749486498978,136.3965287287647,153.1278511247045
7113,166.6428535817964,145.7150208123657,132.2704470622122
7114,151.3583980795161,140.690636368483,142.5983994940677
7115,143.7393811133185,148.6611213689326,147.0559681096915
7116,139.0319975898362,129.564989493772,155.7426176347368
7117,150.8875865121675,159.3938117546757,141.9916453219219
7118,148.7389568715797,160.3450050108528,154.8594493633881
7119,156.8181092862089,137.501478336319,137.6885886708052
7120,138.6548340703606,146.5200118439363,147.6205619755656
7121,147.7662197678565,147.8262672954246,147.2274510892769
7122,152.6884073100273,141.7742964732157,141.221839391583
7123,139.0443845293777,142.7072728350395,141.9595328462102
7124,150.8721116777139,146.387836115869,138.324906860505
7125,134.9716084589502,161.966573236784,134.6525237879211
7126,142.3120388018963,143.8363720005967,136.756259746355
7127,135.0028233473944,148.5534127640202,142.7837027182305
7128,148.5071196851258,159.1673732623242,148.555768020131
7129,132.6148184070649,141.9374844732028,161.5702071855948
7130,157.3683441253067,147.740430275652,138.3346072936093
7131,152.9868323126495,148.128959828057,158.7374194580251
7132,135.0194163946877,151.2329699166063,153.1459066466535
7133,153.2530392221867,140.9333312597512,144.8975074978067
7134,153.8742143947929,141.1305398684538,171.2421127324694
7135,145.2218207090986,160.7629123403608,144.8157326660856
7136,143.2344506095146,154.02743656554,166.0709198676701
7137,157.4781118443678,155.8137850442475,149.4821351340228
7138,158.6312814531784,144.7088917785622,133.3378383159241
7139,166.3114235315828,146.6448069667702,150.1787445668359
7140,144.22654688038,161.1213902456504,151.3135490838077
7141,142.3783356151857,147.026177658582,163.6353090571564
7142,142.2896278181404,135.9140576398462,160.4013060494633
7143,155.2210848777566,150.2079488352804,161.7021028715645
7144,150.9593112407607,129.8827660102195,154.2342222290957
7145,149.0979022789004,143.6268715153245,153.9561505395583
7146,135.3904863015422,149.1970403650816,137.2824240692867
7147,139.9920284994796,149.2591847790837,163.8246912223441
7148,150.3907490393639,149.5904584868434,146.0405559095236
7149,137.3332640604894,160.0842241449334,161.2594321027511
7150,155.42393000293,136.8896197288293,162.4561906415794
7151,149.2958712233223,155.5998355040819,152.9288143535273
7152,141.5951962478721,168.4716100925119,138.8565010239087
7153,152.6370878384693,144.0830762183083,136.5817859078548
7154,145.3408244967697,157.7449356775453,149.0089174780279
7155,153.2064727423988,148.989701314448,139.301689180594
7156,138.0974591087326,136.9557420080721,151.7961206354094
7157,166.8648942209161,149.672951371506,141.4723486363094
7158,143.4417434562736,159.9845750424628,135.88705620473
7159,155.4659463367537,141.6261931224395,150.9770743316261
7160,151.292652081345,141.7582234126829,152.4858794189079
7161,149.1245158141605,139.9132121856379,157.8360180416998
7162,156.3813554269324,166.5846318049119,136.6335804582829
7163,132.7837056792369,151.9127622639945,148.7727595232855
7164,155.2546514838084,166.4403814092186,144.0387764829009
7165,148.0551954462237,146.6889716658253,145.1778749943695
7166,151.3866862485244,140.2567157117433,145.8672268582128
7167,137.4857690861056,150.5677378314228,141.3815459412329
7168,129.066107192008,154.2468538305613,152.3893688010997
7169,164.1335885532048,144.7594372859342,141.2472877388559
7170,157.4252634906851,147.9872902179973,152.8457645978286
7171,134.1209206018688,146.9641256923314,164.4890826758495
7172,146.8463805059337,170.7040064579827,140.6624738787826
7173,144.0962467845781,141.4651929262734,146.534787144534
7174,152.0929542934372,137.2611013244711,147.2774909831201
7175,133.029655133433,145.9893472877956,136.9640254590928
7176,149.6371510148851,134.7052596632946,143.2295382650589
7177,145.096025762397,139.8200186406934,143.5380695333632
7178,156.0451238146411,130.4255975933697,145.0612257702329
7179,152.2751889282123,131.5224751241459,156.8255067096138
7180,148.5830932261759,153.5738895525527,143.045162076006
7181,148.9493663637854,131.5519047848642,153.1435447853407
7182,152.6654486241635,168.7397348460105,145.4936433858688
7183,139.7989760816339,151.4569676380115,141.3370933450413
7184,145.0516657493482,167.3118523600787,151.676521648668
7185,151.8238703559917,142.380888858313,158.47346972867
7186,153.7236935889225,135.5788601055808,150.9277425279801
7187,132.65101915223,145.0819105454264,156.5488127470616
7188,136.4316870137575,152.4881814477375,145.1687884876031
7189,144.0984479894033,132.2474406354385,138.9890408030526
7190,144.0856251055309,146.5008304798074,172.3855946238043
7191,141.5302839391913,142.1481801222182,149.363891080342
7192,157.4790712641953,162.5713116259448,157.026422775922
7193,152.5003245769393,147.3835182232251,133.3174853982597
7194,151.0632458595361,148.9067606068234,132.6742686258785
7195,141.9397283019868,138.1745592234913,138.6932463843115
7196,143.9213132513052,151.5950937169793,148.9985969981127
7197,158.0244703720888,137.5594765936992,143.7987401277126
7198,133.6776342252719,136.4176233732733,149.9377302194879
7199,127.0003871695493,143.7545489838321,151.8431986479487
7200,146.0022787129915,153.7533961428154,142.9642497828692
7201,156.8503751890129,154.8765486921617,146.6773162055961
7202,151.8525456825238,152.7665587055759,159.6462062136735
7203,143.0884805166577,153.288640244333,129.6428406684719
7204,146.7642125760424,142.8592227606989,148.9747910183262
7205,141.6775923559064,126.1126832551884,156.597023674998
7206,151.7419678553498,157.6508277928572,144.171276689884
7207,153.2255712031573,155.1704110186963,139.7866504014188
7208,158.1213060241227,136.0143170674692,136.919167278855
7209,155.6247503877785,145.6965993058895,144.3506570061383
7210,137.5625113835228,137.9673779198956,143.490651786046
7211,132.7063322675741,145.3560824445728,148.3618569967115
7212,137.3173127634778,163.2350055202216,152.3628572197411
7213,159.3976947719722,147.2708799268366,154.8836865593073
7214,150.4214477377407,142.6505995268805,168.5594743585908
7215,151.1186211161797,151.8465942981507,143.8365097381569
7216,152.31537598574,148.6302639354432,152.8976813013604
7217,134.2129418743744,138.7516726397435,144.9619683173619
7218,143.2339734329477,155.2218777611726,144.2526448655951
7219,142.585152603911,144.3344248947215,149.8790604305244
7220,154.0715423260002,151.0565984424155,147.0461849826271
7221,138.3133350675427,153.6954766090918,126.2171433872518
7222,147.7962081755986,141.3507295898123,148.7410501365673
7223,136.3110858203026,151.2416033376581,138.5703119966595
7224,158.0180641034262,142.6391840267584,139.9106611152033
7225,120.4684738692591,146.0369063432173,140.6766845228907
7226,163.5940610006712,140.3890424200617,154.6104134502527
7227,151.4991428365445,156.8647008881759,158.061622918616
7228,153.5240097922283,141.4082097443908,161.3418387978533
7229,158.6789080702612,150.74293435421,156.2784272308076
7230,155.307814256429,147.077377345482,131.8551381513241
7231,154.6705235889557,138.3725419623451,138.9890245572031
7232,151.3958735498437,151.3074151808964,159.034938791849
7233,145.0712280591623,151.259962285392,149.8201942739088
7234,150.2884685099462,145.4654619124917,144.3111278194657
7235,139.6239598184197,144.8915511739589,167.8362566330287
7236,139.3732983247285,147.084433116831,152.6662194789523
7237,151.0615950633237,137.7628673100748,152.9352789935982
7238,141.5298128581842,153.581543781254,140.2659627268951
7239,163.1036609490839,149.7760988481047,135.8714106311178
7240,142.3997394036556,142.0659160679603,166.1323614204421
7241,154.7375295499232,135.8653713594036,150.6965396233393
7242,149.5656831881341,155.8912849033971,142.3242864281842
7243,139.0601499686794,135.4494007701012,151.63377178622
7244,148.5829773937341,157.2312439152685,140.2481754234571
7245,148.212641687599,156.5963523543235,141.2788304027327
7246,146.0868862876273,146.6804597485481,154.4341637951688
7247,152.6696306794892,148.4208714451818,138.700886567084
7248,149.7865794786676,150.5536479045678,141.8820350575987
7249,152.5126763644646,154.2580959597927,139.1334108345198
7250,153.3573908360908,155.4072078736368,145.6805852212987
7251,155.1083433853942,134.6553997485536,146.0716720924138
7252,156.9976153495373,143.8260252567795,149.3676510455493
7253,145.3205863776876,139.0428309257726,163.987333583834
7254,148.646173962765,154.2831465682137,141.8277273323112
7255,156.5799398335829,167.0154300590989,139.9208046324983
7256,143.3022177094957,139.4626689505993,158.3820999873631
7257,145.7631179928401,151.5934050664634,142.9036159646187
7258,149.6506826906673,166.1805134684965,143.8150352554273
7259,150.6335402560744,137.6948125864235,152.9291019091595
7260,150.642278940471,149.0717562870757,141.5570151895862
7261,149.7580449939657,152.8280819587082,143.6918087202762
7262,150.5198650796899,147.8305214977995,154.8767147639077
7263,154.1771514057213,141.9350867291921,157.9729286666982
7264,144.493046857182,149.0651683230812,158.3275937660801
7265,146.3208795613483,145.2920227174468,145.3017049864985
7266,152.4314550229478,152.0674337836911,157.0030839209739
7267,149.727417356744,152.3556638573018,151.2376503728546
7268,145.4210936692745,133.7629754133785,150.6642145254516
7269,140.0252590110658,137.0963607403569,159.3103384926226
7270,152.192286903557,153.9776652084708,156.8409710551483
7271,147.7758569239999,147.3950272649575,137.8296938597115
7272,144.3795768586149,150.0952364031301,153.6892064282509
7273,141.9228933808052,145.4464110951334,150.8485451161857
7274,162.1439776980039,151.4834281107904,147.0332517787121
7275,139.9224531324118,139.2965080711326,144.0985749082234
7276,140.3453378280757,156.6356222693475,162.72719770595
7277,152.1099280012797,161.4175337199115,148.7529792910127
7278,144.403050483803,155.4242538539364,146.3754629979549
7279,135.544573698156,137.0274059844649,131.6966817033508
7280,136.7045953501935,141.4910644784787,148.3560843687937
7281,136.578090967151,142.9731461041763,158.7467508326059
7282,144.3232169024049,140.5953162842512,135.932416873981
7283,162.7682098945949,158.6586784006779,141.0250575086141
7284,149.5609861681901,154.666887642925,134.9338814127371
7285,141.2959641105865,148.262995441163,135.760741670006
7286,150.7146138358017,143.2199945075085,143.0892322212787
7287,158.4479582057634,140.4012929848166,151.0741471308506
7288,144.8730912394951,155.3269141943348,128.6272403420834
7289,143.4350480688613,148.1515433306922,139.8526956076393
7290,153.2418314263988,147.7028645727494,157.6412436127173
7291,161.0888927894415,154.153999596956,149.9296419912901
7292,145.0604394765037,157.1155703845387,148.2506453948293
7293,149.3919633769209,134.3178502497725,160.781238472835
7294,159.8758435909912,159.9521634947965,146.3408030631557
7295,151.8523105271383,141.6114680010747,150.9852839868056
7296,142.0781294822019,170.9348254900428,145.6128737032241
7297,148.0793006205973,149.2627304921887,143.7620359991115
7298,142.842661387495,138.7310300157751,140.3807679360789
7299,149.003716894602,131.5230318490622,141.5433188553577
7300,141.7185160354405,157.0059331733582,150.7713475510976
7301,150.1040903800867,150.0574628507506,165.4728337172524
7302,137.3390465226237,148.1223420355304,141.9329846106128
7303,156.3472805637842,146.0333949567362,153.2937147487449
7304,146.78483070618,134.3038946926583,133.7886077448339
7305,140.8682187255128,139.4168924689035,157.6602730210654
7306,140.0445000556668,143.6912122885865,156.9793412345242
7307,139.3293029730896,154.3839932171055,162.5242957227744
7308,134.2146502138695,154.4852891936056,139.3163876665051
7309,162.8608968442278,152.4775311457479,154.897875721695
7310,146.5068540177685,148.5611290281221,150.6446306298559
7311,144.2070531400603,136.7831443998155,158.0474130506456
7312,150.5160981730361,141.6025661621993,139.0520014935136
7313,147.7089708943053,142.254683500544,150.076681230283
7314,153.9751441532329,138.9163736116714,141.8598641792214
7315,149.0320055893292,138.0816936601618,138.7343054098733
7316,138.3306048026042,140.7556733070608,151.9152779384093
7317,152.7048274667792,153.330506552409,151.047022857135
7318,151.0692583324482,143.2995410756033,141.7663291428152
7319,140.5225570719848,159.7790388364717,138.8208897437501
7320,152.7460109484321,147.3199653443921,142.1989359727719
7321,152.2602685442928,133.2335604417437,158.5081466563422
7322,152.41590130662,148.7608859301862,141.8631536376499
7323,147.5972999521387,140.7523507739724,128.0698653310536
7324,138.0052623289279,161.3395738738226,158.6254242346864
7325,131.340379993569,151.0380085481537,150.8964861633704
7326,150.4225589001507,135.5510265911136,154.2131661475678
7327,159.9419184049879,135.2232832899538,139.1058112303983
7328,131.9138778006013,140.6200294472741,157.6414530852701
7329,146.5446420043032,154.0669957596682,133.5601070152564
7330,152.1360017363916,148.7734395980583,146.3819151248261
7331,141.354101162437,153.2315235965482,148.8929548519963
7332,146.8826569846971,146.2118819675617,134.3557785625451
7333,156.5474119294765,168.4839542554951,172.7357728251322
7334,134.8068239691541,156.6696505332054,137.8632936205348
7335,146.129623633605,146.858568936113,153.4446361814905
7336,147.5708827093876,142.6660018772016,161.1975227724876
7337,142.562410440094,149.4572508880662,163.5490777154954
7338,158.3742484419311,159.0472542921927,149.6007668740454
7339,147.8499117639374,130.6146861969562,154.1986853309425
7340,166.0914419205144,137.5736811956725,145.0657972686837
7341,142.9209952047151,154.9054128754172,161.812454545152
7342,145.6826405583023,140.1025693898233,151.7157943492042
7343,127.7738448388475,155.997313552625,155.7043070786846
7344,140.9040760485116,133.223897759493,152.2488230937984
7345,152.8276014902582,161.8930822634755,137.8472175638096
7346,157.3274625886593,142.8527627468332,146.4114535657513
7347,146.1688125170908,138.2311977478506,137.2482009661819
7348,151.6991261770378,156.6058442501334,147.1446471029371
7349,139.1479225828623,142.5553600267975,156.3198224078659
7350,149.1810774337194,143.2946497355894,135.9026358066303
7351,151.7829948597928,160.2008798283713,148.1491938750697
7352,152.215140281394,134.0626207991074,153.4152511736157
7353,145.4845135440829,155.3157036989155,142.7275919176679
7354,142.0964514527321,140.5890528860787,154.4470110803131
7355,153.1452935140901,147.1113581433921,145.7433096926082
7356,149.5998447877569,150.2658152693035,140.7859860949403
7357,139.3563096452736,153.9840717416173,150.1805468330689
7358,137.3106174915411,138.8370619761467,148.5387900174723
7359,139.5794873355911,135.6958725195102,141.0758300020784
7360,143.8051838626945,159.9022946398249,148.4084561333797
7361,143.2103652682766,183.1419990648178,152.5504685750766
7362,147.342756066046,163.6015618560799,155.8858403223995
7363,158.0664330661529,144.8107284097505,144.7452677814629
7364,148.8662645806052,142.2401684676737,151.7883331112925
7365,156.6991666906917,153.9842475474825,160.9392573786559
7366,153.1628415952018,153.7862876159465,136.819480648089
7367,146.7706710592253,145.959965341275,146.2707837947654
7368,153.1709289573148,155.124391734558,142.485888641911
7369,143.4412379955391,164.2603448755315,146.1798597436984
7370,147.7311272507332,144.6034923138135,143.6481467750512
7371,160.6597258314652,143.4692401336823,141.9104783552566
7372,147.0353698501889,137.31184507292,142.4243379073086
7373,131.614831096232,135.5204040557541,150.6293896059128
7374,148.7973300030534,130.4298300700564,141.4535369078937
7375,142.3004154254872,159.2562232973109,151.4537924186441
7376,132.8294340087834,142.6835405988295,145.4607382712867
7377,160.7797864733326,145.707499391478,143.7730940219085
7378,155.3878387650134,141.1026789818187,143.7670465696536
7379,139.6761328187927,153.4534832767306,160.1308216769438
7380,147.2725774457662,152.1541286312989,147.7348823102366
7381,151.1015800601908,146.0974806851268,145.7492954654209
7382,149.0484666540872,142.643546936701,145.5670201240706
7383,160.149434658234,148.3819034395637,153.4401689167131
7384,157.674007752824,132.7835767889519,149.7288557404349
7385,140.2139622251747,146.1411997593566,147.2940826453681
7386,171.6358438833954,149.0644271900722,167.5940268243819
7387,146.0060666098207,136.1229130690969,137.0913224432623
7388,147.2100378995824,145.6302246060359,175.0382671997899
7389,132.6981140346649,148.7520582652274,144.3123336448146
7390,162.6121685263359,149.1932629487775,137.7947822178469
7391,139.815900548382,154.6074287094993,130.9273701829449
7392,148.5561470562371,146.5117842652035,163.6818456730931
7393,139.7687771006034,163.7405115171365,139.7047333796357
7394,135.3666331419921,155.1635254635296,145.0754124088295
7395,129.3501188963927,150.4054226832764,164.4677466167946
7396,160.4360508679272,154.5563120801742,151.1129689777036
7397,154.8461934594255,144.7250014641944,138.9262616176415
7398,150.2457878955582,154.5698786507197,116.4283188238762
7399,153.8872318276233,137.0906717495467,149.5838558255641
7400,157.3265201489731,137.4091453978865,142.5108513971218
7401,143.2567260593401,155.2276857783939,147.8352512693085
7402,156.9620801326642,155.8959653698003,157.9743306466605
7403,137.1562631253934,153.4062439693182,141.8609609838442
7404,143.6520099432938,148.2065890149764,145.6445973456856
7405,140.5104698831599,140.0754963118142,150.440438384613
7406,135.5991611884093,159.4674741502891,157.0994655904624
7407,156.1777482808533,144.9629846426199,150.4833490751621
7408,142.5987697560213,149.3931316223458,144.9033268710495
7409,137.1772321260205,152.6023159805505,138.0040405940613
7410,137.9305310620063,162.3740477951027,149.8860515458875
7411,154.8898375468104,162.2951158988901,140.7904699192174
7412,151.712134117641,155.0831908513887,147.5578638951809
7413,149.1222213289905,135.6767600013829,149.3841584464071
7414,161.197374708059,150.4550649356915,159.5391875650269
7415,137.540860657918,133.7866645560416,149.1630478622348
7416,139.5197368164012,148.7731217777219,150.3135482882154
7417,140.4637996910724,132.489075993579,141.9998417762473
7418,162.5008062191428,140.9740093516809,151.0631076995323
7419,154.5943248019493,147.7856493513054,149.5164646124731
7420,156.0696306100153,148.3751637996529,144.8798131212172
7421,140.2782603212574,145.1600790059406,148.8853002581181
7422,144.7894053973572,156.7721164270936,148.6878965672734
7423,151.2929283269044,138.2101487951919,138.9537608630857
7424,157.2396376284863,135.9436450218241,156.8662508159912
7425,148.7702148251261,137.8917310869485,150.5418008877174
7426,140.6563119581425,145.7996871250465,137.4705330410299
7427,147.4588310772219,148.9136334284462,139.8577775931456
7428,156.7003592121081,130.2878062332032,140.0694611012486
7429,163.3056166420534,150.5930418723384,142.3878936969443
7430,153.3412606468541,164.9269082652665,143.4819114855077
7431,135.165817078499,138.3494158970824,159.0655272143864
7432,138.5652518356855,138.3089600691075,144.0325765400052
7433,137.3232010006387,143.5721553103235,150.7627208790455
7434,141.731865365559,142.4681208978202,142.9760984085416
7435,141.8600230560242,141.4650938343572,165.9582728451535
7436,139.0300666402785,129.4480117063206,140.8526532592475
7437,143.7580373896019,147.8754995397271,142.3395762404159
7438,156.7498794521676,164.0199804277999,150.3927738758513
7439,143.1390927424295,145.6440246845588,146.8404012490411
7440,152.4226452327385,153.9224881667236,146.5986943365581
7441,137.9223973877073,135.7633293804506,149.9661203386422
7442,137.6225598395147,161.7232198049975,156.9468315908724
7443,138.1295946002103,145.7780346354078,134.9256199175693
7444,148.2513430414004,133.2082864169001,143.7908024169249
7445,140.7669506996393,142.7549017156454,147.11113671046
7446,153.7147463979725,143.7683706963369,153.7186305056583
7447,152.4100722489997,148.1809871775951,168.2633492357513
7448,145.0239904937932,149.7528810928951,148.8085287462324
7449,153.5711782240893,143.0679468325513,154.1960434416131
7450,146.9943475133611,140.6535795226738,153.4098987410867
7451,141.9123817248462,148.3715592823019,146.5748323104719
7452,154.1591282353008,140.9923453584458,143.4625350213408
7453,146.867128196597,133.7914127824826,150.9501616819125
7454,146.3773198407909,137.920219601154,144.0455517745472
7455,149.6512818343239,143.8906416172149,145.4754597725978
7456,148.0974051004317,144.0885674192994,146.1721446468372
7457,151.2669898907667,142.408151929787,160.6248885430084
7458,155.9355854399925,143.3870997123379,155.1928467236203
7459,147.7385758802014,137.3784252632694,171.2641840084943
7460,149.8575996192281,137.4858921858554,135.9516778476485
7461,160.3251192935709,132.5826786153849,159.1179102131353
7462,153.7983564918766,138.8892748978703,149.8740959396848
7463,142.6955410157482,135.2096932987574,148.32399047502
7464,122.4520264904691,157.0312069042715,146.6008660890576
7465,140.2001009834641,148.1993072048795,150.1085780316391
7466,152.6004273442401,151.130655145463,145.7469912542026
7467,128.4723957044833,150.5817344926135,141.7853814429746
7468,144.9901182681816,159.9573172807012,147.0665185852629
7469,177.2423881233049,163.0336390202048,147.339421778951
7470,149.9146336141348,151.7052886515689,138.3679616074175
7471,161.8242629363215,158.0375440995796,137.7858657097376
7472,142.2753563054256,145.5014983077939,139.9094159761416
7473,134.6677506735697,158.3284814898761,149.5412391423634
7474,142.1036955299732,154.0973477689919,137.8195557191448
7475,148.4951402021328,153.6402835785639,154.0949772510508
7476,141.701189435529,146.7985421786231,133.4566499027094
7477,140.4132080414869,159.3178330455854,149.6773301687288
7478,142.4578211643623,141.1987399014876,144.7823770324591
7479,139.4838799969866,145.7438648736729,143.8292386383415
7480,159.6888023327491,135.3021680371274,151.6901678746067
7481,139.1537407637758,149.4065290293792,132.4344157322218
7482,154.8798482829237,146.0384182107352,147.5650542991845
7483,145.0333580957276,152.086937384897,130.1671841722626
7484,147.6931659992888,152.2935380559986,149.3578977209135
7485,146.5748230622303,130.1205331965964,142.6491719048588
7486,132.0811307227012,154.6891839277036,149.5547155994666
7487,154.4502242869894,152.316411384076,161.5837687399939
7488,157.6687696396616,153.5597716471952,151.0770517071971
7489,140.5567048183651,140.2762484453289,142.4709840009281
7490,143.2518597434279,143.0748573894376,136.0753171280839
7491,145.0309902247534,154.8419942901203,133.8534202339309
7492,137.7236056268504,135.2973832801336,145.5372301432023
7493,146.0962953792161,152.0839111613828,145.6902038324009
7494,149.478650248264,132.9327374308022,143.475286485112
7495,146.8512777709159,153.5944143860488,146.3783677259388
7496,151.7179087359852,148.6517287449827,134.2373009102232
7497,135.0811600084839,149.7469538163444,157.970643034825
7498,147.1955529838445,152.9704831067674,145.9374919445462
7499,145.2138957126771,154.1036938393523,157.3771952139385
7500,133.4419514665368,143.0953739397666,156.9662057693554
7501,154.0297997504447,153.0277673586923,146.8896684262469
7502,145.4968010717126,135.1672864484815,155.4947738711234
7503,142.6420299606082,128.4263416523294,144.399935889936
7504,154.3781028268926,156.2804229011199,139.4965827577203
7505,163.6236684499207,152.3481665023254,143.7892325027953
7506,150.8610451902758,137.3847744472743,145.4625351579635
7507,137.4298954462792,171.7710541309789,154.9884441402097
7508,159.252094824711,147.5370758302511,162.5456886745339
7509,143.2507591213832,140.8872271233467,152.9154501703672
7510,164.7796279811074,155.3662347682611,171.3217568710057
7511,140.346192309262,139.5766164277844,147.8901816339894
7512,154.2781531857818,152.3481080304974,154.0833430785471
7513,135.18810398513,147.006233671067,140.4200606223519
7514,135.6244880183491,144.6750082944035,136.5634383428466
7515,135.3245206870345,162.8742793173079,145.4943651927576
7516,143.8221969071898,151.6244206484319,149.5413429680173
7517,133.7576257126463,154.1403795105713,140.8084388563647
7518,143.7188227749608,162.9398481797761,136.7710757711118
7519,138.5674910911382,140.6490221682625,145.4099060984419
7520,145.9859211702765,154.5329517687853,144.8052159539776
7521,150.3940270392283,149.0519586174419,153.9754912721806
7522,150.2841527749578,147.4793315501542,153.5627524796204
7523,152.5424155033538,164.1793282605148,148.9669670141167
7524,139.4017121618837,151.2102773117566,142.4227645806575
7525,150.2629784335033,139.4081309119391,143.2697891691604
7526,149.142647215451,163.2428868277741,150.4123379510091
7527,148.9521194418014,132.5212289362642,151.6987124433636
7528,153.3222823635328,150.8395984293889,156.3075686925698
7529,152.047934188643,149.2253079368598,154.0840762202135
7530,132.7795708316219,151.6018588017969,145.9002923172514
7531,151.0240553361464,152.1362580129259,139.6716825616132
7532,154.015704461239,148.5748188329023,143.8714062209181
7533,165.1970572487974,150.0131726033135,151.368461799402
7534,138.9823454304583,142.7049402471953,135.3663644875554
7535,145.7632902627236,143.803674474173,161.9999672033292
7536,137.7581905802535,137.9541061116989,141.8144220841441
7537,154.2953597430965,145.1895499887958,153.8001499983378
7538,151.4964951092662,144.450055389372,151.967372803635
7539,152.0958505057034,148.2667254585545,154.1462509582146
7540,141.8573268644862,140.1127992625943,149.0054453457883
7541,145.2255003112944,149.9146339649996,153.0160368292034
7542,159.4301975024225,163.7932431248103,147.9384171179793
7543,151.6159365119296,158.8865215929648,131.4274102058848
7544,154.1020770804088,134.2053958032025,145.8211384014101
7545,159.8789611499497,152.6363498797469,144.9897187916134
7546,135.0729005167103,156.5145862018203,146.7973797424027
7547,161.3385746203015,144.2126432537447,141.3391564300136
7548,160.9505924288167,159.5361576981658,145.5973386892962
7549,155.6229430436403,134.0510225625183,146.9582666408278
7550,149.4169109077448,153.9669271065904,140.391529570114
7551,157.3104983263695,168.796244646734,144.1070668353019
7552,148.7808680483952,150.3509763646058,155.083377654303
7553,139.9389908302919,160.9027894520006,144.1523910305262
7554,136.4973856175193,148.8332792686365,138.1846862116631
7555,153.7286133399734,150.4606707886593,148.9884307257899
7556,152.6106594489972,144.6693452347047,147.4179006335917
7557,163.9709530537662,149.2972175643393,133.5146889951509
7558,147.7705443220539,163.022358997935,148.9655490426374
7559,147.0758321656173,151.4549925370781,144.4829721949343
7560,149.1171903339131,144.6899580796884,154.7240689807168
7561,143.4465843109504,150.6689094582617,148.0540526402523
7562,148.0895964940867,169.8727531512204,156.3290619988817
7563,148.7553716614631,145.6842327302025,141.8838220360359
7564,148.0976680432006,135.572287013459,147.8807332957548
7565,155.5323455661593,151.0007536804816,135.6411665608069
7566,158.2100315157324,162.4994445368649,154.7425203724394
7567,156.4695616957107,141.0742876416197,156.2944341212674
7568,144.6619483239394,141.4833893278996,141.0504197120245
7569,147.7536835911957,147.4684950973778,145.6928287786471
7570,143.6850411002454,147.6213815806215,137.3120142549416
7571,146.8984005767681,139.9684491218938,137.8189780221736
7572,133.2447683544682,140.5134946209433,151.5502027711474
7573,156.0311498964167,155.3035075867204,137.1588417360105
7574,142.9578955794565,144.2249226484402,135.228610435992
7575,154.9759554214151,141.193717408486,161.4897683969084
7576,135.9988721633981,134.0742621480286,148.0745995745739
7577,139.1457955737748,142.2355025268021,149.423492712247
7578,152.5351967746028,131.6142721215118,139.7405784069532
7579,170.4329883615047,147.21422068501,170.0217795927406
7580,142.7916821564214,145.0994074946847,144.8996051689717
7581,150.9042326074668,149.35354258749,141.0159771294026
7582,168.3119522967888,140.6032662205395,144.333786155294
7583,140.6751148902582,139.4339130759163,147.3189548090532
7584,150.0804948776968,145.0186281843456,142.2879918732411
7585,131.783385199834,137.0085098476251,148.8513824937922
7586,156.9920957480981,149.370589523158,141.9442253465453
7587,136.9154523209073,140.5196372848979,124.4887433949341
7588,137.9786724012883,148.9286380473293,128.659067266339
7589,139.5604155272414,139.0490270939914,156.7025828078187
7590,149.8786865702141,146.8913028863758,144.3485302425039
7591,146.2217764799496,175.7909502078836,133.8792078439788
7592,150.0424664232612,128.1888227402551,137.4023673283696
7593,139.9038323083026,150.7822396014488,140.8770387585396
7594,157.3272962221152,143.2509815538026,158.9489078226778
7595,144.0034380197295,158.2846464648275,153.3867208706578
7596,140.4595079289828,133.569580954602,141.0914268213963
7597,155.7199126100436,157.548269941029,136.5948923792797
7598,144.1033349628267,137.1620339616753,147.5597693014443
7599,145.7717229223639,140.8183692044302,149.1510864140475
7600,160.4155861166462,138.9137496638515,164.2649772050379
7601,156.7154751469983,144.5003292720543,140.5667322564825
7602,165.2373889842522,149.1667667581634,138.3549836956063
7603,136.1558647154434,149.6115187440588,157.0757358720259
7604,159.1674057998795,164.3802198486615,160.6833987975458
7605,136.7442915020177,152.3450069065373,153.1462224251837
7606,148.761834282136,142.7318862169234,159.9834346743561
7607,135.3102837798427,151.6247726822691,150.5626160428303
7608,147.8467212580902,161.1012442938465,141.3095325187749
7609,163.9880399570844,159.1676893361669,166.8271632438963
7610,166.6831877022098,135.7513216554646,147.1993661329941
7611,142.4868972056875,147.0881807174222,152.5772861616139
7612,147.6157380124259,150.2426909034395,146.0822291947039
7613,157.0637117789267,147.8702498322841,145.4246797723423
7614,162.2654982546191,153.9264223772044,134.6082376730922
7615,141.0739255918652,143.1650434741782,147.7291127750287
7616,147.953178310422,139.6798315320267,138.3774069575245
7617,155.9074640674041,141.3044841276588,146.7846486518287
7618,140.4165875856537,157.7425612023612,149.3286890902672
7619,144.7189145486199,148.0374391221506,142.488289751801
7620,144.5275905794643,153.6065892209238,143.891953610866
7621,164.1724372559741,152.4010906687269,143.3443687870395
7622,144.5115736439425,150.282892744962,141.1056360373031
7623,157.9315337798894,141.7559123347458,150.315172303253
7624,144.9388913050772,145.7671259367991,163.8773059518845
7625,145.1606337978373,160.7734950883216,151.4125108138114
7626,140.9298420174295,144.7159036163986,156.4115812143187
7627,143.4426935455456,128.2901948646376,149.0325977803946
7628,145.309639722861,165.6535771839505,139.9812609553566
7629,138.803028299894,142.5354876753131,153.5563405939276
7630,155.7687702133892,139.4005632428222,139.3831303662461
7631,142.117882048477,162.4063204640075,148.3762376828824
7632,143.6549987986981,146.018710889605,130.6355925299042
7633,143.0872554786707,152.5383007851137,143.0329019948811
7634,142.3647058277762,138.0097216303642,155.2214902749624
7635,156.9815120837529,158.7842459575463,142.4267052981936
7636,138.2393230424414,152.6868957103105,164.6205101532079
7637,157.6622980760083,151.0398003505618,158.002970547212
7638,141.5696335309926,144.3994873651991,150.3875680908588
7639,147.7064721486441,146.8952510596126,145.7486462541412
7640,145.6936211106274,141.9149526959996,151.4098835936358
7641,139.1726577341826,140.361721556492,140.6082383048001
7642,132.3384961298842,140.1500643444554,172.6439848321117
7643,130.9588102128763,138.3170846116946,143.1440517042897
7644,165.8681851942029,135.9026355790465,163.1287313685422
7645,141.0089748071047,142.5254574345615,147.249450016259
7646,147.4744656024177,148.4739676955267,143.6228077846513
7647,144.1276725842012,150.8193622413113,149.9966282939327
7648,137.523653422081,141.4049607895894,137.023565164754
7649,134.1841889181234,152.2412346391912,152.9606131486887
7650,141.3139008245049,126.7909268266423,154.5783273971132
7651,138.5554712803076,147.7831359729922,154.7098969441342
7652,146.5170026517412,155.2126376036816,157.7741957693532
7653,134.6098442340412,161.4187052350829,148.8333654093141
7654,145.3973007621293,162.9049066096792,159.8282728250313
7655,137.4537142870042,142.0661256048774,135.0483462082319
7656,145.8630838583083,140.8323293722084,155.3891178356939
7657,143.4829216603903,156.2915637982306,145.7203619097249
7658,152.7144473620012,155.7852890151818,144.7932357074718
7659,135.2324840748011,163.4212146995166,136.1563422615355
7660,137.2413774213814,136.0157343866547,142.3019465700552
7661,152.6966934019947,145.8321539780299,169.564473250276
7662,121.6134303338117,160.1440737302709,155.6521309172329
7663,138.4276923194867,147.388349867073,148.277350936536
7664,153.6372129136175,152.293417295666,170.0067869621658
7665,155.4771108542605,155.030321969511,147.0549877216708
7666,146.0497467856867,150.0607090898703,140.4232189714833
7667,158.4470809834371,143.9898333376632,146.3785543051995
7668,139.5086671735764,151.2708081894317,152.2442615531549
7669,138.5431704818566,138.7361961078973,162.8966545713427
7670,147.2149510330148,145.9100025969656,155.5343739892534
7671,156.4568074032228,148.9587791170784,156.0293526411882
7672,146.8479991352198,152.5921475432728,152.0979271303757
7673,137.3485937732799,151.8832496195597,140.8643230545557
7674,141.3492909486288,134.2139068428073,145.9571370134869
7675,146.796699553472,148.244984114461,153.1783164855952
7676,155.9244875907894,159.5990218241856,138.8960227328986
7677,167.878333401184,139.7955327608405,164.5153795652087
7678,147.5733473947628,144.4082420128166,141.2095181875614
7679,144.6347298745428,146.3132174617163,151.2826507137588
7680,141.9457761150645,140.5807092889112,148.3644351004028
7681,151.1239210216332,149.70784670825,142.8037068119883
7682,153.9219758739657,133.2413727590825,151.3154574413438
7683,153.2025525624871,152.4114839242694,152.6095045463061
7684,142.959302234177,161.0232290889136,155.1851757170324
7685,156.9767821937939,162.4372091566648,152.0114738988648
7686,138.8834716985001,141.4989877396561,145.9301462200352
7687,140.8574287432821,152.3003113534803,149.83761971643
7688,142.628988812457,145.6931199279408,150.9896253671307
7689,157.5093067045495,150.0261829645859,142.6856806698245
7690,140.9826791380653,154.2216397900341,139.6195949133052
7691,147.612569226181,147.2742302154134,143.4329647519304
7692,145.7363137990451,135.7982389375298,148.5215922637169
7693,140.5719028421754,149.1392629077986,148.3009733466558
7694,157.3850485751777,144.152601392851,154.5546214357325
7695,149.9777010956136,151.5391487121558,151.2519136355327
7696,133.0390705062358,148.6558217753164,139.8204481303859
7697,151.6314545688845,144.8156715011169,154.1629254848893
7698,153.143227373847,151.2577245300996,151.3245839706102
7699,147.0367113511733,144.5098126883922,144.6564480992392
7700,154.5902806967057,146.9177792801117,149.5746498416865
7701,156.1724001291654,144.8696901302099,146.773305920167
7702,142.4767014687721,154.932736726503,149.1585546746435
7703,143.3468331992872,151.834604749434,151.1457713507856
7704,143.9546026330049,156.8547776525057,149.2609628557415
7705,133.8367772769552,148.9035158649536,154.219613962851
7706,142.8116374815067,150.0125453935446,150.7431052862906
7707,138.6822778263551,156.2698149574974,152.4456888903543
7708,133.2921853403109,160.5722492467162,151.0835162372336
7709,145.2780894807314,142.1961865238239,127.549254948431
7710,141.1916095884525,149.1561003450729,130.3444329438295
7711,144.5953586121211,137.0388628067755,143.2569613609251
7712,133.3132649793379,147.8232462865807,136.1948132889336
7713,161.3878696789297,137.7918155338629,130.1836204547213
7714,152.9884683361513,150.68545852861,143.1734323603099
7715,131.2552351550307,134.0656793548521,148.0041971610299
7716,137.5409089276759,151.482388445699,147.7731108724101
7717,143.0669449689446,148.1833612820136,147.8105440660606
7718,155.3791080615897,152.4943060018569,155.6650115407091
7719,144.4409011436589,157.7482507392003,152.8595468689622
7720,150.3816701793122,166.6345413183629,140.6703612136963
7721,155.5837587046443,154.8338546282953,151.3357455338624
7722,140.9894219385492,145.2610639591712,143.3956389734809
7723,138.6987740838398,149.4461460100557,170.3820697055872
7724,158.869052268474,138.5382300435273,152.5143386606393
7725,145.6222102957513,137.7244213846944,162.5309225749298
7726,149.3390078559892,162.093571406067,158.9381416448873
7727,156.5368026708719,142.2619999486011,146.6360809674736
7728,141.6256662782041,157.5779568955711,154.9970325289838
7729,165.485666491844,179.5826984423654,141.2117980396276
7730,142.3482174804042,147.9171909509882,160.373693384571
7731,169.8359392653135,138.5604758910904,162.6857642750527
7732,145.7677100561198,140.3087997778476,150.993812194695
7733,152.3456649114177,141.1517322525086,155.3647187090923
7734,140.1297620330557,183.3516327460017,152.203464499166
7735,158.9621087507799,142.8332119481278,156.4672316566944
7736,127.9677549330863,141.1430862924784,140.165284254123
7737,142.4171069058557,152.2433560144094,141.5934786542988
7738,161.8354558552201,147.0036132887762,140.154074242193
7739,143.8445784261719,153.0298304622024,155.3249889087207
7740,131.6611362724151,147.6617310760289,150.4159687515573
7741,142.9035731066391,135.4434591101611,141.428357486255
7742,132.9550459488075,139.5123160392391,157.8303938148032
7743,152.9844699071212,147.4537787354107,128.0074486660704
7744,164.1035839225414,143.0785148237345,160.2792844516313
7745,160.0468255090861,146.324124280514,143.7843564106915
7746,146.9133594663681,165.7313238304854,148.5794612154677
7747,146.5454388099465,134.8508057534252,133.6173624953642
7748,162.0244305791388,165.3513575831464,156.6054925830314
7749,134.1444854218863,163.6189201422527,154.1912873117234
7750,150.1907932366432,146.959144787095,145.2899424664963
7751,147.5196771839757,161.3539090578015,130.1166128490292
7752,160.2880828233236,149.6713894794761,153.1496414091108
7753,143.2675246685909,148.7644456664231,144.3557863587161
7754,157.2249930634807,150.1064138011029,160.3263288466628
7755,148.6405733750115,148.4076118479931,147.7732486106842
7756,138.1140360579555,148.6459375580048,153.7901218493057
7757,168.6700376322094,137.5080930048315,158.8032491248789
7758,140.1755161866099,147.597107407721,164.994163532459
7759,131.5322878469873,137.5695315740386,136.9903372487727
7760,141.6347506841701,158.9514576431554,141.2724185575178
7761,148.4395921285349,163.1318103609142,147.2663035784635
7762,147.2124831393013,150.6940353787284,146.3926161370081
7763,127.9339093302154,146.8793617675996,158.7478385141067
7764,160.9382500995986,151.683385507287,148.3077740831494
7765,150.1388511202215,156.4217858703044,178.8464007099784
7766,133.8823058278447,146.7694407619893,142.234979742327
7767,149.7371480084487,154.7434498069193,137.971717880031
7768,169.0767636719815,138.3264304695064,150.206212026004
7769,142.0177187159124,145.7507241034575,151.1847771171829
7770,148.5308132325213,158.2310836503419,162.1933921690868
7771,146.2677237224147,148.8444074123628,150.7593805393823
7772,132.73836811097,147.1019471907306,142.4589260005002
7773,144.6228737226374,162.1429041042625,146.9447580434083
7774,171.4437984394318,134.6666392033471,153.6060360210971
7775,144.5707209958557,149.4643352800267,141.1751078967646
7776,143.7198525882245,142.5789127045195,148.0313054449367
7777,150.1712332466495,155.2904284534473,138.2627261304197
7778,138.9862086051307,149.6958939861382,143.1759677471442
7779,150.1559932758943,152.4324257985072,142.7471067217613
7780,162.0805139355201,159.7452503961306,147.1671824306518
7781,146.4355686844644,146.9637045908685,157.1128401101652
7782,148.8986829688442,131.5276943271826,151.6374529455944
7783,144.254597789431,162.376323940532,136.7052613316531
7784,150.7702057630323,145.9478408531538,152.9308503031365
7785,167.9389131372908,140.6142045981146,144.2433334519545
7786,160.7937624133677,147.2361444590634,162.7135363174315
7787,148.7724836559639,132.247907092884,162.0175541244278
7788,145.8249697897415,145.9293651831012,150.9210545319229
7789,150.0211054088891,155.7719874786755,148.9145773057771
7790,146.6659141481507,153.041590097655,143.4541370271667
7791,155.648116762584,134.840285978663,142.593838961154
7792,175.0698659666849,161.1333756578535,139.378590928025
7793,149.4185301225911,149.7508893852166,147.2351131827325
7794,154.2705220401474,148.9508611713959,133.3979227577962
7795,149.0336021698853,143.8804240501759,164.5821204576772
7796,136.8328651028669,142.098406154404,147.3606775606839
7797,149.493967660886,153.4598821866978,142.6925014435819
7798,156.5634799968586,139.9020396044842,152.2115102801048
7799,136.6914595128665,144.9410799682262,138.0366798650218
7800,135.0094687367477,147.2455651716027,152.745135724957
7801,136.4223194937824,141.6107643921164,159.7969791042808
7802,140.4710334176948,145.5032170300147,140.4590666531435
7803,154.0322209962769,141.9453765692133,141.28726923499
7804,143.7181544589523,155.469354717261,140.1692000233561
7805,141.5308675866967,152.155864314417,158.5411033011854
7806,134.8037029722619,153.8771069258528,147.0001534612923
7807,156.794216670126,146.0467076141321,141.7743041649198
7808,155.9200629940892,142.1482607373811,148.9058443371697
7809,153.8101237260744,159.4322485971678,169.1697804994143
7810,145.7662519999477,149.8845886880694,157.6322167664164
7811,138.8675463295174,139.3414879414847,139.3493397549056
7812,149.567485177094,147.3844133194096,138.1792997607221
7813,159.9378940654983,145.7510131433395,148.8350359372122
7814,134.4297378558154,156.1304818940134,160.5440881930031
7815,156.7437698056708,146.6039596412743,133.4675893206797
7816,151.9031563586394,140.3287004987528,151.1595105700214
7817,147.185598551521,141.1368783993072,147.8016505454657
7818,148.9641867222441,141.0343542119448,146.3639973462178
7819,155.8152542950628,146.6208821780068,137.3828826996933
7820,150.0057567908524,154.7117254284082,146.8240797386726
7821,145.3881620885531,140.6076302094791,140.1967176394819
7822,142.465599494865,128.261920810642,156.7093574151602
7823,157.0295759633296,146.5807970369939,143.9575220633997
7824,156.973182855794,144.198625946469,137.4908032117021
7825,166.1050029497404,144.6134759102592,141.5484815345656
7826,148.9741427251467,155.8080689242774,140.4659734975213
7827,168.9809669629101,148.5782543363523,146.0632653230371
7828,132.0420261373561,147.6376842276619,152.2317665293416
7829,162.8673084787868,152.7525319653505,141.4147234519284
7830,147.3127448053154,183.7237488113615,129.1906084682171
7831,153.2334603069743,172.5552888231411,137.466012181263
7832,148.9763769470906,151.3008361446799,144.4722717479042
7833,163.3989426764593,150.4816110431762,162.4532823842094
7834,164.5702654791513,151.7351682699624,140.7043186596157
7835,135.6535887023573,137.9784177341731,128.3489110239676
7836,161.6836379826023,149.1697780194369,152.4120499531456
7837,137.8520890116585,147.2864733560417,150.1493456624625
7838,161.4111447027844,155.4774702753996,134.0671162383156
7839,136.3639802574758,133.4892679237052,138.9146248013353
7840,152.4163414762283,149.9527797437338,156.3195713941988
7841,144.6820369194029,159.3017178237558,141.6242008944294
7842,147.6939883214158,156.3725646410397,142.8836314103729
7843,121.617888265245,141.5817789768874,146.1739415759866
7844,135.1786248593069,139.0947188712268,152.2292279045195
7845,150.6049120261809,147.4542454671694,172.9647628791616
7846,154.121594323068,157.1899692112863,155.1484958494689
7847,139.2019956341698,168.2628163438259,136.6019205982667
7848,140.4038592920384,135.992128050512,146.3089609058868
7849,125.8087630085692,149.8423857755634,146.9509901470807
7850,131.360262255026,150.5735416166991,134.3189154366123
7851,141.9201418726198,144.8080315324962,148.0682439684262
7852,144.0689682287246,155.7623593132315,135.9507101486554
7853,155.8802937339413,139.7465128859891,146.3195166075098
7854,148.9969548084297,148.6957401621936,149.1663686777119
7855,146.0543609447683,126.7278414998325,156.247756795661
7856,141.1236562666157,154.5664707116598,141.2004853690572
7857,157.2303619275985,152.6270901760174,141.5951444688557
7858,152.1882010794947,158.3174203322915,153.5401338893614
7859,158.7035481989988,146.2392335988232,158.0348062712407
7860,157.7063960231179,145.8848841641131,168.954970477623
7861,155.7603933048318,144.5431473090599,152.6422825643854
7862,151.2352167763883,151.5479607045831,146.8064301920419
7863,144.4576267588899,146.855763177581,157.7863738655388
7864,138.4167552232317,149.5071289099886,183.0381519996508
7865,148.7514987043338,147.0615911421816,146.0093637643128
7866,138.4937326690269,134.3421060247407,149.6255110698627
7867,139.1330227293561,127.7964090976088,138.8289548719613
7868,155.1672185706252,169.0001893619132,151.2766692385335
7869,136.8737191650893,166.5939165686854,142.0635420112667
7870,153.9232950805895,134.6048684929169,153.9162399832325
7871,150.1381848249262,142.0576239574809,142.0588362453699
7872,141.7607189268325,139.3470714859517,152.5184775087951
7873,140.0321350137477,146.6263798887871,147.6917325066971
7874,158.27270079095,145.4807686695623,155.4485501242269
7875,145.8608483713611,138.7677006217591,139.717876581083
7876,140.5869885435519,144.2845084388943,157.7068948268591
7877,144.5173474344907,142.358787661862,142.9048316427323
7878,156.4761102526636,154.7105581817699,151.5749679769261
7879,149.9128966847802,140.806688114906,153.5493264137858
7880,144.3449939187188,158.8734615789021,159.3979167207002
7881,144.1193014211258,124.6428646794032,156.1198626171536
7882,141.5182603924603,149.089263267397,159.533000620595
7883,141.3494192458584,149.533980890883,153.2229707244245
7884,154.3486592119472,139.78681166673,146.1280553560653
7885,169.4194444099903,134.5039930741038,166.6067159101264
7886,140.3831161640755,147.3745017991493,144.9935537577038
7887,128.180020651545,142.5281253327005,141.2404075049236
7888,137.833956422499,156.9528643714548,128.2175808214458
7889,159.0382362964272,145.3529351087399,154.0798222100935
7890,145.7122901967875,145.6032716780986,154.370189065367
7891,146.3864130291385,141.2806887134115,147.5525930320881
7892,156.6913298805714,152.5478981910076,165.0864367899281
7893,151.0286750871167,158.4124305891478,158.2799085400436
7894,140.6603749466318,140.8997746706114,136.9433361829137
7895,136.6190376362067,150.5764723422442,158.5607206037321
7896,151.2270836422895,154.0942558340165,148.0532956226964
7897,129.7441253764625,146.4032209285066,157.2037257598761
7898,134.9779484430728,174.3282543133389,139.6693979044114
7899,139.130690226132,146.1147395509671,136.9253672603744
7900,153.9324013975954,158.7582047462581,157.6355709313227
7901,151.4131949420967,150.4561470296664,166.0352028207897
7902,137.3449390509044,157.9536316678694,138.4676681297453
7903,139.6242415418133,155.9818438134268,148.3165267359571
7904,146.9403970759531,154.5232455290728,156.6980892200733
7905,154.1972234123875,153.0884018898893,148.9578814832125
7906,137.5128806095473,136.3166457593588,160.5599503799517
7907,145.0373301070526,149.8949252523024,140.7424880713789
7908,157.2682797587919,151.6170630889544,149.9214865907116
7909,141.659888531948,143.5150115174134,148.1293541746051
7910,157.0195460415893,140.1781435547061,139.0632779940684
7911,133.9949958424786,159.0095347196714,154.4033339045982
7912,148.1335575315175,147.0530929156751,160.7733172420699
7913,136.7923318195268,151.021627881283,146.2795950674908
7914,136.2075438023249,138.479383071042,149.8462425675398
7915,141.8698599971171,140.1178074992263,143.9135333940018
7916,137.9023976612816,161.6892293209613,157.0751392040488
7917,154.1518753859768,140.6468083498447,157.5939501853856
7918,154.056474695637,149.3849485094581,152.0248158294478
7919,150.5069694909015,141.2983400516869,141.2790793825912
7920,152.4469647045444,138.8250308511317,135.3707770846117
7921,141.9076235925963,137.748502261691,127.158878864997
7922,135.3562537899068,147.3260264037848,147.9596514138146
7923,149.1019136912699,151.8964241043339,148.273957741467
7924,162.8880584493831,164.3612593305681,142.4602818957822
7925,150.676588675848,136.8325344295864,138.1874257208037
7926,150.1036009667025,139.0389542456301,136.8663998801896
7927,150.9541398491064,132.3866774811855,158.9771213340538
7928,146.3725434761602,137.9508942064474,142.6925875454146
7929,143.7196431464203,154.6880019509942,151.4362613129332
7930,163.1624548229716,140.3514160062651,157.0600639196552
7931,148.4185503700654,165.0647842974101,140.4528330225725
7932,135.9734850678336,165.3387968541042,137.5580828582943
7933,142.2099953899508,168.6554038338819,142.8733147642322
7934,131.9077530764481,134.5067404976058,150.0082021603389
7935,149.8995669993775,134.4573685174726,146.0534940891684
7936,138.9565857827246,159.3261170457374,154.437308786765
7937,136.6951487520429,120.8693107661729,165.6516124690854
7938,161.6380923403531,183.817541442946,143.1647320476442
7939,137.5823754675875,133.9444669471985,140.9137979576429
7940,148.4436562062503,155.9420633961309,144.4272536414592
7941,150.6323142032104,137.26155051269,154.0922922995146
7942,155.8940615542996,137.4421708779433,152.8846461093851
7943,132.1291904282108,162.0934707053115,146.3130317097989
7944,177.9132943206569,147.0442501714153,143.9984515876596
7945,146.0866787573015,161.4063022035465,162.6156697181061
7946,133.6928809068971,136.8602817849966,146.0052107788543
7947,140.3388204149956,133.2229255935538,134.5314490970318
7948,146.7410635909482,137.6012251565905,136.2600652903527
7949,147.0774260535491,133.2007923343713,139.7828516978728
7950,160.3382769471008,155.1872711282615,143.8357818625601
7951,138.1328798912848,140.1051837445412,155.5230565806585
7952,157.3850210488698,154.2048202823204,156.509455139932
7953,142.0109414116427,144.2981098798424,140.7799465583419
7954,137.7967273942858,129.5419897061395,148.5203537755587
7955,179.6351582912893,135.1078210412701,157.3058115136202
7956,158.6970948725686,140.7811919134523,172.4117699757727
7957,150.4909578076728,150.623203557359,150.0461091314612
7958,145.1225474241501,141.3671605834428,163.1767978401359
7959,149.1320153722185,147.3779477095686,149.4155648266859
7960,154.8467895703286,146.7083929762287,148.4161385994531
7961,161.1158818856437,166.0291216991472,147.0737289449639
7962,159.4641587142086,145.7398273805458,140.8999047681365
7963,131.1598905442767,141.1401927856496,137.1299759368421
7964,134.6127220429753,133.2452628456315,142.2255122860319
7965,140.9001110713424,141.1211150481793,156.6480757819016
7966,148.8277396765514,140.0713998653256,149.2057889948121
7967,130.3991575955635,136.0827096268085,142.7282921132388
7968,150.005886902037,149.9750083798098,142.3461014693422
7969,158.3979632647558,152.4301724843874,150.5487407947245
7970,145.0277538928234,146.8269646973153,146.9494216115571
7971,160.4267504501319,139.4353076971075,146.3171943706929
7972,148.2737294299426,131.7164868161007,146.1119649223141
7973,148.409325733565,146.5820922197088,143.7645395295377
7974,144.7949984726811,154.9316796872034,142.7017296414448
7975,157.2458756323317,123.3432825605361,140.8799919468962
7976,148.6715632957918,142.2903917662619,147.3707888419191
7977,155.9633029953172,144.8873226780966,130.087820267846
7978,150.3015047838317,141.1327597491231,144.4719380096874
7979,163.5767668073699,140.7065994274131,136.7185359743471
7980,145.2669697554151,160.9081949824542,144.9601498503762
7981,129.2365821790439,151.9388514069184,139.7545951882149
7982,157.004784115282,160.9400711190591,137.9770640424852
7983,155.2363479891173,149.9224095994073,152.0461060222518
7984,153.3679171832102,130.0917309194946,150.1577768045235
7985,142.5397475194731,139.4088551160783,162.6492758782074
7986,154.3626783019879,160.9816866903455,130.4520908592692
7987,153.3299597730731,149.5624022301556,143.007031242587
7988,148.7197811320957,138.3243364473831,137.128359515794
7989,149.3317921839395,131.2572690134724,154.8314445041663
7990,153.5120721380885,145.4002573806004,136.6530440443146
7991,161.8427823774361,139.5378798391816,138.3649200592104
7992,150.2530274815081,148.1258431343782,139.2462105205788
7993,141.6308876568251,148.8663754307827,149.7410567737408
7994,134.7092411077075,153.4570807823715,161.9396873238824
7995,141.8903641046217,151.6506527311229,139.3325073486207
7996,133.4584217610164,150.5576875603792,147.2476123475102
7997,194.582118095446,160.3084333711195,132.9270517441251
7998,163.1979429524361,147.4877975264658,132.1846144490061
7999,143.3105809830337,140.3676658159726,133.4788581477352
8000,147.2211057126948,150.7009808397304,145.070263075089
8001,155.5115008269981,138.6667365108886,147.9124210548276
8002,141.2048478799373,153.9206213694287,157.8989916643929
8003,145.9645496549746,145.7699610175405,151.4325355753666
8004,145.7691614967888,129.5617049105557,136.828711505346
8005,142.2045531798041,151.7974376663973,144.4084422334016
8006,157.6045252900144,142.4668988564134,161.5457969696058
8007,143.6295480195629,137.2475997163859,143.1929076033468
8008,158.7232474298345,146.8171672812659,147.5087610486373
8009,147.8940520315936,169.2536678412632,147.1940486830234
8010,141.2760816983396,147.164653290862,154.0306662101556
8011,145.2034900094805,140.3685640482914,154.1464137434571
8012,159.6635126154953,153.2659208999997,147.5386837992245
8013,139.8276648236348,148.0015446296506,143.1890488143233
8014,148.2294927096521,153.4196930178723,138.3893530786284
8015,149.2297391255212,138.9155242257637,147.1907847671391
8016,140.2485562260751,160.8071085437072,143.328701271903
8017,136.6883660829458,152.2677112791858,147.7110158054561
8018,150.0962330983507,151.5327253190096,143.2118089372148
8019,134.8943907246334,160.3198543267662,160.879703067098
8020,136.4077877547465,137.1929536642003,144.3568181915482
8021,137.1965315342408,129.2584204129393,157.8038583595743
8022,158.7630657696317,160.8674601531719,137.7703352602263
8023,134.3326408749514,145.1847506687123,137.2471905981339
8024,144.5443980545056,147.1697675023629,142.5203649788288
8025,149.3800924562212,166.6244940854501,159.0016021649073
8026,152.5111510408383,144.630642285014,151.7899685027374
8027,144.0169705393869,139.6567513492124,137.9133112382758
8028,151.4627442853716,148.1246381450431,148.5966092965473
8029,151.142911735069,147.239272592033,149.5785613934055
8030,150.1166776994771,151.4038636465972,150.000717273337
8031,155.149115338403,168.9433378360023,135.8655427289608
8032,170.32363145254,150.675318761463,142.7196569732918
8033,150.3036914223553,142.649717331795,141.9001132376154
8034,148.3923141414946,143.8776450773369,146.157521479599
8035,150.742290161048,140.6030554053045,153.0783032772752
8036,139.443434426196,139.129718196268,148.0705288602349
8037,150.8908655338189,140.1126442355264,150.1395317674694
8038,147.4529862451849,152.5185038031458,144.6436369712529
8039,135.0666930370241,145.722431399653,146.7908680885994
8040,146.4295263163545,152.528256732862,142.8842523429573
8041,150.7502512037269,165.1463210858516,153.4654527332861
8042,147.3409499659064,146.7609389054231,156.3060758395794
8043,142.8937854272385,156.3571578388314,137.6727272018083
8044,138.5674571790937,144.0803760186912,140.2345341776991
8045,134.7732542650435,159.8876594615947,156.3946478285385
8046,150.436021870532,151.7597382587534,164.4511755028205
8047,155.3255581135998,144.2134318418836,151.612285709336
8048,160.1541716535587,141.649014044599,159.9839710316151
8049,144.0106212769782,130.7191231922863,137.2228245216425
8050,156.4907168861612,156.4311134159946,151.7915062029925
8051,140.6184281123732,146.6061986251864,157.2121860600777
8052,153.1573574371323,133.0913715177275,146.0638313399564
8053,151.3677684934926,142.3698921085667,141.6854833618507
8054,156.9973851507353,144.5915768504675,126.3304975572723
8055,141.8448346966814,144.3371545154439,151.5452127672487
8056,156.2655162721438,142.6167621455278,151.940719536178
8057,151.9925956281797,163.0364962962839,145.7022719933575
8058,130.9061143083911,160.3090876341716,150.3773093542014
8059,152.5539809846876,138.2456354881488,150.4393687664141
8060,139.1084828945903,152.9333816857862,148.0733132815151
8061,143.6655142787099,170.26680492031,161.3893969061703
8062,147.6949307414191,126.2902596661685,153.7499203193119
8063,135.5456651698824,157.0556320594268,155.2838633639495
8064,158.0334701232836,149.2881606494398,150.5618669803103
8065,148.890251969439,154.9510994947054,147.3821236581095
8066,146.6653259903901,137.085923260703,134.7260852873001
8067,149.9208985053922,166.9251803220268,155.4234955164791
8068,164.5003917619021,142.165741208009,154.5346211306786
8069,149.6988440129401,142.4085470358925,152.2901989219583
8070,182.0856884283754,162.6331876898495,143.1568073936057
8071,143.7130826684623,144.9164887142356,139.9975058753716
8072,144.1817037682902,147.3447891907849,155.6277345692518
8073,143.6899396876779,142.3229658826235,152.6999546089669
8074,158.3556937995259,161.8725672975523,159.678119622007
8075,161.1542789368426,152.2599830693201,144.259027392735
8076,132.0350952740177,147.2348200214503,161.4603479340468
8077,154.4979520848223,153.9888667465643,154.9543230244781
8078,150.7900314591554,134.8190544389378,148.7875532927719
8079,136.2737091722083,141.8112837285602,151.9305744949921
8080,149.0921278247463,147.238260213182,141.2303765285083
8081,145.9276946684254,150.625722910084,161.1754257598166
8082,156.0013428362157,151.3831285264476,141.8024911957889
8083,129.8456879653486,148.0332011489196,142.8657400821212
8084,158.296112806646,132.5779129258218,139.3832527343757
8085,173.1944969041056,147.1922069774859,141.8748187415526
8086,142.5214474695596,154.7946306118334,134.0415655274147
8087,143.9954929382323,185.0123079245326,142.5614099992766
8088,169.2404931187163,135.6122686446313,149.7127565507968
8089,145.008236931895,146.6402029175131,137.3225439335468
8090,144.0731891416133,159.7554794596404,139.7453903297177
8091,137.5740540471034,152.1173658278861,150.2825094988557
8092,140.4261998417192,168.7665367105417,146.0581682425727
8093,157.3893655139934,152.8784996476275,140.5343053652864
8094,136.0262031405858,147.6453823671435,139.3183254038419
8095,167.085259334403,145.8211397900953,144.3778941273497
8096,139.6148072839813,140.3234316138255,150.185307650021
8097,157.8627149257516,147.6707318019905,151.4470444739297
8098,146.4736097510863,154.0277969294909,161.888469363758
8099,146.6591226287839,137.0162474194314,144.3870469173229
8100,149.720828775946,145.5702185418384,144.757162342319
8101,146.8515541983029,146.9662792955846,140.1509689997353
8102,137.4404070411312,157.5233660224865,162.5894021988336
8103,159.6380414184767,139.2746807223987,160.5164858017452
8104,135.4244881414064,140.4645339966683,149.5499662161549
8105,142.4423881900628,144.9432015260894,149.5650286346498
8106,133.2287457630963,145.3482066536051,153.0900043252478
8107,159.021503102001,143.7161330791187,133.4584845874165
8108,142.5218497075655,151.8250691561871,149.8205410644304
8109,148.0221548005753,166.1559366026507,145.4326096581767
8110,145.6051518535587,140.2364361489619,135.9396944074352
8111,151.6454790792609,149.698071696927,148.7686824463915
8112,139.6117873626523,135.4779491920171,160.0800913340762
8113,147.7832239943604,140.8008134713018,157.4528510051116
8114,165.4791544895894,150.1949007556473,150.1589885824977
8115,162.0484594847121,146.1497728357995,147.0150679061513
8116,160.1833189496745,155.3158115769994,153.5429602268031
8117,140.2750174816324,145.5746674427391,142.4833501676436
8118,142.0999578588632,138.2097994235844,131.9675152981366
8119,163.0493540441598,144.7058204890838,162.7353238139781
8120,138.7953670427716,151.4620069567903,137.1566121508655
8121,140.3382948345793,152.5245309998348,143.2196327443183
8122,160.6263199291436,141.0761370412659,141.458845009301
8123,154.3981234013584,143.0888358406036,156.2635801562083
8124,140.25811786196,158.8824538472878,147.8006683589872
8125,145.878597677564,157.5609464784437,152.0451617355164
8126,145.1537978284993,151.728724719126,126.4699072709187
8127,151.827022543696,147.5228877947272,154.12647338179
8128,153.5900360046287,154.7890620671043,149.3854588235035
8129,164.4365269762723,140.8291063272862,149.2320524578678
8130,158.3609623266623,142.4100602987501,146.4030350841093
8131,165.1774217312159,156.3442233462558,152.9884061479035
8132,136.6454741201734,145.6340680328497,142.7833578846649
8133,140.4300544555613,150.1901020504486,158.2217739871855
8134,138.1208131171714,149.7176006964169,140.6959855616387
8135,154.8991198356687,153.5801825089449,145.1124996099454
8136,148.6005624511045,159.2877710609972,136.1666038103018
8137,152.5263893170138,160.5714448168257,166.6955997799313
8138,163.561892522633,146.6304483981785,147.5678820523997
8139,147.6846559469863,148.6798610805158,182.2943402018212
8140,152.080094446579,139.7437514648989,151.860462522672
8141,132.6830822526909,149.5851960022287,145.9075474095185
8142,147.8557365398067,143.6555827417339,149.9437887355113
8143,162.8936448567044,172.2353931106149,130.3764568783812
8144,138.7429183909244,139.860360088577,154.1571870828243
8145,135.0475882717959,158.612233200944,154.3398561670853
8146,148.2766159972562,157.0137646226171,159.3784450170953
8147,155.0308331095027,131.7056758304179,151.4082610916647
8148,138.0552517568928,146.9191551897349,141.807645758735
8149,142.2404704464835,127.82987968535,136.9403089219317
8150,149.3615925454613,142.1285095807482,142.0301025687068
8151,149.7223333635493,157.1347093754426,163.1611059499649
8152,138.0876746779229,145.5378846623379,143.3180417305385
8153,139.6760619418268,147.3173256554377,139.1415596004546
8154,145.7049758675053,136.2563917205468,155.4209015769041
8155,151.7584538900773,153.8037336888495,137.7567959236043
8156,155.5386682558844,152.98557302859,151.10755062843
8157,145.4283253708657,147.8399962727706,164.4756796744095
8158,156.1080937662994,147.6631027454608,150.5672207503099
8159,155.6607559242833,163.2073808243208,143.9138096369148
8160,145.5355217376407,147.2669321317717,156.8765622163563
8161,147.9898539652989,148.1236112626414,137.4758921262009
8162,131.8550619344832,130.5803105489392,143.3695014571411
8163,161.3363279597727,144.5956608439454,149.6961937646328
8164,130.6469066336987,144.1473733622324,150.8507033315774
8165,138.3468477881228,144.512974924003,141.8402124713081
8166,149.9875983431183,141.501377921846,162.2757044878161
8167,146.3134468815323,159.3959916764037,162.4938245606283
8168,141.9176637759937,145.1713771638156,144.251956211702
8169,149.4958596216427,157.6179931371825,137.8893635546297
8170,136.8121890008858,139.6551681581282,163.0685935630539
8171,170.1405011626511,138.9146814326449,132.2849340476577
8172,146.5412943982562,145.7103992081612,145.6756691450584
8173,146.9181832011048,144.6701751347442,155.35080588843
8174,141.3558967878211,156.5655643058726,170.4571025453381
8175,152.7914827288728,155.3012423216582,143.6918889966741
8176,142.120912521256,142.6602867761493,164.24772100013
8177,148.4651628886631,150.5144563532913,153.9603794916615
8178,144.2657645894328,152.5795676413844,142.853141663067
8179,137.1017513381436,145.4073864057564,162.5751087684172
8180,156.1196807006908,144.8005033655241,152.6022264345036
8181,149.0617563080534,142.7880905023118,145.8588458769412
8182,136.5744779276127,138.0014777054034,156.0468901431572
8183,140.6234926926101,141.9183303257071,129.9282001339562
8184,137.2983973822037,151.1583406078374,146.5952924604902
8185,149.690351664321,135.9886825716426,146.8920527783521
8186,142.0526213139999,142.2408083247877,153.5430223292636
8187,149.9469839165696,145.4899382603602,149.6106428579298
8188,144.4002210221944,134.1079551761173,158.7437124322736
8189,141.3446912033085,160.4457501266284,158.4516228160708
8190,157.529502249657,138.1447361691528,152.3217513978401
8191,148.7727416469334,154.3486844766229,152.0380433139221
8192,134.0750111719941,160.8229333685153,149.2575916955065
8193,145.6873102744613,156.2736843940557,145.9833587125532
8194,154.5261639461703,152.6838998373731,156.9546060936673
8195,147.5847128274287,138.4944181960223,130.3663199790895
8196,150.7071583727634,146.4480225657063,151.703955967368
8197,146.8690027845984,148.5277198443744,160.0228315067469
8198,157.2453838312757,156.3260152371863,163.637986340961
8199,151.9542520496748,145.5815527221758,147.2003033540563
8200,146.9208321111577,137.0734241097069,138.7981455242101
8201,136.5446921666121,147.5721642016701,150.9000238551774
8202,159.4532640080791,156.2918557792868,139.8864536366158
8203,159.058140840561,153.6820852768317,160.3546289583019
8204,144.1612134545206,146.1560907142753,146.9733887268891
8205,135.1409771750849,176.8267211651822,149.2028941898735
8206,149.9174019816739,150.4872338805637,149.6156990737458
8207,145.4333887979349,144.3954139217157,141.0553695563744
8208,154.2095741526014,145.3381185486786,156.139548974909
8209,163.557273273461,147.6063925883504,141.0831616354704
8210,147.6316425992173,156.1986952567289,145.0286771216252
8211,152.496185798389,161.8130538369622,144.7152898483939
8212,156.0025099423753,146.0131787229284,149.4711299698188
8213,163.1568451588077,152.4174294234011,163.7997496899804
8214,145.0145480854628,151.5040029284656,161.3185700483379
8215,133.1001138780053,142.0379460406611,149.2243422707438
8216,139.6558380318034,153.7026267015038,151.9336756056314
8217,162.2983164540982,148.3527404887728,142.7282229559268
8218,144.2806307513746,137.8027796570342,150.2259127466004
8219,143.2906686998427,140.5131675667333,139.1781580852569
8220,140.579515364095,140.9625472084718,159.1666187818422
8221,157.3709187325545,140.4911751689228,145.6873018880725
8222,136.3393577213842,156.0313295282373,158.5072476267463
8223,160.6573920449846,151.3964196311119,157.4743469849953
8224,140.5774909237096,132.1867845049048,135.2936015200189
8225,158.495924185686,149.2201992404274,145.2823887883875
8226,144.2608763003776,150.0048896887303,137.1041205864451
8227,142.4346631331948,158.6557081786819,142.0186480824487
8228,151.1610582790009,148.2483793772917,141.4484551150943
8229,142.149530567072,155.4185036666524,140.4393350557373
8230,142.3210384042285,159.1499869126064,139.9180467691844
8231,153.4971119814413,153.8054264130575,148.8428823461335
8232,144.5832773470513,154.5697229827676,142.6057923896102
8233,147.1772002257734,150.3879558444295,163.0084053663047
8234,162.4018140641273,141.0662582921776,149.3957301174287
8235,140.0741632335378,136.6374110394367,134.7788642279166
8236,148.7524619942061,151.2921676852949,156.9192114219817
8237,152.9061459692504,145.7371563966209,146.6052782812971
8238,135.8585141219223,154.2174880975722,138.4445161502007
8239,131.9611988077128,154.5434981332216,150.4641267791791
8240,138.6901189642932,162.2445424591227,139.6844963768184
8241,136.5615894120085,130.7254519296242,143.4355838795756
8242,148.2605460050945,144.1680773320618,155.874743219383
8243,162.0158312325099,139.8984857250161,139.1624322485862
8244,145.8776689294814,158.7318208162292,157.5802208280222
8245,142.6727625083672,133.7759909421757,159.6512542307549
8246,153.0266481118445,163.2466347185724,163.6713850007628
8247,139.3288504038006,148.5830750724322,145.927070387917
8248,146.1944848700061,149.9000441451576,157.5703229272543
8249,144.6326957815461,157.0520250936555,150.2430582936295
8250,148.6850655064327,141.1170231127983,135.6736077537573
8251,146.581089424431,144.1615790478619,148.8379272547307
8252,154.1765903663735,129.3635877601721,149.629850124724
8253,146.6678279005622,126.143368095769,163.1072627268187
8254,147.7423268264941,150.5358463191461,155.726556122854
8255,151.7953849223363,143.2504044189137,169.814358622084
8256,155.0748678831682,141.5137296219156,152.5308872480128
8257,144.3162506410081,143.7873632999531,136.9145971248271
8258,139.7643398456103,137.6533972886529,146.2676129563798
8259,134.6226244552829,144.0396436408034,149.2631025076373
8260,153.0886530190813,140.9917374883938,136.6909721535802
8261,147.2379050269476,146.2984637257011,145.474975294869
8262,163.6336718470985,158.651416082115,158.6428845450922
8263,148.5539113660186,160.27324673577,154.395680687869
8264,141.2725732585645,158.8330549852471,157.3522855003383
8265,145.5677448934237,146.4870294520557,157.9658003418626
8266,149.518677112847,149.9221081485926,157.3865724158898
8267,137.4915877903926,149.8758081921931,137.2300409869943
8268,146.9356445275198,167.0054985677354,156.4070782696878
8269,145.6096893940652,156.3802999210008,161.1684298784833
8270,145.3245741568468,133.5333059176382,150.0759220263663
8271,140.2438978259866,161.3592832683653,149.4952662554199
8272,152.1161340216405,156.5467070123493,147.0744104936846
8273,144.1922819767231,150.4483781371327,142.7900821688327
8274,141.493649089783,139.6295894698046,171.349885898278
8275,148.0882505614802,158.5888461189988,138.1309098208568
8276,144.7126324330969,140.3885509814653,145.7127939621221
8277,153.1062645333391,150.637669313002,142.681572868589
8278,139.2620101392565,131.9065209093832,154.7292109702273
8279,135.2595074509451,133.7169533148068,159.2339903374229
8280,139.7217990006857,146.3069441012601,157.4805824284573
8281,154.7231803308634,142.9481346091532,156.3447799538104
8282,139.6584899199829,142.5415130539243,156.938675842127
8283,139.8243519587009,166.3216674155105,161.3488582998678
8284,141.3140160579308,163.6952849376964,149.0929908154273
8285,154.3296711456329,147.731325737587,152.1768869615545
8286,159.0856272151333,155.221263888582,141.5707494977738
8287,139.876591762913,156.7740563388686,146.3011591089721
8288,154.5119410012219,154.230106828735,151.0819969124446
8289,152.4663675612802,141.1322584053576,167.915359585685
8290,145.5300937029178,147.6282341996927,133.7486220156544
8291,146.098778606402,133.0240500799476,150.7131255360122
8292,161.5453671170794,145.7896707781094,153.9978013162317
8293,153.0757457265305,152.8069442860835,148.6556271505984
8294,149.8865222124739,136.0418316107566,165.0010692257013
8295,140.455173805905,152.8559912450166,159.7301323739517
8296,150.8620562007166,149.1877156471492,130.9239529045075
8297,147.3071361804835,138.4030016985757,163.0917613614945
8298,141.8988440414909,153.0618933960926,158.4163556130717
8299,144.0351213002126,145.407713795823,134.8525345473871
8300,151.1376617956915,145.6725403074212,147.4282017493511
8301,140.4257194530351,149.1436783176987,141.8601993375994
8302,139.4960046185378,153.5236125562393,134.422065619534
8303,148.209934617023,148.3135693731918,138.39040384707
8304,145.5520636286564,153.8043426177724,151.7389550023899
8305,146.2469278589631,174.3861280698924,155.0538048292703
8306,135.390372155454,136.7265315931922,137.0695060143327
8307,155.7499066495259,133.4154159275699,147.6902552931039
8308,140.3474089905589,145.2903668763304,158.9392133050483
8309,136.6318482803405,155.2113326029355,147.035278904168
8310,146.9237887989724,142.5580471019166,157.3102657375083
8311,162.3788056605104,157.0508551431859,140.9364082537706
8312,143.0842097160705,153.981290043417,143.1908540815901
8313,146.9804290869805,143.4435737803349,153.8142783892801
8314,138.8359204079599,140.2376919668887,128.5666555680451
8315,157.1426184765006,144.1887725370748,153.9500554483832
8316,151.947200940554,149.2968338647337,143.41673619399
8317,146.4767167735328,143.249751721001,150.8615422506103
8318,132.7935988992082,139.815480284165,134.9861425345889
8319,141.2793056928456,147.3813861081979,138.7801359562742
8320,149.2818203145296,126.0331168097939,140.0343808820845
8321,138.4239615281575,146.4025873842186,139.8725266074455
8322,150.955363119315,147.3178618851545,133.8835553269447
8323,144.1565838525848,143.3622029937234,135.8457896243041
8324,154.242765524776,148.8168066853745,148.662175472963
8325,136.4417623123697,136.0507151900895,157.9880761514503
8326,151.6298928269506,142.0887425238287,151.3519767548222
8327,151.1088717397467,132.6997582904548,150.320412560208
8328,151.5384194474123,145.1135759724201,145.8081521249323
8329,152.2079495898052,148.3892550272451,144.2545044424392
8330,148.6675855978492,145.5148715974372,137.4598974924648
8331,143.173364840138,138.136694343575,142.359998225442
8332,145.384313845307,156.5698637394575,141.6520961185332
8333,143.0048508471311,151.013182561575,153.9269442735605
8334,159.7391655823858,150.4778975381122,168.2110605062624
8335,145.5980740770006,147.7752823748982,142.6140745672291
8336,141.7192078406264,154.7139233205076,137.5536162011733
8337,156.7335340215087,145.6305828717278,148.9794323275878
8338,146.145933207846,148.4840774554348,138.4618334568111
8339,155.7932112489138,158.2844085712253,139.2078727685165
8340,142.349657028843,134.0309785746761,147.9750125047116
8341,151.0615157449523,134.9999887161582,158.3111116294786
8342,151.8756937057518,142.3624007084076,162.1342519644901
8343,143.7846222882586,146.5564793489665,165.5417098791524
8344,145.0985028479811,149.0709344840494,146.1478422261542
8345,150.6621428629813,136.2461352326119,151.4628444508436
8346,139.3816119425771,147.2051727467365,147.0874053106807
8347,140.9336492714339,165.3553886147176,171.926297968863
8348,152.170645028938,148.7857763458049,151.6368760499225
8349,152.6200525957396,152.1462218599122,140.7979649168819
8350,152.230854160052,143.9340245792183,142.6438931966353
8351,150.7430787295168,157.2737274357367,136.5849776173482
8352,141.5808852523338,139.8310793958465,151.6310405969743
8353,158.7643415459697,143.0865325039155,145.3163464601346
8354,150.7740611138125,143.440136776134,152.7519096237503
8355,148.485637290551,143.8468280306642,152.9660097712656
8356,144.9170677836319,160.8793355110296,139.096475265336
8357,143.5455403521724,144.7148889428314,145.5187063370585
8358,139.3970218235027,144.1902516520241,142.2892360377739
8359,129.7694423972541,146.2792575374453,158.1354408923403
8360,150.8600083619139,141.7409044359699,145.0040294291287
8361,145.1146199921088,159.8665462551073,147.9804992167299
8362,171.8691328592271,136.987117451889,158.8222178915694
8363,155.9739473528369,162.1167321040301,142.1871032699909
8364,154.4531999676063,164.2968414227756,142.7447060784831
8365,137.3654949465191,145.8474981976618,139.454914302655
8366,146.4368379352805,137.4017246474871,154.4402898201056
8367,128.2349032798002,157.541836421129,134.6037956829987
8368,147.4872087696414,149.6091861664493,150.4921209556215
8369,152.6139066292876,152.106011388705,150.7365461947018
8370,150.8721198021057,140.3370209671172,141.884086328942
8371,142.192353558158,145.8289332179008,141.8586251288939
8372,157.1245916153459,151.9119801348681,152.608810376905
8373,160.784839184293,146.2457829539033,152.8995286540995
8374,143.8162833583192,149.8659687874506,155.912380470038
8375,152.6116420093572,141.7872238104316,147.8159194075549
8376,142.3065327582759,148.8722708782182,154.1799778147678
8377,149.8274285200384,170.9806539692883,146.8472808471806
8378,138.2859120759944,154.4171740838455,145.7320734095531
8379,137.6149927193656,162.0083987967579,148.8354664900687
8380,163.1233968783294,164.3428321684804,135.4594337206136
8381,147.0991134788335,132.7428880028466,122.4742210677002
8382,128.6508117172899,143.9759124027974,147.168300153805
8383,152.6724207480084,147.3049489839171,145.6976051101688
8384,139.149798168365,150.5620899184739,156.582339795123
8385,144.8361277778142,156.9053278053445,144.4646205591895
8386,151.1760310189198,161.5660174299236,150.7735513253214
8387,160.080166384989,163.1732488070037,146.3219889595739
8388,142.6336960226203,139.8800606636945,146.0619134102423
8389,143.757107562751,150.0287622883345,144.5989404516119
8390,151.4846525429716,151.9867668941653,144.8626159658019
8391,143.8023815969981,136.2881017428074,157.5442846074605
8392,142.082042137693,139.9766882713744,138.4184415040137
8393,145.5630072464393,134.2078753663696,169.2445229760636
8394,146.2671530961198,138.8969365914912,144.1598986701674
8395,135.7028455974465,138.4880288547694,148.5652554555694
8396,144.926043681568,145.0566876987239,136.031503876749
8397,136.890511051689,145.1056604767386,146.1059532374525
8398,162.2529444561394,132.3953182280329,146.1284008950365
8399,144.5778924899068,132.4428458639698,146.2700531435451
8400,137.0756252997487,147.045642138433,146.8694149366238
8401,132.2481703145311,127.6985093856761,161.9821380301356
8402,146.6601712220859,151.6031898473744,153.6290852537784
8403,135.5009960724461,150.5559141376063,137.0400174296112
8404,162.6622867553788,144.2928674048556,158.2263833023488
8405,143.9898692517035,140.2724050116504,141.7897630886104
8406,147.0180326177234,148.6356465428009,155.0810555946952
8407,146.6705515808642,147.9314930860205,143.4562789951349
8408,148.1066336776445,145.6315852498065,160.5018956402867
8409,156.3160010318856,152.2519881927343,153.5723832062619
8410,162.3767702127999,146.9378692235746,153.4138600950883
8411,165.3816402501639,143.6352588306173,155.7516567069671
8412,136.1533308811989,144.6313056965215,139.5928452232696
8413,162.7479719087275,150.9112261762058,164.6158055010979
8414,147.8760844556104,129.1760208454429,151.2001533646507
8415,153.7487591887816,140.6674176925481,152.9304175633242
8416,152.9099352183373,143.9331036577616,161.0946536673187
8417,143.6166161129197,158.8435830752456,132.6286176753836
8418,127.2851802046365,148.1654906089195,148.6929739575727
8419,156.1188014609001,144.0943063418936,158.8564126040736
8420,162.6664404648777,134.4460924012083,144.633435856543
8421,149.2450901395251,135.604607098214,142.9774181002635
8422,160.1279473938193,137.1303830322048,151.526368798749
8423,153.2459766594498,147.8149563064343,137.4870399643782
8424,148.9705651572385,139.9515713889223,147.9099445372938
8425,143.3157533733419,156.7712834663854,156.0822731983833
8426,163.0574453656608,141.0023553019707,158.0653329106962
8427,133.4728811390545,137.8094932907512,146.4565210258626
8428,151.1205457867794,136.9303179239647,144.5971723628755
8429,145.9623870249122,138.1997356491231,151.9204999045829
8430,148.4090182042158,143.6424312812289,153.4919551214009
8431,132.5079280958704,161.6790805542392,139.0217859948098
8432,137.6562099280858,150.9706728308195,142.0579215871329
8433,138.7403651409473,152.44191217693,149.3712185780481
8434,155.6499693363705,149.3409213553638,146.2066443125887
8435,142.0907994954996,146.4768920043363,157.3972133564387
8436,146.2460014383779,137.045567256415,137.3012695750897
8437,145.4334189000048,146.5113522222368,139.5356188618508
8438,147.929868206418,154.093631588028,159.2559166029804
8439,140.7439587959849,135.5179334104434,157.0420131703977
8440,138.4805251053971,144.6152230321403,134.836078886553
8441,140.977943090324,154.8693403603337,147.0559130029062
8442,154.4487399489419,152.1394307577397,134.1098106126693
8443,150.434502101573,141.793726102137,161.3131707201316
8444,131.4620195302561,154.0783698370821,143.8978670114573
8445,140.31005384574,155.2673094573852,175.2088758824166
8446,144.8728774873765,157.738231952707,165.7882705302219
8447,161.1599279235092,144.0277879402489,152.2436574388245
8448,151.3208751847893,147.7874864580371,139.2658170556973
8449,156.9198288605269,145.0813675435481,142.6569133288867
8450,138.7150726723648,136.4943177959607,152.6001895835735
8451,153.8211642932258,161.5174006701034,147.859044704567
8452,146.4471503507979,151.7539889834134,130.0872252135789
8453,142.9414635343673,148.6344521089993,149.2205399453564
8454,145.4785050511368,151.9528052889193,139.4892165832868
8455,151.9918357779113,140.348836057019,154.3489847137175
8456,151.5277810804307,137.4393829020822,157.7854048026097
8457,158.5747213841618,133.9999501277672,151.7706129850785
8458,130.4042521532292,139.6518941173733,139.6858854862559
8459,145.4899810048947,142.0160906933364,155.5445858604701
8460,138.9438349545889,155.2043556918887,156.2155936813861
8461,149.0865622646042,139.4320074365766,152.0918487957855
8462,123.6885364259963,141.7557872144698,137.302405313653
8463,140.0681001440918,162.335644618882,136.8785195659616
8464,152.7915684161046,157.4942212590039,138.0525382917569
8465,147.6487080935596,130.3676507820437,154.45571092017
8466,149.7284928917782,166.2881120123125,144.8765254978242
8467,169.0032143788024,139.1449816126076,155.6447178092162
8468,152.2064774066809,145.9570250786987,152.4078072905253
8469,146.5953381480842,138.9353020876379,137.1208270035944
8470,153.9346417549465,133.5605921215178,131.3491975448167
8471,151.2230767284873,145.0895278233644,161.0864078614399
8472,147.1843576203288,157.1858716839073,152.0969813380611
8473,173.3591108578625,139.7218640205379,142.0939449801163
8474,137.9798685591643,152.1531053223845,138.8883587996828
8475,140.2177714570256,153.9836661895981,152.5092705372625
8476,143.6475773989055,139.4580993051968,158.1562318669439
8477,151.9828207302842,139.2477174975977,149.861476109293
8478,131.7690019154599,134.5116663035908,119.06696392024
8479,137.8106801404212,153.5958034082398,148.9653820396071
8480,150.1659327053955,135.5894208825762,154.6719638100381
8481,142.4656681565499,146.4506145354402,147.6606277506133
8482,160.2453850927437,148.4240868419801,153.4700821214374
8483,144.4222185177645,149.4310678685485,141.419273392781
8484,158.3155123348356,143.0615963798088,152.230973514732
8485,138.7810982150563,148.5065483065011,153.6846561481782
8486,130.8417844902356,162.7418497206326,145.0878021323608
8487,142.7364477204365,142.8954253542223,148.5762694854549
8488,137.5787655927097,162.8104804864588,154.9401446832997
8489,140.6822285543839,153.7437183015464,142.93239307794
8490,147.0515393872405,142.5836710001468,131.9211101918894
8491,144.7139661708089,164.6023176418127,132.3147649379477
8492,158.2722830831086,144.1867629680179,153.5680572936272
8493,158.3759437866899,121.5258592699536,167.5893086949339
8494,141.3862173641572,144.4430539703172,151.7415269055352
8495,145.6123069797854,131.7213863407405,149.7469554893521
8496,157.5589459235319,117.5376760119252,138.9049582410985
8497,144.2236608685506,132.8095897599313,142.6346568921931
8498,153.9980103136536,148.0563837541463,132.4041132479093
8499,143.0040077042301,140.7733566749083,143.4544272335777
8500,164.9098882500247,160.6920072835705,153.6070697472379
8501,154.5595839214063,134.2232364511996,144.8731458490525
8502,146.429362408484,140.3025535312511,140.3956531474469
8503,178.141079144085,138.0029694417077,154.1257313949338
8504,154.7361033666749,154.3643244596316,146.7909775790862
8505,150.3864571234897,152.2405788130889,144.8170983554399
8506,153.2351678893964,144.0508307305879,148.0434556415683
8507,139.8897941370617,158.1753785798078,154.4240311775504
8508,130.0433418300814,150.5494500547329,150.4261139544346
8509,145.0024148215968,153.2617214468027,136.6062888079034
8510,139.7378466529016,141.9106496983467,133.9945308041012
8511,142.1374496581271,149.7884394660284,162.2532276433159
8512,145.1015405112686,160.9710848012928,137.1617443637695
8513,144.8885642854196,144.4941795720843,152.7703052622774
8514,145.1586203565345,153.9432322058354,150.5532236020806
8515,153.0948364205847,152.2243339792388,135.6123184527749
8516,149.6565629444912,162.7165785148194,155.8495538891778
8517,135.9033355805051,132.3595716503389,164.8005069961528
8518,141.1168897803868,146.663170240955,146.559502793445
8519,151.152171751948,154.1209557046286,147.4082729251308
8520,150.0219052992511,134.1273892195767,155.2255392494557
8521,157.5890120898154,171.5488089335152,143.2138026281391
8522,157.663607798686,141.9264932036198,153.4322359431248
8523,142.3318869790901,157.5746335368554,153.8502840963161
8524,149.470267803204,155.8960142659267,128.9648402926756
8525,152.3759548479207,135.4344012155912,155.7138607605199
8526,139.4952300172877,148.0420785180312,151.9386510518695
8527,151.9621180819778,150.1556695145756,144.771643059054
8528,143.1530461935067,156.9791484044309,148.0984504119597
8529,162.9220946270954,132.06297743409,158.2232608429462
8530,130.2607658665002,136.4682278080065,174.9974975460907
8531,156.0925448119297,143.4687110525493,149.4138606567145
8532,153.9524438748944,144.5709296405033,136.6395322633709
8533,149.2848742688974,155.1537146765438,141.4488111584548
8534,150.8699633173044,159.2945756054348,156.6278064125613
8535,132.6449720162227,137.6801627885387,149.3924032697938
8536,148.4041650276985,133.1840850266111,155.3873144208874
8537,142.6396365972803,156.7886642766236,136.1168273419085
8538,148.2211345518304,143.5562432436722,149.4370576978226
8539,148.633726556805,161.7810351327711,154.5924174192541
8540,136.0462003315812,146.3745098857096,153.1069948579181
8541,127.4471474777125,150.9853970508905,136.7248906019983
8542,150.2494482151874,177.9053899801483,157.1336153920106
8543,138.2758483652779,158.0532970574835,140.6797755259634
8544,152.3041547676659,161.6535751954104,138.5999457589914
8545,153.6551366283824,159.2904775268632,154.675979963116
8546,145.9017127055722,145.0884289915732,138.9419430959402
8547,137.5461385289607,139.115822877788,145.0233002615301
8548,146.444724288839,141.675774446775,141.1941596399777
8549,150.1955044595817,168.8774897413468,144.365138118634
8550,140.3583788545378,137.1038622097615,136.459234875084
8551,154.9392924440322,154.6713291312167,155.2398127542444
8552,158.6296708124433,156.4811728829278,133.7672043304163
8553,147.1366407378662,146.4743151106487,142.074945315308
8554,134.6824638295097,150.9285358180146,148.994088716623
8555,162.7106682623291,152.5989532259073,136.2272551593509
8556,147.2798554070901,150.5913108300599,159.9836268309058
8557,160.3325313563558,138.0995259508469,156.7337073487817
8558,161.3648428371385,162.093678893995,139.1190071829825
8559,123.9760239949982,153.0382013419452,137.7003635586953
8560,136.4680221399294,143.726096587184,159.1706240679211
8561,133.4704637336232,145.466267058771,140.5419571556876
8562,132.0320318190777,168.335096641287,147.7942819314235
8563,149.0413180998416,138.2663479678823,153.5482376447396
8564,143.6718698524741,149.0481879130164,146.6937107677531
8565,153.8147986078336,146.7698830446517,147.8219949236869
8566,161.5220365098348,164.5876014169447,157.1908163150829
8567,156.3606649902486,144.3214155402372,145.7325185714895
8568,147.3351291159777,130.2710430830131,154.655721493286
8569,143.4658201772797,144.711600239444,137.3937782483256
8570,138.9444168307644,158.4658117804359,152.6258863778777
8571,156.5506094580272,151.0533640192503,147.3641040900781
8572,153.882427505298,141.6565722217746,152.1234862994864
8573,129.8058834709466,134.1022472238389,152.0078245341173
8574,158.6541777216893,148.3251567193828,139.7882968771812
8575,153.0825783139677,152.7363020667595,144.0780240483688
8576,131.1729708808221,146.3238701730893,157.6657879736526
8577,149.88686365776,144.1002599364856,161.3571891733134
8578,136.3245459558058,146.166963408023,164.2627912187499
8579,149.721544549779,150.1524888707795,147.0406835319412
8580,139.2781446496422,142.1520015289506,131.8791001419993
8581,149.9893221418539,162.2349867494316,154.0975287387308
8582,132.4065641359745,149.5556182812827,156.1479186867672
8583,157.3051422043327,156.9872224488438,159.9600806061699
8584,155.7198422785745,155.4621922873561,148.3338146809609
8585,159.1641977144943,147.0667266021613,159.6509138508388
8586,142.8102949061046,138.9797725096588,163.5713735237133
8587,147.4414515292719,133.7723168093203,141.144831711929
8588,145.7204916802474,147.5158145476013,175.0708077019176
8589,152.7461416068589,147.2930676279267,126.896067278671
8590,155.7125304380276,147.058046708059,151.3052114441857
8591,147.6380826126124,142.1719047348934,144.709559991816
8592,145.4147001247779,137.7922773810955,136.4476828143835
8593,142.0396505525488,158.7160953249331,151.5277929462744
8594,158.2241784823789,151.4967678321005,147.6907297877339
8595,142.556088688904,142.2240651430029,147.9137269351877
8596,156.5044216824358,155.755321064723,140.0546960309503
8597,140.2904891639048,148.2089213313195,154.0535723533096
8598,143.1357929220522,141.2748963341312,143.8264332835836
8599,161.8846931830603,148.8331188944851,138.2686677849341
8600,143.3711840093996,158.6615401479094,149.8161517443187
8601,142.2448425334767,153.7569360704203,141.9878029134233
8602,149.3677063205116,133.8124988905163,154.7894857149873
8603,150.9359395729083,139.3400014976936,161.2360118570593
8604,137.6999684651545,152.2723413597666,159.6998490307823
8605,152.8714648942797,161.2638501630599,138.5548229763098
8606,132.134417109455,155.3455941877809,148.0169011911584
8607,148.3297636246602,137.0674130475857,161.86367958962
8608,157.6293508110171,142.256574774102,140.6836865607905
8609,139.7812283887483,140.6385720863261,157.381563869298
8610,139.493202844465,151.8848580736064,141.696160119119
8611,145.0255789309089,139.075641827099,136.6855946047146
8612,145.8370538173271,149.2717043197435,160.2152257713417
8613,132.7614043131184,162.7773785168482,133.0525193304568
8614,155.0375946730162,167.75030820384,155.6468016936242
8615,147.1705268326466,143.925864467451,152.2133049074263
8616,141.7267998367652,145.8895500398502,156.8120737409135
8617,151.0650437607841,158.9305598063367,144.3329046028723
8618,150.8194305472939,138.3949348473906,132.470809570564
8619,156.143052158332,155.5369226970965,130.0214388916586
8620,149.1874054767157,165.8744713335289,144.3787074515257
8621,145.9163612426371,185.4967253054806,142.4935990903743
8622,156.325780723006,140.1847632133364,137.4282561005931
8623,146.3240424398362,137.0296163208584,151.0485478356881
8624,154.8953913420049,146.914232570429,152.183122380614
8625,131.9413031655778,150.7275293758764,155.7353725761067
8626,138.5379480710432,143.4511142580452,134.2437095806001
8627,160.3371951654586,137.5634192377076,138.6182462635102
8628,149.3030092504073,142.3941755239226,139.2236113983402
8629,171.2750282658083,143.399281958528,142.7323883469911
8630,148.215412778647,147.3022014401997,157.6511064204922
8631,133.6885209471572,148.3083511762033,143.9578005505629
8632,138.4753203673564,142.8703959155995,133.9920774841373
8633,154.0156301310284,149.6569074118677,148.9240563504541
8634,157.1501257441044,138.6562016438698,143.6586398427272
8635,147.2178814464102,173.5411404714017,152.9261262120825
8636,157.1437815806058,150.8646660799053,138.556242858629
8637,162.3715472554707,137.1186648760368,150.9295020750669
8638,137.8870467198941,171.9334479416056,152.5873292606629
8639,156.2731199559556,136.8515595406083,144.5395380083111
8640,147.1897562765449,162.8098296884893,168.5303517161784
8641,141.6391738466449,146.811726812094,174.3777032026163
8642,136.5382810904876,143.9296717864466,142.8541387538641
8643,142.9484229377724,158.3705653082272,144.7554410211314
8644,138.3434415570175,139.4723337220429,148.7830473049265
8645,147.5136052850804,140.807440068519,140.9847205005626
8646,153.3770345625917,156.9375326339234,140.0251039858827
8647,150.7159078694372,143.6030470083249,144.24899239355
8648,133.3391869723295,154.1718997148571,150.3096156274912
8649,140.2699769789512,148.3859098841897,125.7123695763577
8650,158.3876332805139,142.1481686606299,136.5670457374113
8651,152.8590588031681,148.3801847925596,154.4371932725189
8652,152.6109810835031,137.1205562311257,149.8058080878988
8653,152.4672963511433,143.9666198983047,153.1033142824345
8654,145.3638528903302,143.8286359029078,153.7222136835038
8655,142.8303057611642,141.5646947959209,161.4622493373194
8656,141.774317844045,148.6986836741256,151.4441899333976
8657,152.0109615927945,144.5940707065577,154.9527615159203
8658,138.3625101226243,138.845329544446,133.4850943742254
8659,139.1087633779164,135.7095126215045,144.5079625032927
8660,156.7359747794281,159.6950247518956,156.4242143283252
8661,146.9152823222717,154.4660815918844,145.0355995676631
8662,145.3896330238437,156.5376998557155,146.0388975085036
8663,141.40342489585,151.9972025715341,149.6268575558657
8664,148.9488984849603,144.942870505093,160.9294962650663
8665,161.9380484924833,141.08050470763,139.4015842208542
8666,130.0622192473953,148.723649644448,157.0280048694009
8667,148.736601542282,142.5095197810354,168.4505509013834
8668,130.6677353974052,155.4224046975519,157.1286408063226
8669,155.2548623192121,136.2753672726221,152.6630177236864
8670,122.513745885372,136.26233734905,138.759637330162
8671,146.7487385813906,145.7337835397393,145.6658319459283
8672,125.4662061698527,160.0889967083555,149.2823507998797
8673,142.7985983705056,139.4629144815029,160.4311464614067
8674,148.6176817200327,148.4081464436274,153.2460411490506
8675,168.6521326331352,146.1108147389103,134.0134489549665
8676,153.4653106308182,128.3289158467619,147.9809519809884
8677,144.8137743964144,141.2492249887836,156.3270911531879
8678,141.6794630313695,141.7078410291928,154.6930721592771
8679,158.2406297155362,150.637353039995,143.3269652349405
8680,145.3406820251386,145.3436438772417,133.2426207326512
8681,145.1190060835957,166.9216093733544,145.5872512146406
8682,147.3347066553306,144.0480170750794,150.5270465090613
8683,145.9703517054581,141.6418722500003,139.1451787699957
8684,157.1853070138946,137.5173644674344,143.9171038957692
8685,164.6636966178639,158.0685558803521,154.0975601618949
8686,144.4514114208531,143.4708638285463,149.373883966619
8687,173.8832653648528,153.865508487388,133.8640758084656
8688,135.0019622532788,133.6306731985212,146.5239521534852
8689,143.0877617318848,145.8824743052953,143.5809503494677
8690,142.8892518361755,144.0971894992929,155.6826719538972
8691,134.3629638929189,150.9295053213448,147.0511993455156
8692,132.8841796620545,155.7174680371445,144.0119021342614
8693,148.9377531489559,132.7313219783177,144.3145014022979
8694,157.6851373175917,157.7671858093225,140.9962133038521
8695,153.4656191708009,128.0971038028526,151.3221721470086
8696,139.9874791173454,142.6170239189865,150.505404393329
8697,159.4213700295014,139.8958410322283,140.0836066810237
8698,143.0935018757045,157.6908055479976,146.0905244254235
8699,143.2318608493636,149.9757956880383,147.8536348807321
8700,153.2649005572687,144.2179166505875,152.5920315911631
8701,161.153152374209,148.2531504010665,154.1869823160797
8702,160.0008184478745,142.265246538419,143.8071823090815
8703,152.7784081397778,154.2504114394149,148.2808952661102
8704,155.1070799150422,163.8050951073629,137.5392867004736
8705,151.821696582099,146.8827612036478,130.5762364974342
8706,139.4452626577646,143.2617057891792,145.9014415727034
8707,149.7817860114211,141.3352513712084,147.548202342761
8708,156.4469402014272,145.0458730100468,147.0416864404901
8709,135.2399916618055,136.3855427439319,135.583995799907
8710,161.2053976258782,150.4722465413785,141.6554176855033
8711,157.4914574838461,147.3158245758377,150.2365815017085
8712,142.5440992029392,134.4430131524572,143.1210464984576
8713,163.8392261999589,141.2272960095747,149.2752867343354
8714,145.2915477706926,142.1924622611651,163.2549901626869
8715,143.8290052802204,156.4576056056913,141.5631790178942
8716,158.2525827074592,149.906258775793,138.0901033502237
8717,147.6107835832623,154.9295376702793,166.0483560574913
8718,141.5817631022787,157.5806509899652,159.0679597613758
8719,150.2063335585642,140.7056975522567,135.3980051895942
8720,134.9120817875204,144.6677528264189,149.2926957136177
8721,149.027104022983,135.1838341836668,135.677549339812
8722,156.5230328179352,153.753999174875,151.3157289873984
8723,133.2736424651384,145.2481057953415,155.010311628772
8724,161.0641893783087,156.5349427600557,144.133876548624
8725,139.6193084554408,146.0410561180014,142.4321519575514
8726,144.5361647589352,144.4287890892207,141.9729124393625
8727,149.2781500517308,138.8583173076343,160.629790955769
8728,140.712120048325,148.9391322278249,157.9976838272723
8729,148.343652186076,145.2607982533285,142.585732761634
8730,151.2297347675169,135.6538461699786,150.8707784687394
8731,149.411225507108,150.3205624436852,149.1936824139541
8732,148.0289256333113,139.4067192644636,150.0854437385282
8733,155.8967565673199,147.9760817986206,143.8992386501774
8734,149.5897526750072,157.4719097679668,144.7349128646648
8735,147.2895360581309,150.6684815179902,147.432257820057
8736,154.4021267347314,158.0437457879721,134.5377792613332
8737,152.4935174615968,135.5707292131781,147.3541317246076
8738,162.6714589704535,134.8496176599071,146.3245584764425
8739,144.2214984296712,153.0120732205573,153.692052590147
8740,164.4890935557848,147.7919163975235,156.4104102593295
8741,152.7613900989534,143.2994903081276,137.6817328649565
8742,139.732715051873,148.5503208674489,137.8741895496438
8743,158.7148390377326,168.8640929868848,145.9533168232302
8744,147.5334241575362,139.8000012259104,133.2699070849807
8745,139.5112239436668,141.7339618344499,135.6697125060157
8746,130.4939897806255,148.2607827818161,139.5485207988701
8747,149.2170396109267,143.8849271020592,149.5326316944489
8748,142.3473651583377,138.9752600940387,153.1490178256498
8749,150.3162178327672,163.1674765772509,162.6899921883371
8750,141.9116302617497,141.71663879933,149.3043224526878
8751,131.1677838402073,165.6130972084168,145.3709539796666
8752,142.3367548009172,160.7290496289457,171.2689351992932
8753,135.7598622887174,144.1282418012127,156.6260950372611
8754,145.3736865608222,154.200507259366,143.6713025256756
8755,144.6117355777437,153.1664991511061,140.4137824995254
8756,141.3632608759953,151.9965250289958,157.254931328942
8757,136.9930572826202,153.9217892042873,131.6407760507585
8758,164.1025543769411,138.4301527371351,153.3802810675823
8759,137.6325271630066,130.1667204811131,146.3017161471591
8760,150.2475346611241,144.8589361990273,150.3707506714026
8761,135.4405399473202,149.2982337440002,141.8731194283106
8762,151.401413723805,147.2219808650481,151.5526398567678
8763,141.0951738521943,144.1528474789534,158.235654184037
8764,151.3276408493474,138.8559972187056,154.0792403117335
8765,151.5912285427747,150.1488209022952,161.1024748101157
8766,157.1297637561406,145.7469581255207,154.709843198887
8767,167.3882812223482,139.11590460366,143.4596948238469
8768,160.3020806821748,150.7452893396575,156.4429167500289
8769,138.4857428002548,148.0220868441046,144.2249363867091
8770,147.7928877246121,153.5091672823528,145.4934170814867
8771,155.9183058246863,151.0819678800297,152.689164289662
8772,146.1021405062201,137.5491085518962,146.5221870654426
8773,137.7088684901118,164.8066561498704,151.4237359192725
8774,142.435471507757,165.8989707354895,144.7816291364215
8775,134.158608380776,141.9281686071451,143.8133747706753
8776,170.4793843160964,151.5454602853024,144.910326607812
8777,134.113425913479,147.8528564643273,134.3456012800912
8778,155.9704417330354,139.1911759061098,127.1767562349985
8779,158.6758213274455,140.4196707175572,152.3198569211908
8780,144.8653954970251,152.7714840204995,136.7848969992369
8781,134.815602305747,159.8990211185854,150.7672359054773
8782,153.610592057308,146.8644550111252,143.6125945919993
8783,149.7312153935703,153.6525120772798,143.6950812715682
8784,145.5466664136484,149.3098729733498,137.1364364129503
8785,150.438730346773,161.6871791751193,148.6533572414537
8786,143.7616251035393,146.5887458037099,151.1032353201719
8787,150.1768774213251,144.1321135868256,151.1522952592658
8788,146.0864774668832,153.1630215150103,148.0711900251061
8789,153.2528807733731,151.1740057360529,144.3328638760627
8790,160.8436734696863,148.8261915164769,142.7654981089983
8791,156.1065967047739,143.6670085476327,161.1453072067615
8792,145.3307245265427,141.9503862130316,160.8823169804124
8793,160.84522706556,154.3220957907597,149.7118357115329
8794,155.0364350373156,146.0127198679408,144.7241940954335
8795,156.4339715651667,142.0212051756864,146.132445342668
8796,145.1580152776189,139.4753926583378,154.9466686477217
8797,144.897057733722,150.369355245299,137.5136183603199
8798,168.7589127874869,148.8231470146218,150.2468089266594
8799,145.7669389164281,140.6616027515345,146.145845239223
8800,155.0191380939849,156.3655861461201,135.7743199843993
8801,156.5296595340774,144.9842352914432,168.6345355529233
8802,135.6464453907784,143.2284575480335,150.2179152865242
8803,147.3093632927424,147.7198410201249,145.1590889898274
8804,167.5163301970479,153.4149345337473,145.489801702561
8805,144.0439685406445,151.6595237233658,149.4333306989139
8806,138.7489681717685,169.0928013509629,144.6029377760444
8807,138.3226684248579,148.0103287211976,141.7285683796879
8808,130.5992282148837,152.9388753145739,132.8878791332516
8809,155.3210212128195,138.0835530103022,158.2201441163556
8810,135.7216529071526,152.1827861380927,153.9787512999903
8811,143.589945121791,143.0082063058747,146.5150645828091
8812,135.9885591883357,129.5654690289321,144.3375800623729
8813,150.929338587366,144.4145410510816,139.6842517256702
8814,165.5725464196493,166.0916512130392,156.8598750253402
8815,150.2580564073111,161.343867672634,160.6249822705809
8816,154.2701059496429,162.625500120435,145.5710853838943
8817,144.7934873384009,150.1374181685878,148.5792135570589
8818,146.4025429420792,155.0326084830066,147.8876526743869
8819,151.7140769217527,150.5119476992856,135.9116281059011
8820,143.2735446025699,148.0435666480773,147.9021106433984
8821,150.6948401808438,142.2658612469838,148.0416679879172
8822,153.5683895107488,144.2091346971038,157.2118222359986
8823,145.5873621137551,156.3445686528785,139.97524120222
8824,134.6378299578198,137.4556622556051,137.0825077133883
8825,144.7626871759343,138.9341629860257,172.561977761115
8826,142.0033674207093,137.6651761609261,146.1025264869933
8827,139.0586130538163,155.4533430162497,159.3083153949796
8828,147.2489873158823,140.2465823198426,146.4724979988618
8829,137.6394200085675,174.2884533107267,157.3520429267199
8830,142.8059521883257,131.6673787674309,159.2538991982599
8831,150.5669568572767,159.7364932073235,148.4428442165864
8832,146.4211153489592,149.5429932550273,139.0375189424417
8833,134.2374092482385,153.6346798026829,153.5379891519817
8834,143.9697309789586,129.4515000935625,140.4798672326514
8835,153.2644363509995,137.7776657330585,153.0258201853816
8836,161.8138361679889,147.9119914465533,147.7735232633045
8837,140.3442063310933,153.0505091961616,140.7411152113874
8838,158.4341932445934,152.2486040646126,149.0753408161014
8839,150.2562418687977,145.5080172344572,148.4159010591104
8840,132.2241213298576,160.4160199323625,143.8748715566246
8841,134.5603042627849,151.084360301872,161.7897290535472
8842,157.4345496428114,154.8930690995566,135.1460086115425
8843,174.0467579901332,154.7854230043867,153.8278510949577
8844,139.4672517735412,146.8159834681209,169.7489699773094
8845,143.428477330653,156.6561124917953,170.9326454081446
8846,143.2663535499996,154.7759877072928,149.0326094370168
8847,147.7960424104113,158.5442586363683,143.9274467976255
8848,157.9725230996347,154.2443149173232,141.2191736405483
8849,155.5024765569338,127.5328745457029,147.4189169255831
8850,146.3219934874887,156.0306663512989,148.3844955698664
8851,151.7916176477743,133.6178864249815,140.8998042005274
8852,142.3409044025132,138.989372148943,154.3218474758942
8853,144.8158430429087,147.1524883867188,127.610995121279
8854,135.2924282257156,136.7248025393367,142.6904786763558
8855,156.3438036588458,138.9695699430547,132.9699879330556
8856,154.1468098812307,146.1070835623472,146.1195236333814
8857,137.6896820326204,153.654549412054,152.3364571566339
8858,161.1119109122603,141.2035805115712,146.8296706177119
8859,143.0083278269626,138.0334483975588,150.2876644122351
8860,141.2247778847972,147.2711832736196,141.024344284205
8861,140.7234801202624,156.0228538417167,146.625087246538
8862,152.7000267666591,145.7792534368561,144.1468371946334
8863,159.7380176397286,148.4111293019424,146.0011589086854
8864,160.2460907101987,147.9875973008467,159.869973630474
8865,143.9569819381517,132.5568050421136,142.0600822479883
8866,133.2241684314425,153.4180302782455,155.4077347996307
8867,147.442778013809,149.2618436947863,157.6991724993474
8868,154.2072903377484,145.96030918541,142.9215951719299
8869,142.80548018876,129.0137439463883,153.9841783993504
8870,143.1337197205571,138.9743539679431,139.0510330882325
8871,134.0650318661571,143.6705530047842,160.5774998047177
8872,158.9085558168421,136.0114436625391,139.6028622643499
8873,139.4731128591614,142.4656786500779,149.9661348433292
8874,142.5699311894669,143.5328088327233,152.3909590048171
8875,139.8956852921575,145.8707706098523,156.0100903312999
8876,159.4496352281734,139.4271893766295,151.3645003989837
8877,142.8045855567535,148.0649973719609,140.4893642746067
8878,153.4799884646759,137.3770090344876,142.8680301240123
8879,163.7670729266431,154.8870929216139,149.273965652432
8880,151.4906353745646,143.6119469832866,159.8804417726629
8881,148.5319747816309,166.4372366829974,141.6339758796229
8882,153.0981896770852,150.3401032797117,157.1789946097685
8883,146.1399100836414,135.9537933004218,149.7496899883701
8884,149.7733811190853,130.9889802342002,142.3169491473247
8885,157.5346757306675,155.9291030871141,161.5006449394481
8886,154.7278943903279,151.8861995501321,146.5094156816675
8887,145.7994493872013,158.0150062554197,139.6257647905437
8888,142.8691021264669,148.8371221841466,133.3515231404611
8889,162.2712238763984,151.316771609056,158.9940318952126
8890,151.7949435034428,151.4294429024704,143.1652720231791
8891,162.8657383198786,152.3388918966487,148.6930098358714
8892,133.7670179630979,152.0281451116269,136.6364046822704
8893,135.0175159125819,157.7463695822262,160.9977851639269
8894,142.4475725878838,153.2876709181259,159.9254500447677
8895,159.675291780162,158.3664531123913,140.9036740485796
8896,141.8231910139137,136.1345095172694,138.0016602862642
8897,143.4870121098407,147.4407644682956,139.2207515721093
8898,139.9416268639189,146.2938608948324,139.4904075754812
8899,151.5424799332778,155.165389919821,147.0225647492598
8900,153.9463489130882,145.2739703506462,146.2956100224752
8901,161.3251337700608,154.5248589193861,168.5378021286146
8902,141.7374070419065,160.7454150739239,142.9231631917324
8903,134.8097794795791,156.9857316909336,166.5962748006268
8904,150.7513862063323,165.0530024366008,151.1830534179903
8905,137.0893981774123,142.9855979834763,148.7999822154316
8906,141.93178213994,150.8713903808435,138.831554721048
8907,146.4946886303347,157.4259123074598,148.4800717532466
8908,148.9060842158894,149.486802274329,141.3048373159918
8909,151.2826921218605,142.3548860352888,169.3973072065674
8910,143.865153390386,156.7145297769769,138.3418937440751
8911,173.761261998367,146.3060500049302,150.6245548041323
8912,145.2575329619529,146.5900453690702,139.0595166117969
8913,135.6976840404301,147.3865318869308,158.4502127053122
8914,183.1758731123218,149.9601724386287,142.8516683716884
8915,143.6785965572576,157.1210681880795,142.6289554101276
8916,150.7212219101102,148.1471882778738,148.420509557097
8917,145.3389947669663,139.0965882926376,154.5278561104588
8918,152.2820061358594,140.6445306369571,150.9716658100363
8919,160.9239348861772,145.0353106455366,142.6617882005298
8920,142.6500620493645,152.0566297837108,148.7436456589787
8921,131.0952530292098,139.881221612832,150.2500947081481
8922,155.2438668178534,147.8738034198428,135.8136446042196
8923,137.3817094676704,145.9130068752124,144.5188585830674
8924,136.495155827786,144.2848162062297,142.812434441885
8925,157.5911069657139,132.1225565111048,152.4247873683287
8926,138.8844052135944,141.973636983491,142.9434583683826
8927,138.2614396668908,147.7502626283604,167.0482527831598
8928,151.0341883867487,139.283469004258,155.0628699435627
8929,134.6491854273726,149.6251127464637,144.7362290413175
8930,150.1074675157168,143.6804763758714,137.0349188405462
8931,150.8584991833031,161.7295473595712,148.087803185901
8932,139.8070865015836,143.069568081368,143.7746147601246
8933,155.7137497915579,138.408577210017,131.2520009134873
8934,150.1428957407482,138.2232952141849,152.5295867983976
8935,154.0227101895425,144.9185498779309,142.7841437804403
8936,137.7970070252383,132.1924351097637,139.3004823812248
8937,149.2577421663968,146.5829336640327,159.2881824868465
8938,150.4442132718735,151.177854500381,163.5714644696167
8939,151.5550899987504,140.4822253557651,148.7909162582287
8940,140.7740824784368,138.4020060311342,152.7152941129329
8941,153.1281596162446,136.0194693116653,165.3308814781596
8942,145.5638101313125,160.6555134951919,141.9757273162976
8943,141.8713701106169,144.0602519120227,150.9652959120205
8944,145.5796428178845,150.0078521122582,139.6729286417105
8945,153.5592016887263,145.9421213040379,139.1644952639752
8946,147.345412430434,147.4833876802614,133.7302948579708
8947,172.0905374345421,155.5396189341879,156.1159334844938
8948,139.2185025299979,139.4487913557514,152.2785056477042
8949,153.4524551211265,137.9034376423826,146.6480769097341
8950,139.0070931163101,152.7669852244717,144.6214184286685
8951,138.1355255162526,142.3714898317656,143.3999016200688
8952,151.5298487122259,148.0684989857442,164.6413009970655
8953,151.4713266672245,156.983340583146,149.3626468217897
8954,146.0417517362116,160.5243359668559,153.4889214155546
8955,149.8835615178904,131.7827720823498,155.3172214499892
8956,146.3679116957903,152.2441455294467,157.3366748356524
8957,142.7197701114453,142.2930715337525,154.8116918654367
8958,139.2865867539464,135.1532821017027,143.605593862525
8959,137.7045474456797,150.9000013641685,130.9780068318586
8960,137.9721378239913,142.6170232699577,137.4168895454203
8961,135.1919825681299,152.5327617736251,149.1452820995879
8962,141.1007683501717,162.9747219234721,151.9697525175377
8963,142.8006976485954,138.4327807267762,139.6060900676065
8964,138.6620003455035,157.0106564381454,150.2142339910286
8965,144.2831589352357,145.9880721837249,144.4978813326985
8966,134.7503423224103,130.6404730954181,146.1542015279454
8967,139.1822911227378,152.7394134914547,136.8309317571341
8968,146.1776219360071,138.9607517718304,143.8079483183875
8969,164.8406636483768,144.7642712503023,137.1924854258633
8970,156.68343296851,154.4067677007219,144.8064660816214
8971,155.9073964296227,151.2410440889913,145.2645059192528
8972,144.8173592755466,149.3294166206482,156.2611902335481
8973,136.079993836197,151.1071368394184,142.1267137421435
8974,138.7582646676674,149.7901623749695,133.24597865877
8975,154.3569773215376,150.0188815952006,150.0789513385665
8976,152.1597699015582,152.6021447894388,149.6368885406109
8977,155.6228105599079,151.7353693690731,157.8477363122782
8978,143.0225561328147,154.8719342122254,145.7431271411334
8979,153.8574823138923,148.5289612990211,134.4037451777395
8980,152.1285755489578,147.6668083969004,145.6621775936348
8981,150.6905752662979,147.7162089502738,166.270716095215
8982,140.5877927029967,160.5115383318037,147.2405528258277
8983,146.4507529086268,150.9898832705387,154.6961697726505
8984,150.0843401925267,153.6082415796313,138.6978958111136
8985,158.3617081748249,175.301546626663,155.526862545421
8986,129.7063157539364,160.7288259044337,154.1482150643214
8987,142.453393596022,145.6499604948031,155.4263042809961
8988,154.7937328827516,136.2529414532027,156.6450408764761
8989,139.2394837115689,138.9017479551532,155.019576422517
8990,146.6144738722989,149.2889688608746,152.3335833942353
8991,136.1824058499835,142.129652776879,148.0384649232414
8992,142.6004878217211,163.3191192096741,150.9683816362082
8993,147.5033643504999,141.9192899861792,145.9702630822003
8994,141.2636812538018,168.2626063251452,141.3940748354614
8995,136.695242974567,151.7685068840173,140.1041969792226
8996,151.1232815753489,158.2916851274845,134.4508768441833
8997,158.9161888162904,159.515634227337,142.8801605210016
8998,153.7238853209425,157.5638223164209,139.8555223869769
8999,141.4123395234702,155.9212724922242,154.4223563601658
9000,141.6638519344288,183.2204466124732,142.0632468653814
9001,163.8576716129026,146.1821840831302,138.2776223258359
9002,143.7528082646465,155.3620370367973,135.1366821974722
9003,151.2210792226922,146.948035764967,157.2112436466137
9004,140.1651129324062,158.236121585255,161.8173771522781
9005,148.1883610156884,148.1030203918639,143.453612730187
9006,149.1980675894935,156.1070041739458,153.0298834197297
9007,147.7287289639875,150.0128484937593,149.6018106759955
9008,145.3713505488867,157.1504972143311,154.3428188665875
9009,158.6992731097838,132.4120690096489,147.937990849264
9010,155.906932304264,152.9892031082336,142.2544989795992
9011,147.6967095667953,145.0828498505367,154.8434155204795
9012,146.1590406198945,144.6659288571826,157.5674249464033
9013,136.0610089663185,143.5494206103187,151.5286367458978
9014,147.5580003628285,158.8078036310768,148.0069345975303
9015,142.3585772839176,154.7002942527233,156.2228345692376
9016,133.5822303105085,152.933369422146,149.1638648052642
9017,138.9135748697184,143.4933745117374,145.7607066740716
9018,144.7287299834091,147.7934453739106,145.7303754191263
9019,135.954214481794,158.7034700309972,146.7771506761641
9020,159.4235283560802,154.4677306163818,169.2379227612013
9021,139.2391927302058,153.3414181460917,139.2074544941463
9022,154.7397626061189,149.4963936283834,146.0181791639532
9023,148.9733112793528,180.4138809246921,148.611627647306
9024,144.5101104028614,136.9766124266883,134.165719302218
9025,156.3467723283587,143.7035469757529,148.8302519934741
9026,146.603783485727,159.0335286420127,154.4148872355852
9027,140.8472213635301,153.5136673435531,151.392084405109
9028,145.4941135316909,157.5323150799827,144.4736847979814
9029,154.0877570050187,165.0702740729511,146.1262919587046
9030,141.8004189679594,139.5676076024397,138.89656128679
9031,153.1707523062461,129.7031704757542,144.4051544323108
9032,136.6610935913474,145.8462919620015,155.5640035006086
9033,147.9109098545425,129.0666997652456,147.0153618891619
9034,144.7138449803053,146.3724009263993,162.4337828518675
9035,135.8806694477041,154.1870065051427,128.2561289826425
9036,146.8396280773158,147.4079599829128,136.5405684827631
9037,156.9752041913692,134.9863023388702,147.2968458381864
9038,160.0302579589416,138.7911517318526,172.0772428717694
9039,140.2619747695186,164.6575381149316,148.4793356141621
9040,135.1450678046724,143.9185559448507,138.5005424758056
9041,163.8694800915386,158.6676792056891,148.9496984811731
9042,146.3007883294602,157.2718957156094,137.7774155418376
9043,145.9727928689712,142.1562301407876,152.1606543329644
9044,138.4315456632454,147.2067440190109,146.7299950704081
9045,156.1199860078393,150.6361558675574,149.5797839522001
9046,160.8943537757587,168.9839613600868,153.4011789380206
9047,154.6275894920021,146.9600594813076,135.0690581897296
9048,141.8947213523686,148.8609979223907,143.0964864710929
9049,149.775597837387,129.5450692810089,133.8782856294038
9050,138.8396332965247,147.4907766080606,145.2697346668816
9051,151.5223250185496,145.0489553190298,160.1388562680727
9052,142.5665401909075,152.5236038947652,135.7158604159947
9053,127.2285100086279,136.1951336143346,161.468174292233
9054,150.941908344081,157.6700985291294,159.3209320410701
9055,157.5751099528849,144.7891328687699,164.6671239663501
9056,143.6704068412824,152.7963010946192,143.3566926374793
9057,139.3908491131283,153.3642883795947,163.0128624010154
9058,150.3003010694824,146.545572161413,147.6914118077786
9059,149.0669649870495,133.5143756728411,143.7366610378378
9060,145.696964877346,148.4121261481777,167.2261938731182
9061,151.44757591629,145.720294669669,141.9498134914552
9062,159.7893443195342,153.4632007846012,142.6408649428366
9063,138.1183788317333,153.7965063170731,142.4897955662315
9064,131.2356663037529,144.6550801733095,145.4943624209792
9065,140.5220204731922,162.4971622894721,147.1529029220166
9066,135.5489023353019,160.289182136943,145.1640018747218
9067,137.6581012521367,151.1488901196354,148.3649632744851
9068,144.4404942498339,146.2450132594417,133.9049016106715
9069,157.1109144765182,158.266360626673,151.1503761082917
9070,130.8773561164548,153.9396364429831,149.8911021071829
9071,140.7587720153326,163.9644123487083,152.8736321222593
9072,152.5273250406459,135.8524288404996,145.4433715412595
9073,142.5849197040723,156.592229991235,170.240495495479
9074,146.6931866092864,139.7913196842681,150.7030875932501
9075,156.5907091847113,142.0714087967219,141.2833558495888
9076,154.5222613603273,152.1907506429241,147.1582703346408
9077,133.9670332541666,134.9326180706636,144.9157643266814
9078,150.9638471109788,158.5786735670016,152.1502295471088
9079,158.0214524706163,145.7253330988008,149.8662270003933
9080,150.5063102765115,145.7401870351248,153.696144313706
9081,143.3224628910287,152.9923199159325,144.5978362098428
9082,148.1444885327103,155.5458838416994,149.2167824594131
9083,154.4377594122466,146.2832943625446,151.4974828876352
9084,160.9223058531568,159.0238825069807,141.0251650256177
9085,160.469483434915,164.1382728474583,166.4942426846785
9086,152.4387389749911,140.0667203389804,149.2130014787722
9087,138.1589171649777,163.9771094138538,150.0023913583639
9088,139.1921200041195,170.1051051985108,140.2384876958269
9089,155.7853211614577,155.7220471608406,152.7130547144323
9090,144.9173748132278,156.1531934756893,155.3337002116223
9091,151.9147941277734,147.4309936958047,140.8155510264359
9092,144.7834455728757,143.4954121439585,141.4465395787812
9093,145.1402734482766,157.1822326123635,147.1558519580116
9094,148.3893928351067,154.2896947808226,148.359943976973
9095,153.0253789277157,159.2160798003163,136.5355151082147
9096,142.0441682703186,130.4661013751685,149.6408577010742
9097,139.2242293701757,149.9203687248792,143.6138830656595
9098,141.8202844404625,138.5332864644201,145.2123985338579
9099,151.7140344589377,144.5879710325729,164.4032939261858
9100,144.507918921326,136.3016456700188,149.2152351096608
9101,152.8334516124217,160.453749727584,130.2435645970231
9102,160.6602679728629,138.7049438751884,130.8016435821183
9103,145.1578664645596,147.0465584239391,141.3594321986635
9104,145.9722618801751,134.9614786258262,142.2029238278631
9105,146.2910386285754,182.6100887420797,144.667809690535
9106,157.3043762026612,128.6885178477925,139.0114720974452
9107,153.5283261694183,137.3952560911838,149.0168395235415
9108,133.809816353522,154.842879085473,128.7256995866808
9109,147.9707503101712,149.6957417891222,139.2182724701374
9110,154.9217185774129,147.1461293755628,163.456807337654
9111,142.9828784724519,148.9517818764538,136.7018217995578
9112,147.4303880011261,137.1970118542887,136.9027612701419
9113,140.3102621008817,140.7053600203747,149.4126808648577
9114,147.20403081501,155.36300578604,148.8300668133445
9115,154.3923531772022,153.9741905210826,146.7171312192309
9116,146.1693992432932,144.686854974526,142.0553740961063
9117,152.4878443759825,138.3595820393011,136.6104786439299
9118,150.7310140198474,153.5376151698134,152.0351264199811
9119,140.5221493036267,157.9378185658281,154.0890185515123
9120,145.6440940303576,147.5932140836397,140.8525162433932
9121,155.6682403665674,155.8788591322648,159.2193774915628
9122,159.769783334916,144.7401841487302,141.008799174221
9123,150.9179666140689,158.3197867544364,143.4295575773223
9124,144.9799714514777,141.546153470497,175.7292709995236
9125,148.3958546359982,140.9313687518926,157.698763746888
9126,145.9899693224672,144.4112325360739,142.786513624975
9127,161.6803336492044,149.3078715832505,158.7814170315189
9128,162.4020507767226,142.9807649519351,145.3989770121146
9129,155.5382629785302,153.2519579388347,144.8677983838879
9130,140.5644998715782,146.5307551019868,153.4549914547374
9131,146.2298377178739,142.1510477670527,149.5096200544378
9132,136.5091633969295,157.4309390824329,151.569865186001
9133,144.2160404576449,145.6912460104181,138.5818679329195
9134,156.9944607486842,145.5814018853316,143.2731323998459
9135,150.4534371237959,156.6392223386519,156.9881856465725
9136,139.4422891018365,140.2395098496753,139.4846511671245
9137,159.0923426194032,144.0166952935798,128.7503114753291
9138,144.3606612741715,146.1811613685942,157.9246533921122
9139,140.783167559309,155.0100654946601,139.6160832436076
9140,137.2992479619121,156.620509910128,157.6194814737781
9141,153.4309508687845,157.8319034837752,154.0844107160132
9142,159.6002504080187,134.6458322663366,144.9372529069929
9143,131.9363000968218,142.3148565959596,141.6394749176613
9144,150.9881665224139,164.6431025484659,135.2518056783176
9145,133.0117058447829,144.9417585220062,152.0876650596249
9146,164.9896967348115,148.7419218836509,142.8802409284312
9147,143.1862953612399,150.5224403880588,150.6461635556967
9148,151.1757947870078,141.0371318453828,140.5913930512148
9149,152.9022020007221,151.1291861430382,153.8824813507088
9150,152.7514922299079,136.3787464078701,146.7959639035126
9151,142.7788550492895,148.102468585938,126.0754816715537
9152,168.865494433035,143.5898547661654,148.8205135046489
9153,139.9019027347792,141.4453966907544,150.2746798948316
9154,140.3254954570196,149.6058249320753,147.0810786536364
9155,141.6800677500433,132.9689384908666,143.7782030382463
9156,149.5258320596037,152.0608631972285,143.6645739823622
9157,149.5550602022118,138.4441936606471,145.9899279841228
9158,142.5883132175746,148.6430271064982,154.1854026035056
9159,123.8291178840083,141.8524348588916,152.1559895727264
9160,159.6984658632071,157.0508623843159,136.5984725404114
9161,146.5663958974608,138.5117450317688,136.8773272551847
9162,141.0560562830848,144.8587355299933,146.9823581455705
9163,147.347942415559,153.4239091526322,137.9301905182299
9164,151.5846888188599,152.9301589588088,160.1258897795908
9165,155.3229425867174,149.3865453022314,143.2582598860587
9166,166.368089869554,150.0635681178571,153.8977087029497
9167,137.4738987786776,139.0375648917384,147.6413913130415
9168,153.0947444557597,156.2226016620519,174.6322402215028
9169,155.3363768144483,152.0222272864057,149.7010107806431
9170,168.606171705748,144.3111629499324,149.0192250959074
9171,145.2798523000957,153.3032777208413,136.7377944710245
9172,129.2972797451602,142.3615046414507,144.954908534355
9173,142.0712497582379,142.4166119209129,134.712559153704
9174,136.8851869882277,157.4219259507989,146.3164637467516
9175,155.0794815399746,138.1055018629236,169.182913771707
9176,144.6910565172839,146.0183736335621,142.6995328973242
9177,150.5605721492252,155.960692301738,151.1773300745944
9178,149.8807432913863,162.5208194982023,144.2386504508469
9179,168.5259110802341,156.2454030589028,147.1655224269796
9180,146.4522401441204,136.2659087525697,156.0888821080917
9181,139.1343286866674,139.8280322755864,159.6879811101719
9182,159.2697188524501,143.0909718349171,152.5450226121874
9183,131.0521397774599,161.0331685878818,161.2843400966536
9184,148.921755553373,152.9657029737629,148.690222285977
9185,137.3961391750745,141.3170392213179,144.0058620863691
9186,166.6697476416339,151.7749346290041,137.4873805748869
9187,151.1378270934917,160.6116407892466,143.7840523340347
9188,133.1548367311701,154.357921919102,133.0619615016413
9189,148.02553004334,156.4038979651397,149.8632466074618
9190,146.4268388340482,151.6054592792633,165.0486475499422
9191,154.7506897614209,148.2743829049344,138.5962502578414
9192,144.4950638233865,138.6611540733419,155.7494182271398
9193,151.2017890879583,152.6448432753459,138.3879618783542
9194,145.8374774431696,139.0255994147385,144.7913967792314
9195,149.5213789573404,143.228859178782,146.7810959873124
9196,148.1156675203207,171.5501514270958,148.0977760801772
9197,140.4385644742883,160.2333229257345,149.6663380237418
9198,151.9134343720272,160.1029500601908,139.774620514454
9199,148.3785041551102,144.9879047828577,149.9554675330575
9200,153.6144889408324,133.2755783184186,153.5821750373631
9201,153.3892145263412,148.5922351041985,153.3899361272416
9202,137.0172278290197,151.4891255596791,150.0620023666461
9203,140.383310367708,143.3895631039576,163.1358005182539
9204,143.5235779995832,135.3681843463855,144.0493066222831
9205,175.7980255102576,129.3121337838915,146.098269297617
9206,142.7190850353211,147.6247264228236,141.8045171929376
9207,165.6119780548751,148.9291533032052,148.7729414420089
9208,138.7872549455853,144.4323994588581,145.5752129758636
9209,137.092550505665,148.705806061503,149.1779156950173
9210,134.4199085099904,138.319852497578,152.6634228269089
9211,165.6309333320841,145.2935984313202,143.9268465738994
9212,140.5533772381919,148.4317279087907,137.5069526706662
9213,146.7176038802256,132.6417138486535,138.1975347445947
9214,143.5007414087521,139.2984497034697,148.0341048391743
9215,136.196628062245,152.2153464737841,159.7049808613231
9216,155.5169008927927,135.9122852099702,137.3591756412074
9217,147.160340745909,147.9275682896414,147.9473376972936
9218,142.0253249768498,133.9376199393374,163.697043053168
9219,137.5481506147893,160.2452519526442,136.3755407484479
9220,150.5854891101866,147.2278671732458,132.2281744557321
9221,174.0716819875351,147.9305941282768,140.1813179594924
9222,157.8266025194465,140.5394089680213,152.2171648989447
9223,145.9570935238104,139.5773970913746,150.8925813787495
9224,153.2154442909386,148.6959680324783,147.0696544822804
9225,156.5431852003879,143.2087486757431,151.6001438684933
9226,154.3785681322047,149.4138957736207,149.7467915297901
9227,155.2738338024851,147.4846450042386,152.5382206522559
9228,155.4774603446212,145.694802158771,147.5018994103434
9229,149.7920720890843,143.8791535487463,153.2266628414091
9230,125.9527224194834,148.137094208585,146.4021049471093
9231,163.828470459381,153.4957963098024,145.1518261145235
9232,163.0196306190282,147.0267262704376,135.7532517981288
9233,152.7385478719295,158.1681921722913,163.8530530248871
9234,152.7935709155315,146.4946137488778,147.9398109204792
9235,138.5355485331836,150.5711654738159,150.5722348781446
9236,161.5650923195435,137.4510152389169,140.6598382286868
9237,148.2173588102085,142.046265509076,145.2467130256524
9238,142.2022229571455,154.2438498721098,152.3056267959854
9239,146.9284086210799,148.7166549993676,136.6521811729781
9240,154.3035361259297,153.7007290703212,148.7380455889292
9241,145.6755486580549,152.6982118753205,142.3419116118682
9242,156.3376133324504,141.9776965385152,157.1327872897758
9243,148.6674106727236,144.4271235562712,143.7200648584581
9244,145.9676992728961,150.6871753694993,135.36092369349
9245,157.3697322991318,151.5450132981098,143.3888969534576
9246,137.5244647542441,141.19579175073,156.6236209942992
9247,142.8977839978236,147.3038858356373,153.4048328962883
9248,137.0796553743266,152.8009302007828,136.1378796069314
9249,173.2289920609178,146.0660091233568,136.5072296409836
9250,148.3011689662108,155.2051380669166,150.7794162981606
9251,145.2714817978227,144.1716440609799,158.8958469263783
9252,150.440381874219,152.2120350576551,146.0728141154594
9253,137.2361817345964,145.4027720837916,146.7180206565284
9254,147.1912931936922,163.5999850037898,121.1296490001783
9255,152.7843819732163,141.3297893605872,154.433050726673
9256,137.5761347150539,152.0480813897287,136.5122430447023
9257,145.8427347857429,137.3200367731037,156.7609110890997
9258,161.8057105335671,143.7239218875769,129.4304568380166
9259,140.9229625620241,152.6054887566198,137.8369194445354
9260,150.508797738835,159.3829804458766,143.0113442254638
9261,155.237822582599,156.7246569178991,153.9866165831088
9262,138.3357865188206,168.0153599315582,139.461975413806
9263,135.6196021380936,153.5853505971849,152.045808302397
9264,137.3702753558958,136.6264803252365,141.9419634882572
9265,158.9472762279806,140.4639319532371,149.0037072474746
9266,164.3603619838439,140.4779469353401,156.7527403026261
9267,141.3142882705799,132.1823163876776,143.5287391079502
9268,143.6562922128792,150.7072870193293,148.5212531959893
9269,156.4042947936401,135.4526507126856,142.3489412864921
9270,150.0054897428311,137.0312054002604,158.3185949721559
9271,129.3238959090553,138.1913381842683,146.1618245990369
9272,141.3254648992835,143.6670412690911,142.4891296366092
9273,158.7187503808484,146.6239453771473,130.1656201436836
9274,128.3419707319883,155.4786949096515,144.4937490939488
9275,162.2923515917444,153.4366824618353,146.6694417752194
9276,165.4879657347089,140.6637654914344,157.076144586896
9277,142.6798834095561,158.642013685464,137.2093387609566
9278,153.466240997025,155.6169411697902,144.6360963695632
9279,149.545331076678,145.9640258636614,141.1278403887531
9280,148.1512472607029,150.435956505295,150.3060893279582
9281,147.5319509013903,141.6136510992809,165.6182489966106
9282,145.3832309845762,137.9177036060048,143.6721490759169
9283,135.217274880275,151.218079209278,131.6851626102818
9284,137.4159898244279,160.0363069308092,151.8491908950572
9285,147.4168019838793,144.914917984025,143.2795693522012
9286,140.2255941367425,144.9362252833977,144.718660698902
9287,148.3531389910322,147.3069724218222,151.4076151670976
9288,159.3587351794729,141.9296563109356,144.1686232122957
9289,149.4389625232127,137.706233588508,148.4853804117752
9290,150.9525725531075,153.2648194133126,141.0729163795809
9291,139.4388603645153,157.0384539587289,140.2262082013672
9292,133.3362651789298,153.6269966524864,159.8635043869628
9293,137.1563364488716,150.1401214587478,142.7216682541159
9294,145.286488294922,148.3081338677976,147.8105994903699
9295,139.799450486764,138.4505967945669,140.7008439579898
9296,142.2352531445578,156.7154244391915,156.397696685714
9297,148.9075623547338,153.1266727398922,146.7858089406616
9298,151.5630785946003,151.7205921108038,149.2630759724263
9299,140.2201212562029,137.0012624610172,161.7972183872748
9300,145.2184870565909,147.8805270396091,146.903114365805
9301,143.1193553505553,166.7011998787877,140.2086269052594
9302,144.0388848748725,166.1589295767594,124.6560337171732
9303,150.1005264851367,147.8116391302624,157.1848867798156
9304,156.086975026991,150.9480309926274,160.1390224912632
9305,139.0313665662251,151.3570360328157,164.9380196439489
9306,137.3230846711903,151.3368147900757,143.2173841848921
9307,156.0144747721905,144.1733276188922,154.642956134076
9308,148.035889280667,151.4191539213006,175.106236637305
9309,148.1987377700054,134.9899274617687,152.4815095233763
9310,154.4652527755893,156.6605781948435,148.3948921674771
9311,145.9867245344523,167.9414713753926,149.2943976096653
9312,148.6221953436435,148.5496524150668,148.1513565869305
9313,148.3765495886702,146.8146059207772,133.8419285980537
9314,140.2411880215022,128.1994713032916,144.7621299573593
9315,142.9279695385162,152.2222115148984,152.9000807267591
9316,139.468663576092,143.5278731211252,143.5452586673359
9317,130.5661508164909,132.4830981390398,156.5935722264426
9318,146.6198289253204,160.2780501693373,151.9980363836598
9319,148.0624222586578,144.5292614568056,136.50791740877
9320,132.9160549677185,154.3126576290283,149.4923107993232
9321,142.759578223693,145.6095092167986,140.5147431201237
9322,157.5306569322535,152.2673504239707,136.5118214133913
9323,137.9543977841419,154.6674008317981,131.5309147137211
9324,139.4739116407538,143.4729316835483,157.9305518551708
9325,152.5906809980364,150.8532091926766,140.4559233553415
9326,134.0129024765366,151.5804915069508,139.2554346048252
9327,147.1276460091312,150.8486723203658,143.770912026437
9328,135.5706586118073,155.3774933363436,145.1999040475672
9329,138.5445976796823,144.9149289763015,145.577901327182
9330,151.6570813379489,146.4786613873771,145.9544776731372
9331,147.206522890206,142.7580608169968,162.6790632233131
9332,142.6611259177018,143.8861646985961,140.6061153021987
9333,141.4386817662714,164.5168318782198,178.2526254444136
9334,143.1027740711375,145.232039990763,146.2858893938967
9335,135.7112289721171,154.6574898730309,146.8264468522963
9336,143.7862464983586,158.3067201354627,147.0407595238055
9337,140.1629085738352,140.855138063652,162.8073559345495
9338,145.1265457876833,158.9063474498443,158.0872706334132
9339,150.5214555823806,141.6859387963403,150.5519716321662
9340,146.1528985570535,150.7968009297822,156.6088799249694
9341,167.0179775054346,157.2158152122741,161.0043161797716
9342,139.1874209531591,139.9145756004974,151.5513436193074
9343,141.7038951323146,154.0486384061833,145.4616749416308
9344,143.8019548818443,163.3634721487962,162.4818549933683
9345,132.6563436436432,146.5972338120531,139.8357920614739
9346,145.6911965949153,129.6365377956317,135.0968960289107
9347,146.9174486661782,162.4983522954672,155.7780649921692
9348,144.5570526681495,159.080171792691,132.5268849134084
9349,144.4954379311989,143.3575654863275,143.9627974752337
9350,158.9962421146079,152.4892805819784,148.5435912621711
9351,146.2913390740147,151.2044046371427,140.6792305710314
9352,153.4928116896289,143.6403813513701,151.5053377215895
9353,157.4052184319582,141.4660435897951,143.2397612995211
9354,157.3960313917779,133.099979578815,146.3025289059219
9355,144.8310342654061,147.8354749633108,132.9088702895189
9356,147.3563068246337,153.3966553359817,147.1440941039041
9357,156.3487465449376,136.2357878267374,157.8162782226132
9358,146.4152968816758,151.6328883915162,153.523125211325
9359,156.399831660445,149.2791532117535,151.7283758473616
9360,155.9603388244874,154.25388505338,149.7518376033098
9361,148.7451737151894,137.8481998245948,172.8883837459046
9362,148.0816450819583,153.3531004650833,151.558425973659
9363,147.578944294773,156.7828433952076,146.4610121913076
9364,147.6966933017347,135.5596001378031,157.432054251702
9365,145.3754935087048,148.0379237802559,136.1681367912769
9366,138.9390426274273,135.2004156899991,159.5844111580243
9367,145.8029252623896,149.3872443750013,147.551897948663
9368,131.6496425481805,138.2949972460149,135.8289152478251
9369,140.31353812366,201.1730209676357,149.6279074684833
9370,158.1739195405062,138.610682966836,141.4029460461505
9371,144.2181892843233,141.83313251045,146.5953079390677
9372,152.1612521943792,171.1891477101904,135.0915124422393
9373,141.0428803301373,139.8639957221363,147.6352437233278
9374,153.3176845020287,153.3154708868929,143.3001340985528
9375,132.9890301888482,162.7444681819389,159.9696290896544
9376,151.5713425504802,140.013919596283,164.6690617379596
9377,137.3358242226128,146.8853379738116,160.1387266541272
9378,143.663661862531,144.2053340568561,147.5875305765097
9379,148.0821707586117,152.9238744149808,143.4353183779996
9380,135.3528402285588,139.7491651598937,165.1020195231226
9381,146.2534161363911,144.7580781718701,147.6875718892636
9382,149.9554885467508,155.8077258463719,161.8567999943428
9383,129.9666170716415,148.7642231604268,150.1693536768802
9384,145.4699447684162,158.4175267637651,147.8106959748408
9385,149.2978887902749,142.0351495679886,155.8572498745293
9386,148.8911913992942,140.5049045241392,148.2387852501963
9387,160.5495264109031,156.6939321990013,137.2541323976063
9388,151.0205557264204,148.0947674724068,143.3161277651199
9389,138.0977893468431,139.1851856501536,141.9751168554835
9390,149.3988391527677,159.2644258004613,179.0145980468294
9391,149.905956824542,138.1135485322619,135.0275388318085
9392,158.6435202290457,159.3605870709588,148.5705109697043
9393,135.3027717215413,154.7689684515345,152.694641469872
9394,151.7721953984495,130.6468961812673,143.1015872026913
9395,151.3216426789365,148.7815528593398,137.972622850212
9396,153.3422737936753,135.235329009478,150.9842780596542
9397,142.76166297001,155.7081653379846,156.5538193549417
9398,161.3485031685202,141.4419787622183,142.1593396430914
9399,151.3117216266962,158.503642586346,138.8717898150534
9400,144.0466980011074,160.8409125718615,149.8461485215288
9401,140.0914967101754,140.6111435980908,158.1660313002392
9402,138.6890958543869,138.5215578310633,138.8948558418975
9403,134.0992279966507,149.4899956998831,139.0919995259094
9404,141.9803565378834,157.4455673092006,153.9563577475731
9405,133.9885102713348,144.4739409718761,144.7070552774074
9406,143.952646190378,158.7757244096213,137.7540274647105
9407,142.9814143477832,149.9671741245424,152.6775188926124
9408,148.5095042652458,153.0831059023874,152.463472414873
9409,143.7970486468309,133.3924053020271,147.2738618388233
9410,149.1707425803689,159.11545673297,140.5507099912006
9411,145.1846163160531,154.7267432582137,152.0252483562244
9412,139.7815261472694,146.2346070905319,153.34541549409
9413,155.4216367587877,149.0086012538127,145.4003943552204
9414,135.8001126732009,152.089914686516,149.8288756550713
9415,135.385049830075,156.1228879064937,157.4023349523862
9416,140.3176001710131,137.8223001190768,156.2744977393925
9417,134.6790873785042,142.3216307339638,150.5624057475767
9418,155.1630661016934,137.804951636794,153.2750621556637
9419,143.5423659341843,141.8362199057,130.0019393811023
9420,157.386864141461,160.7682900751118,148.3754073034986
9421,142.1935256516697,136.5270446256871,145.9365181121144
9422,136.9396106149645,142.9341466452109,129.5471277034987
9423,148.7995014325244,146.6806806362424,152.9594175958195
9424,155.6605605987214,149.8328151786694,152.2113402893853
9425,151.2148223969752,143.9974369717929,129.1962085386124
9426,136.9134965822319,155.4061927567939,144.9817116056758
9427,150.4218455064153,148.86045272093,154.9694530912233
9428,151.6450080773714,142.4536284654781,173.4771505383151
9429,160.0205109922356,148.3817644144771,139.2983092020592
9430,150.8881782259984,144.9141042751961,147.7503146833348
9431,139.5652517419634,146.6109108350694,141.0616585634046
9432,144.0900265279131,158.0649324412012,142.2330446745637
9433,150.1120658101257,144.442057352864,135.9349734158596
9434,165.5623130781673,144.4599054368059,138.0271404062364
9435,151.0523319253483,153.9214777706107,150.7186838262385
9436,143.2668488541686,158.0933916662834,152.3563207392217
9437,153.327528913779,130.8737816262232,154.5753496232403
9438,152.0347987376709,149.5646614125149,142.1789550244226
9439,136.9947123760572,141.5799429883428,178.1237873414203
9440,133.1081225455937,146.9866671802697,139.6122838471885
9441,152.1255227988528,142.4744810322031,149.0407073210075
9442,158.4747513704365,149.0663429667328,147.7466108583797
9443,162.1931281405136,145.9263539488148,137.0154934183985
9444,145.2624878692842,161.2271362947216,141.4822790719072
9445,138.2267734140367,152.105660982907,147.4351832483177
9446,142.2431555013428,155.4895900506015,164.8353537946557
9447,148.3052835123188,145.7947491118603,150.1710772972495
9448,140.5112138654408,143.3198714014084,140.9784853787925
9449,129.5844059911036,169.5086501605781,151.3225266227373
9450,150.4942338196687,157.7490665963994,144.1452326129316
9451,155.5170165318585,167.574910964802,141.6128177000543
9452,156.1715962715754,146.6274988578928,161.0136198626832
9453,136.6895870682699,148.1767154613224,147.2743162574031
9454,148.7122684100507,139.1229594072589,144.7147781087876
9455,155.5414063750678,146.8768275242838,144.400189428467
9456,131.8668949076109,157.2094024446673,144.4824162450297
9457,133.1602121833928,158.4100657686616,149.5124288254268
9458,142.1594564892821,135.076560649255,151.3862057297347
9459,150.7721687080688,134.3050137774798,146.082150860894
9460,142.2464097576821,152.234238394552,141.5801076210963
9461,152.7925826573261,151.3526071401009,158.5065468161748
9462,145.477801030012,141.035598062775,150.5184853947369
9463,159.9551140842631,136.9697406157515,135.1116631357947
9464,168.2941398220364,137.3842235485688,146.7777519504735
9465,140.4767716031804,149.4479342428339,134.5752341550309
9466,143.5168221160365,153.662122159194,140.4418610749451
9467,134.1616874407784,136.3974386500426,136.5313386809457
9468,143.5250671817948,148.4004282971467,143.664160507317
9469,139.3315067679613,134.9644987002393,157.8846071175688
9470,144.8522844426975,145.8974784218654,138.718008826031
9471,147.1885508766316,145.7114949943306,149.7001236077478
9472,142.8981595243084,149.7284743783862,147.7385646919447
9473,144.1174801059166,145.7693036989338,144.2260212402239
9474,170.3058295567829,153.3833880892391,169.2819238805965
9475,141.383068268661,151.1826172505955,161.00008338347
9476,144.0920491713305,150.7671182699393,153.6756597358093
9477,137.0737483655987,151.9401703887239,140.3742035450878
9478,146.910390274491,153.3396726518188,147.5385455718786
9479,163.2379903945267,151.4897976368792,155.3741056846989
9480,140.0673322261942,142.9182022092141,135.8760287043443
9481,136.4491355735673,142.8465376017258,145.3407250702824
9482,148.3480876045833,158.967756942636,143.5001854541016
9483,155.1907237720039,143.0143894668444,142.7377691331629
9484,145.202237353665,144.0384751494833,142.3266113578817
9485,125.3093419385635,153.8230735474683,142.8261980358715
9486,137.500787120561,140.7455395884267,139.2895417941492
9487,133.721601724509,149.9736155384863,151.4740482449446
9488,150.483637819394,148.7152400867407,133.0664710814324
9489,130.2314869452632,143.6204936512022,150.1844471791526
9490,141.0688128060906,153.6564080606291,151.3056008171917
9491,152.4702630068834,151.0820022124684,143.0306935709247
9492,136.0148941119771,135.7579695143903,155.7885957374521
9493,174.118669049799,139.628749542216,152.4726873857554
9494,150.1310875831152,145.8666565668519,135.6328943367819
9495,133.0174060153553,151.7420292031818,133.0188409229794
9496,147.3175944661603,154.3799799323266,143.2836445847545
9497,144.448514129288,154.1840201255243,152.7600448899123
9498,138.3481660208981,159.3791104735117,143.5706564541116
9499,147.103788170359,139.4482865473491,149.0715875013807
9500,146.7055405481209,157.4683515059015,147.5771923966902
9501,142.7693193642054,160.1845166437254,154.6776793269702
9502,148.0964049572893,143.8342491342591,146.0945599776304
9503,172.9544304505468,158.111013921044,152.3318994423804
9504,145.3340360020022,146.4531353779631,159.5572832933879
9505,149.9508539215918,136.8954523322221,150.408585345062
9506,150.3315324939188,146.8585171261371,154.4702968138302
9507,157.757284495686,157.677530425393,153.5315881888461
9508,141.6066415703468,136.5152482037839,141.3210342477608
9509,145.0548000921224,168.9398670372832,155.0147287429003
9510,146.3474160016004,141.6649676438959,142.3975649200982
9511,147.7067474066102,142.9911115831351,148.7640921603034
9512,139.1287825991125,134.4875070005356,141.8147778969218
9513,137.3536458485952,170.5265332634453,153.7817625541337
9514,129.1606708326591,145.237992688114,139.6083660341247
9515,134.3092738756438,151.500301092531,148.3445418478088
9516,154.1401383937375,168.6039529343383,174.3911882324481
9517,151.0477111181459,153.9498489454239,150.5520961338337
9518,145.957642226075,159.8220493016374,139.2350818835155
9519,145.4486984464687,146.3642309469417,133.0690273959524
9520,142.4695540041588,130.1327435720798,160.382728206413
9521,145.1816952380372,134.7209201957632,135.0508437662782
9522,145.0731419277081,141.0374929178585,137.617491989943
9523,149.4779721840256,143.9803467878497,142.7477600395579
9524,154.7344409179281,137.5439709977283,149.3810161284289
9525,155.513669041788,159.1334393158681,143.687166879715
9526,143.2901349745293,157.7521762246703,150.8253260343688
9527,150.9568816040058,146.321372563722,157.3774736176627
9528,144.0311547409917,138.1500584377676,136.3666462856236
9529,159.443496972163,156.8260125202231,155.6562963115605
9530,143.5502624821605,138.1614199898771,150.7607880133712
9531,149.4151984409906,139.1481574984156,150.8212262578494
9532,156.8410004085626,143.3690788501917,150.9600367205119
9533,157.2011515348325,133.185167888186,154.7824479375438
9534,151.8061076260387,135.0227972835301,144.0670500162836
9535,147.4170744534633,148.0719846876243,148.7701865379519
9536,138.2777687156597,150.7964818244828,147.7915913485931
9537,142.638146753371,133.1360452228366,148.6879212706901
9538,146.5529550755858,149.4639665725722,155.640764783777
9539,140.5728228989069,145.740894978929,154.8804271086994
9540,156.5746277498673,157.0600645803275,161.7836572509935
9541,143.8600653234883,154.2039382907085,157.5606558680147
9542,141.281721340116,138.1872005503885,153.0715754083597
9543,124.8797818143028,138.5948904304637,151.7957886660601
9544,132.0376890960047,149.0622321498611,152.1894939801545
9545,164.858375460972,137.1635887838379,141.4675103780625
9546,140.9281548945505,140.0278361338315,142.281933194161
9547,145.8071126959322,142.2698684243788,153.685011738053
9548,151.6489717311658,145.9198794754446,125.8584581723709
9549,165.119847559978,135.5998573238029,141.5323889383776
9550,147.3960544145363,164.4964607944748,136.8375687880942
9551,144.0883618234227,140.0781529237728,141.956759139759
9552,155.331107572774,150.5702936403173,146.4944212224993
9553,154.9520045193125,161.7681993274789,141.0427975219941
9554,139.3855483811884,156.9160260470726,152.0891466432159
9555,141.2217756124148,149.0173288018204,131.9741463255576
9556,163.4486933800073,146.6513828666683,144.5573492631955
9557,145.6399286429888,171.8984653069803,147.6415095479753
9558,147.5106224479716,153.6300301146061,135.6868467894689
9559,138.0105937289566,135.567158321163,142.9753962544177
9560,153.2108204942853,135.8124837050499,127.3381592248111
9561,141.1411959355747,145.1750086689261,155.1850534878417
9562,135.2678600987631,142.9463798110521,154.7893615460632
9563,157.1696561184779,144.4598500551589,151.8101953205998
9564,157.7156077456253,144.4860394759907,148.1384137821044
9565,143.1685828277527,153.9617317589127,146.809987149756
9566,138.4624025592578,156.1658317976827,161.8911390145835
9567,139.381846297738,148.0052354080737,160.9252593752432
9568,137.7773602322714,139.0179982930552,149.64071926246
9569,137.3211988259206,161.48478185129,161.4968922784647
9570,141.6266736565961,157.949376132447,143.008699735977
9571,143.6394722730386,158.2956016574278,142.319741857634
9572,127.1456165134122,159.5917110855431,151.6134153708058
9573,156.8919766749387,169.1015938665939,143.2282401105357
9574,170.4242476482308,159.6811241605285,157.8882884545293
9575,156.2125095586238,148.8717282227248,157.5362709671268
9576,157.2643626480346,130.2221347088272,153.7124670671967
9577,150.4898992305212,141.1789808240869,141.4387000024208
9578,142.5141119534161,159.7499094768669,150.4024374359316
9579,145.5395314772038,135.958901008804,157.2432198523245
9580,161.3080924421837,168.9115431648108,132.4539961290053
9581,148.4026918772356,155.6498493230197,153.9324202055538
9582,153.2640528696431,148.6203065941788,131.8376279168812
9583,145.2028126893135,144.3671619812789,157.7820683890825
9584,137.9971657701186,147.9512422713778,143.8485358896108
9585,147.0144269967894,135.1332199960016,151.4384129762082
9586,143.366833412547,150.5380719862131,152.4466486576836
9587,151.2434063953716,148.6744778618103,148.4058176941794
9588,134.7924824054995,130.9086929495446,158.3179356763754
9589,170.3439208765883,152.5743679096423,149.2278015865861
9590,152.7097422923928,157.5268377221824,156.5561564468813
9591,155.3932379270675,138.0717241182703,148.406889976398
9592,154.3740149640405,158.7428818454662,126.7714236267154
9593,130.5957022528543,143.2829263669481,148.3267693048419
9594,149.1021586334405,137.5195362241957,139.9629441042465
9595,149.4043917012782,146.2128525409975,139.8468991838112
9596,161.0567954779669,149.3653175872356,150.7938609345863
9597,147.8690646014121,151.8135685373827,168.1994712747461
9598,154.8867482370087,146.5530990486834,148.8205375220757
9599,137.3176329972298,143.1466075011286,138.9585370323772
9600,153.7198651210763,140.1111335553254,140.9469102339539
9601,154.191355113255,145.8354045403029,155.1272001277597
9602,133.6539402488264,145.5657480517939,138.1061707683621
9603,145.9781166638484,148.1195678788351,138.1230633958332
9604,171.5274062571013,149.3328876615871,155.729813326781
9605,149.8881395162293,144.3099638015123,158.7934868815256
9606,148.6947923797929,146.1683217727595,166.3347837719449
9607,153.9440407329176,164.353223266217,138.1457535841191
9608,147.9861864402953,129.1431456144263,156.9316385741406
9609,144.7260104348893,151.0876823539528,149.4680259839611
9610,147.4704048964584,165.2103876267928,130.8494215399393
9611,141.2038489870095,139.9266600726613,148.918492618317
9612,138.3937991987194,136.7773741787091,149.2119944301981
9613,155.0209087188699,151.0144227361286,160.100709823038
9614,142.6965697355574,161.8908955750308,143.0783056957709
9615,160.5200997639739,146.4592470935083,135.0547745416479
9616,142.7373517158897,145.0179913718556,140.6086250692812
9617,159.4231562894662,146.3366844752371,148.875195359394
9618,145.3171705209744,156.6014982294773,142.4928437630187
9619,152.3417887435237,132.5621000807652,145.9147738532484
9620,148.3448583538412,148.3806512919016,150.3999663900535
9621,147.0830912536225,157.8579163230134,146.5490535254561
9622,146.9707422266532,129.683212466669,142.6289307183229
9623,156.9924749748043,158.3624844829878,161.1346606530174
9624,146.6304148680845,144.9845064151181,151.4973912216579
9625,162.9532209569776,138.2723222272818,149.8104072015683
9626,143.5392636008772,156.0682813333346,137.2974532627312
9627,155.7309915221248,146.0410410410889,144.6346112291895
9628,140.8687038563155,153.6378938515361,157.2428196150359
9629,156.7722506198744,152.6972720823579,150.9069502678521
9630,142.9165724244505,153.3871713657375,152.7243804661447
9631,161.8835634502076,138.5566180569641,166.8562382055627
9632,146.5119909210954,167.5153202047299,128.2548546933126
9633,149.5062425098822,138.2717678471836,138.3260554769059
9634,158.9308093988499,136.5012961720948,139.0708968859088
9635,160.0786918118313,150.5448282917048,146.9717024010847
9636,161.2897826337898,142.7997711373597,146.5396665937247
9637,132.0462754233958,143.9544889405742,137.4355412670975
9638,154.1937179920713,161.4548543901032,142.2073728430492
9639,164.5975580568725,144.4869721977931,145.2066178030028
9640,146.2177084035023,150.8301568155457,139.6403794995039
9641,145.0643509636909,151.4562021972463,141.7559766934939
9642,166.334883494223,146.0482261573588,147.174959447765
9643,138.6810246695436,142.5042875734804,148.6723778124486
9644,153.2857522830218,152.9813836154218,140.4146567894726
9645,147.1822963486048,147.6172230659469,143.8247185228612
9646,159.6860715416205,150.6833241910286,145.6731216145109
9647,142.5286475004633,156.5950008756934,159.356165083983
9648,152.9638519332605,152.7700300359707,132.5321797502671
9649,153.51387598463,153.2852508866278,158.9052487860351
9650,144.5455207741419,145.6234806892468,140.6186434512567
9651,140.033697721073,144.9442634685547,142.2814362422489
9652,143.5085424648286,154.7844000959758,135.0940939115686
9653,146.5895827925247,142.5251881017381,142.1259847497791
9654,134.041873404786,154.2872366853031,146.9975859635948
9655,140.7586613897932,146.5876466673365,141.270798926782
9656,138.9910294573391,169.8515949796447,161.0616263086739
9657,176.6850842657979,148.9309584082341,130.9511527481754
9658,130.5295832510402,157.9064818004796,156.2817532874791
9659,140.9037117725309,154.4262921961971,154.2013763092567
9660,141.6522375898726,153.952034630823,165.9764381379481
9661,156.2602385458113,148.103460338884,150.4712288040512
9662,140.9425306680104,155.54578784746,144.7460794003795
9663,161.2811614881198,156.4802196463062,146.6516353903115
9664,150.3804603728798,144.1071654819994,155.3766070657989
9665,152.4170371919156,149.9478744302459,161.3679180046001
9666,148.823841866153,155.1791528623209,155.3531595771289
9667,137.6580923467214,149.9859441825745,146.6681804040091
9668,155.1934265041013,146.2124570774796,153.5553217777293
9669,143.706959948562,164.0373086003041,139.5640631883669
9670,136.2396215497014,145.1470166812667,148.0571110988834
9671,136.6100182565958,152.0388896148172,145.9594200201149
9672,144.7152219076885,145.1424126715725,162.2272992845697
9673,132.8539435911185,158.1216634398089,145.7880805451321
9674,143.7327411042464,123.9879127235952,147.9064776690149
9675,186.7331518765119,151.8529447404331,148.3021449860985
9676,132.695886702551,174.1747267585625,150.2828359056075
9677,153.1360894978466,134.8545960559463,153.0609581456555
9678,153.0236412664559,162.9285353170027,147.9381625058602
9679,154.1057526170457,135.2686018127889,149.0112430899113
9680,147.8132925767453,153.2389169331898,157.0304351639264
9681,136.5857375256454,148.0327016695196,145.9266078729889
9682,148.2506851557755,145.5973522775963,145.078675427543
9683,140.6949471710966,154.1196942829809,146.334553956589
9684,152.85418516085,157.5004808022097,152.8716092999796
9685,141.4848215078336,147.8418027847417,158.2840511910063
9686,154.1603684478135,156.7999098707855,158.8410404106014
9687,130.890316958297,144.0449097837896,141.2835423315838
9688,147.0266917979812,151.1286702016837,143.6874298485541
9689,145.158297834863,147.4146132666232,137.9493109426541
9690,153.3754795965477,138.4800477980651,145.5460094944036
9691,138.255049944155,151.0202952445486,139.24907336575
9692,136.7365090474099,152.9993553028002,151.9568094973643
9693,138.5759769064802,150.8197080793634,136.0406516024151
9694,147.5925695465307,140.8140236270299,159.4015723646551
9695,140.1328663790596,146.505354445716,143.6842833746489
9696,145.3056373329088,146.2804617927395,151.0838796358782
9697,152.9443753976656,138.635825885919,146.2817854267658
9698,150.0042273234269,142.4544463724578,155.3915561023817
9699,160.3244781421277,152.1035246256396,145.7249804813003
9700,137.6316623011734,140.9885088418177,139.8947917022793
9701,150.185522476679,147.4876715145777,143.6231331490605
9702,135.1650805335444,152.8130720548938,152.1284990917987
9703,147.6927340707448,145.9178262309649,148.2770608400748
9704,148.2711461308395,136.9629937780813,143.628116355558
9705,142.3555576288787,140.9477386611125,144.5487968433984
9706,149.8050847531768,151.2491053337128,136.3140250250519
9707,141.7430647652361,166.4669804570951,143.3234928102879
9708,141.8563117282249,145.8540955390637,147.6725546534403
9709,156.0238731214342,148.0304563506021,151.1892645571441
9710,162.2983283974395,142.2377633149748,147.8993792153261
9711,139.1103065764672,141.7808874760552,154.7052807347456
9712,140.416200562827,166.4366906321013,142.3777605408535
9713,147.1368996465511,140.4393417903513,163.4152456345368
9714,143.4977106438109,134.6330174850171,171.9539472964988
9715,160.421577211644,141.3402885288535,149.9385717922368
9716,150.1700090507523,156.8105682327688,146.2828466908183
9717,161.3099526292,158.8197609263762,145.5310013112271
9718,151.1260137877488,156.767250029274,149.1593636014588
9719,153.6400917842699,153.6671585986118,149.4120248369812
9720,170.5298231145611,162.2316047320822,160.8228936235411
9721,137.4909892370325,142.3783270829073,130.2688585426467
9722,145.8658671113444,154.1969643592088,152.5818397677778
9723,150.9441672379321,142.1930678601236,157.3971866032419
9724,150.7572639774323,144.4560285849332,159.1902845153593
9725,126.3033253747966,151.1262223453924,135.4991622142751
9726,145.8579017626715,147.9596340049106,139.023505840962
9727,133.0897798313516,140.6355010014962,150.1574340201195
9728,153.3194370554377,142.0755863327133,157.0575280722413
9729,155.5301453506144,142.5022390994012,142.647676778026
9730,154.9418401508773,130.1823243527847,144.6087580725249
9731,152.0792645738717,150.4009038753379,152.7506199789253
9732,151.8871579693345,155.8174721331965,166.2832951630984
9733,148.7255061414749,145.6864035881319,145.8889264498034
9734,147.035482121008,132.9814740334852,150.0443885860812
9735,162.1044523246049,141.9428961043731,159.1711753357236
9736,147.7978594731706,149.71343675913,152.7108454053686
9737,138.2638013113709,150.6235313875398,136.5814331505433
9738,147.628007719736,143.3497804209165,134.0390349747065
9739,142.7497614418754,147.1029392722577,141.7299533035403
9740,144.8988687401045,158.5755564264105,149.3537310395342
9741,149.1382855444662,151.6939604025806,143.0111361428559
9742,153.4263948117092,157.9393048374076,153.3625648158137
9743,141.5470948626511,163.0901070976465,160.7840470918049
9744,148.4611742689852,149.4481544296558,144.6889755329086
9745,139.1643289595007,154.1208155035067,136.1206107287494
9746,157.6752601661951,144.2992823282169,152.2155000550056
9747,136.9645211824638,144.1402634803861,146.4603915638924
9748,141.9557148335359,144.391530249785,138.389014877345
9749,150.7064228840809,135.780098036259,162.9058847342938
9750,145.8606124426933,164.5801370190501,148.0068488996064
9751,139.6407293144273,159.1796131582164,153.614577650403
9752,173.0941288177042,147.5082545296405,146.575146764068
9753,150.6438598428251,145.8830243605445,140.6555054345128
9754,156.6055198865863,146.489337804164,160.657021717697
9755,126.0249799269698,143.3738253384022,147.2371544717211
9756,133.0698265400172,162.1508295058426,145.1185725633715
9757,142.4198552861255,155.1990080120557,142.0240516747335
9758,147.8562378045147,146.893162764325,140.9823170544726
9759,141.6594374172643,147.265600901419,138.0062457007978
9760,146.5463370476937,139.4404171429329,140.6319583211977
9761,158.0856167589536,142.9813126429598,127.5411609396876
9762,140.5542445304667,142.4630707691948,133.778978589447
9763,149.5126846035807,133.7936109108195,141.4409200258721
9764,146.5648327541106,150.2358829320129,140.4827586490733
9765,157.1561678106263,144.3647465151441,147.2071245945584
9766,145.175609955598,150.5336321579066,155.091376295223
9767,151.0756051367272,145.4594503290248,161.9049811407804
9768,139.8814752973283,151.820654730824,148.8138194480055
9769,146.535681810766,146.4432340900636,156.1092429601867
9770,131.7897412211899,159.1657473748074,146.0753622559452
9771,148.1804510924477,140.6149796454749,148.6301818875086
9772,146.086390278163,141.4515340671195,159.1029575375148
9773,143.0318711346308,142.782254661733,143.8070898269427
9774,161.3509053800364,144.6099162987271,149.9631768622451
9775,151.2978355237653,140.3150327501947,142.9715244017581
9776,158.2281270392226,136.2264452594215,147.5937090260365
9777,162.2215218590278,156.7248069598452,168.8372088446175
9778,151.3858844734089,160.5931090089364,150.3408756776916
9779,144.8950016313343,151.2282347372357,159.0381470205721
9780,152.1793547797774,148.4388203104787,147.401815714885
9781,166.5330194734265,139.5756237563724,152.4217693186912
9782,141.0807994655309,137.6097013510606,145.3331166737165
9783,156.6700955983541,141.5281838809676,154.1417509695302
9784,154.5716157993534,145.0739315260774,155.8819861076714
9785,132.8262343194637,127.012021830086,149.6185178519484
9786,143.3531977402779,158.0409768050881,148.5716159697216
9787,141.5569807066223,135.3084452046947,149.4368968970864
9788,152.1434808182792,139.678140183893,162.9628156434715
9789,153.5798248084583,148.4029973367433,165.0870598353148
9790,173.6648573875858,150.8687356133532,145.2257320221775
9791,144.7364702393303,151.0846711609951,155.1827858189324
9792,134.054184710963,167.6829608691234,151.6537297998222
9793,147.8605372334696,150.3389755657066,140.7980884277944
9794,142.150646731277,152.7198581307398,149.8562159143101
9795,150.7884963780771,154.29956102414,145.1637678260173
9796,156.1859517819148,143.6621032477507,125.4376048377106
9797,128.8915724313264,146.4686744936361,145.5664701574601
9798,149.7540982053581,142.9661660399746,150.1347960600758
9799,147.0124523662872,150.8699953401473,145.4497626517731
9800,155.7694756637196,143.6767296666399,138.151757955781
9801,153.8799816028287,147.3081384923678,160.8031481127719
9802,165.6854381210209,159.9075766517831,158.1618394266265
9803,161.6885559632112,156.2750767563901,142.3870769641918
9804,160.0405504348881,157.559587981103,129.4374859328084
9805,147.0411462649921,148.8444636604672,142.5329243694316
9806,139.3634553212924,156.7525622190622,148.9286231752051
9807,147.6708260090626,146.3267832279824,140.1459760735947
9808,142.1942687944015,146.2774136920701,156.3987419219779
9809,152.6478993264594,142.6171621594625,153.7311126105524
9810,135.0452155819773,145.1574049444075,144.1618112337414
9811,145.4551808086756,149.0903074678887,161.8830071224285
9812,152.3893361387824,147.8201350374025,139.1144156981078
9813,154.7512616941563,157.6690110833837,142.4462999607628
9814,138.2450543908331,155.2194270833031,160.6595437552554
9815,130.097181973639,164.9169802513551,159.3631231101327
9816,154.6842933721787,151.7941433244889,143.1293352129336
9817,173.8214342186316,155.5940500944652,151.2478968076115
9818,165.220977907232,172.4949571905677,165.0308873665498
9819,152.734661904874,163.3154893140666,153.8465418333949
9820,155.2877554482781,151.5448137591204,144.9263056191564
9821,131.3616838333645,141.2430802784558,140.4734558402849
9822,138.4616664206038,157.2180938497046,154.6722148173228
9823,137.9593391510055,131.0035247906742,137.5880413401417
9824,144.503253315981,161.2191203069093,156.9165316745441
9825,167.4518169764147,164.0611651650106,141.4345564955683
9826,158.9947483748898,158.6928899829428,146.8222294385087
9827,140.9666901747027,137.2751583739861,142.8189354450283
9828,139.0574978978338,145.3919646089555,158.018401702178
9829,144.2028773745533,141.256700661662,159.1531339062911
9830,139.6089784851397,144.5218374291249,150.6766797261987
9831,157.2336683829877,121.4305414764128,175.3240240317503
9832,141.4522039301498,157.5996472468628,132.7298767881113
9833,136.3543901242518,142.3849782370722,147.181272088337
9834,164.5718553115491,141.6699127887205,159.1484300279728
9835,133.092683489586,167.0234382956677,160.8476752635603
9836,141.1153772842761,140.1898177803457,136.0075263624952
9837,148.1504590505221,134.3445045910741,163.3111209127692
9838,147.6454801982143,144.469427578179,149.810652794354
9839,163.900300742716,135.6692050745705,146.8435536167131
9840,139.167236944749,145.9074567640414,139.1015519723596
9841,152.1937784665905,152.6934008957298,142.6959939555028
9842,139.4931147266882,136.4304667125072,147.1131083579117
9843,154.9478698181545,139.5955957043119,146.0075492577945
9844,142.817261930826,146.2638265201561,158.9031737273674
9845,140.7837220201562,160.9397782691108,155.9599229168577
9846,157.7974835101323,129.9394019613786,138.4755976681634
9847,140.4318739833732,139.3915707333158,154.7662293043057
9848,142.0441498531582,151.2188934614286,146.4027126297379
9849,132.5453314852373,134.1645094676589,148.4412073766497
9850,169.5652997486068,167.646671809802,151.0109053509174
9851,144.8103710642656,147.5647706707645,152.2277004298582
9852,143.2860644886802,143.3510859458642,150.6815304723954
9853,154.798673286583,151.9034795248415,151.7676029137317
9854,144.712985230522,141.6159176372972,151.1558907727296
9855,140.5248054443079,154.6961079315475,154.1372140319969
9856,146.6970020780299,150.6780045480121,151.9259305227737
9857,143.6449910446693,152.8153281930107,145.6775043688983
9858,136.5286410210863,143.8908088490444,154.5036485319005
9859,136.8505136669942,155.8697130946602,151.2806971415719
9860,144.2360571415069,140.4297746051099,131.1580925141585
9861,154.9245223971089,146.9729300188684,165.8669761551424
9862,149.0290816439438,153.0622636928402,162.8142398811484
9863,151.091043218992,144.1726271112035,129.7135946902173
9864,152.9649270411025,136.9793639244702,161.8884666060246
9865,147.04774672952,152.8759829838495,144.3577462334579
9866,153.2661212782847,137.5051890947659,138.5011720038434
9867,148.8315050546564,143.6118326217346,145.1595872557699
9868,141.9254356567778,149.7225611890317,147.6235408614044
9869,141.4612741757057,155.2191330372906,150.0287268742162
9870,136.2519669927603,149.5502955201356,141.7692879487902
9871,157.9238073566645,148.7161561217225,135.7301391199873
9872,177.5664887971832,138.2147167897651,147.9948253931767
9873,139.2816630461971,143.4537109428951,134.7293302551079
9874,136.4157663641766,143.667921612582,154.9968371866167
9875,137.2990451086531,138.1173662336936,148.8489275333283
9876,139.3898241904421,151.5631183863588,137.9944704610778
9877,129.2860711407839,139.590593004265,141.1191521394963
9878,140.3984783927295,142.9438333960671,142.4724027813545
9879,153.7183043220857,145.9036071900462,147.9066582840455
9880,145.6330136658669,159.9518561520466,140.1560061485808
9881,133.1482876103152,143.7127205080621,153.798059484889
9882,161.1329296555568,169.5253650580634,142.6040166752253
9883,157.3158681192982,135.0138761314347,135.4896391691463
9884,147.0486770399752,163.6509815352351,144.8068275627516
9885,156.7866248826208,133.1493190607152,150.3145650807286
9886,129.9966382054541,141.5431553597826,148.656849314753
9887,129.1800073523158,142.1666784223494,150.5122509382941
9888,128.2350958504478,144.4744203435583,145.490014733526
9889,139.604365533022,167.2850867343536,137.0080726703393
9890,139.6772818596176,145.2034255020122,162.7009820963406
9891,143.5478633363479,145.9064712699189,156.1408072171658
9892,142.7387585059791,143.4381371125207,149.106253982805
9893,157.4300623015,145.2892449254903,156.899556884105
9894,150.238612596711,144.8744992784856,173.111281808453
9895,144.714281366717,135.7359304618216,157.084109618947
9896,146.6118182281293,152.8184781871003,146.3588562377907
9897,152.9783366274889,137.0243518661036,148.0148054667483
9898,150.6708042101131,140.9421446630359,144.3419109629269
9899,153.045684290902,160.5239914911591,158.5368207215692
9900,142.6597420419193,148.8134870322896,161.1038860056178
9901,136.0245709242002,148.6239618036395,156.528170487323
9902,143.4843022622696,158.5040527667591,146.3152826228275
9903,148.2939163138554,150.1921502634563,144.8673328188296
9904,149.6614423543898,148.7155838275541,152.059136605119
9905,152.3849493862195,159.7246036600195,151.5643462130299
9906,153.8465928063677,169.6635691103909,126.1043179449183
9907,132.3396416565383,166.9689524210357,163.478141121792
9908,143.5707673466848,142.12582470698,146.1066884057754
9909,136.851030658479,144.474380706004,141.9757637998603
9910,147.9929622271936,157.067079359793,165.9950574968587
9911,149.6822797404075,148.3799856838292,156.0035008937045
9912,157.8861934292228,140.2615611816157,149.8678469196638
9913,151.2440310350564,147.1826796049071,139.499846949398
9914,177.2124990403088,152.5044463693931,150.1516315420338
9915,131.2726476386522,152.9268266346866,147.4494650146459
9916,162.2238330368287,150.9262639223101,147.932384151232
9917,147.0137845857292,151.9773122441235,144.2756291083593
9918,151.704616082432,149.8328624812566,138.6751002734145
9919,157.0305112485704,140.2086655927497,142.3555638649638
9920,136.3231967899357,143.3434419490657,150.1463841111401
9921,150.2881316993428,157.8021514086906,137.2039474699462
9922,143.1682768594703,145.4502019420813,137.2009175700012
9923,150.4259247230315,132.3688157710469,143.9079406376173
9924,151.1050951579742,159.1823367025394,158.2447936291683
9925,159.051029740111,148.5572522705171,131.5073497681041
9926,154.0282594851912,147.2980771554703,144.4375069036209
9927,151.3957894399427,151.0694577684842,144.4587092473862
9928,162.9533356080683,142.9525283018612,147.7367259573719
9929,164.4174011340652,150.6078768216553,158.916551079186
9930,146.6346104248242,148.5010002965523,135.0071750431921
9931,141.4992942805863,150.8661029794034,141.2375723921651
9932,136.2151574910149,149.2055649899438,152.5200633283509
9933,158.6475216006912,147.7812571714201,152.0532260275724
9934,138.2902624462878,153.8229159888352,161.195293301582
9935,148.9523627468571,123.991045548734,134.9684039467415
9936,137.971218438574,148.190198488806,147.4642042677723
9937,157.2925700089797,160.3920144986959,140.3637121686889
9938,145.8262276235272,144.765221094367,144.5591304640761
9939,144.1411716240819,157.1851374607536,153.6070879686439
9940,137.3449290534789,138.3234222159487,144.3725032148794
9941,152.5939855668375,158.8864386473599,156.3637212062233
9942,154.9961215238783,151.8377997392961,142.9862897324799
9943,138.2599514110588,148.0088134046957,146.6436804911278
9944,158.2018372229107,153.3054929644545,144.5499231065846
9945,141.536040705574,152.5266017265151,162.5516215353026
9946,159.6894806795229,161.1602571046832,141.6745189712199
9947,166.0313371219101,147.7189495350891,160.0022184550639
9948,145.0219149625033,123.6499948364803,156.3986560196969
9949,153.7973682626499,136.4317004376632,149.5764859371434
9950,143.1663766150463,131.2879422457242,150.2389701520204
9951,136.3574587198372,122.070174209419,139.3246566073438
9952,142.9631342036493,152.1764267067414,143.4742540902235
9953,134.8177530375814,142.4808004678931,152.795870522876
9954,145.3600447079565,144.374124316441,170.4891211709799
9955,154.5620867398989,141.8020040682168,141.8118912005803
9956,142.6187946998829,154.4262272742067,155.362903618731
9957,135.3862207181278,153.1980169065938,156.8574619672007
9958,139.5521418064151,143.7730777521593,156.4894725818945
9959,160.0125891798287,138.5956289373877,150.1422774019822
9960,151.9032069296815,153.6632322729109,151.6820728887313
9961,132.5329024042572,155.2250076671826,153.3350648277028
9962,135.108946434073,154.6064320401605,145.2377752705321
9963,163.1375017219809,149.2817795609349,149.176300470731
9964,143.6463876592353,154.5469790576091,156.6415340161383
9965,149.0564655232507,147.7756489205867,130.1609128051072
9966,143.6265276039683,153.7803312640958,155.4067148596666
9967,154.4059060764005,146.1936557269113,137.760538543118
9968,144.4011976035657,152.9472445077083,152.8339737213356
9969,151.7080093859229,151.0667419988137,164.2823077845251
9970,138.5811314694006,153.9532813522636,145.063822778892
9971,136.4652752345513,164.7685689649504,147.6657120557781
9972,147.8165537483077,139.4391998768255,136.3028119499242
9973,140.4158875288759,150.6707152416215,144.1439061460683
9974,138.4564622948862,140.7996485325389,150.0448334329367
9975,139.9567753926433,160.7384828165331,144.1938685275234
9976,142.6255888811446,144.1171322569347,135.7034230260765
9977,154.2498611287618,139.3125188069087,162.136266062258
9978,132.7597409245057,155.6195418551719,137.9357657552853
9979,140.4362839197328,144.847881430519,151.6820192750621
9980,152.2506004130439,135.4851389018035,143.3919330109462
9981,150.5494094529631,136.2165471539521,130.7518303231429
9982,145.1592020014356,152.377551808161,141.751886383734
9983,167.9204234240471,149.7825828337029,153.4890019299364
9984,140.3087896345089,142.0354826385732,131.9825594565043
9985,142.8181736931567,137.5964117116877,154.6900641541382
9986,147.9779750781495,149.6915241978353,149.4605428043736
9987,134.6092202814815,140.2103301048932,146.8415286358373
9988,154.6694807218055,140.4857322668462,156.7090842367517
9989,146.9632641179659,160.1109486563718,146.6076329709817
9990,151.2942003508821,162.7996170807563,141.0084523072202
9991,144.8629068754227,160.5661010715074,147.6282017660529
9992,141.8806229767488,142.8864222000192,151.0903577959671
9993,131.9229187566434,141.0068724557351,161.1782940429748
9994,151.4157981654097,130.5296448637332,144.0216119684409
9995,151.4761434374321,150.9425951094804,149.6353452576551
9996,152.8549479344636,159.0674614599223,169.7913550616329
9997,141.7677792653483,144.7783841930503,157.0394701774758
9998,145.4889069918952,148.5250386079015,148.655496638908
9999,150.1105513279071,143.2472976708637,149.073289960445
10000,153.8687595776382,138.8025412548955,132.6672202486068
