term,estimate,std_error,conf_low,conf_high,t_stat,p_value
treated x post,0.14915903959286347,0.09798926014927557,-0.042899910299716654,0.3412179894854436,1.5221978343916112,0.1279595176042004
