term,estimate,std_error,conf_low,conf_high,t_stat,p_value
treated x post,-0.04743481641194247,0.003639516167902413,-0.0545682681010312,-0.04030136472285374,-13.033275365082634,7.913620700743886e-39
