term,estimate,std_error,conf_low,conf_high,t_stat,p_value
treated x post,0.21491745663318237,0.14862329252073456,-0.07638419670745736,0.5062191099738221,1.4460550091985014,0.14816177339507752
