term,estimate,std_error,conf_low,conf_high,t_stat,p_value
beef x post,0.3101717467535403,0.11278137783562404,0.08912024619571718,0.5312232473113634,2.7502035593642744,0.005955825346550444
dairy_cattle x post,0.10047335638695394,0.10010596980786977,-0.09573434443647082,0.2966810572103787,1.0036699767235588,0.315537713040219
lamb_sheep_goat x post,-0.46189601914374745,0.457043410824631,-1.3577011043600242,0.4339090660725293,-1.0106173903926565,0.3121995891725564
mixed_livestock x post,0.8546187384957363,0.44732125500577785,-0.022130921315588248,1.731368398307061,1.910525665686728,0.05606556503025129
pork x post,0.1833274906756492,0.10762316533020376,-0.02761391337155014,0.39426889472284854,1.7034203566971238,0.0884894308133567
