term,estimate,std_error,conf_low,conf_high,t_stat,p_value
beef x post,0.05472712043309988,0.01569515777722331,0.02396461118974219,0.08548962967645757,3.4868792789403775,0.0004886918959950483
dairy_cattle x post,0.034334828551863865,0.004553940344388327,0.025409105476862745,0.043260551626864985,7.539586809513998,4.714628740882998e-14
lamb_sheep_goat x post,-0.08421467041082824,0.03237024445050909,-0.14766034953382606,-0.020768991287830427,-2.6016074898533486,0.009278798225395356
mixed_livestock x post,0.000998846456241089,0.040610870392840864,-0.07859845951372701,0.08059615242620918,0.024595544162904024,0.9803775734688609
pork x post,-0.03590812349534193,0.006699915160767529,-0.04903995721044628,-0.02277628978023757,-5.359489282134188,8.345754484639588e-08
