term,estimate,std_error,p_value,conf_low,conf_high,t_stat
synthetic DiD,0.05023580879595165,0.05257890591890044,0.33935697482338933,-0.05281884680509321,0.1532904643969965,0.9554365561245634
