unit_id,weight
nemlig::poultry,0.1319711144696196
nemlig::sweets_snacks,0.24167720435513415
rema1000::beverages,0.0345283654954021
rema1000::fish_seafood,0.23687816767988265
rema1000::fruit_vegetables,0.08413255145889739
rema1000::grains_bread,0.0
rema1000::pantry_condiments,0.0296966882843559
rema1000::poultry,0.13171016534720456
rema1000::sweets_snacks,0.10940574290950367
